id,zonepolygon
52300,"POLYGON((55.061416916918354 25.0886568719297,54.91048365123232 25.022566166425772,55.041632943224506 24.876885648342004,55.23676901347597 24.96717807509474,55.061416916918354 25.0886568719297))"
52299,"POLYGON((55.28253462049181 25.317758259078946,55.51015760633165 25.17305050658851,55.34913923474962 25.04683444195214,55.157028696266956 25.181653164383977,55.28253462049181 25.317758259078946))"
52298,"POLYGON((55.05430468851781 25.09363662739565,55.264418213908435 24.948040342105738,55.34921893412328 25.046678923164027,55.13498553568578 25.19712865166024,55.05430468851781 25.09363662739565))"
