id,zonepolygon
52476,"POLYGON((115.26223853300505 -8.663479328517457,115.20481780241423 -8.651599949310482,115.13306334684782 -8.674000751010317,115.14782622526579 -8.699115212499734,115.21168425749235 -8.701660503188679,115.25940612028532 -8.701745345913626,115.25914862821989 -8.682188589589376,115.26009276579313 -8.667552172166832,115.26223853300505 -8.663479328517457))"
161320,"POLYGON((115.26171820952538 -8.663161526404675,115.26978629424218 -8.674870842828597,115.2678980190957 -8.70151241898923,115.25931495024804 -8.70151241898923,115.25897162749413 -8.681913226910174,115.25991576506738 -8.668210153226928,115.26171820952538 -8.663161526404675))"
52475,"POLYGON((115.15998178544721 -8.710419357940141,115.13594919267378 -8.776928574988542,115.16375833574018 -8.773196229693736,115.18607431474409 -8.761998968735256,115.21148019853315 -8.750462044070705,115.23722940507612 -8.759963066856844,115.26160532060346 -8.726708426674874,115.28357797685346 -8.701595816041175,115.21079355302534 -8.701595816041175,115.14865213456831 -8.699220211526034,115.15998178544721 -8.710419357940141))"
52474,"POLYGON((115.15816982752911 -8.774015638141314,115.10941799647442 -8.781140976305679,115.07577236659161 -8.832710765045904,115.11868771082989 -8.855439897471276,115.19456203944317 -8.85374374201818,115.23026760584942 -8.830675251940471,115.24503048426739 -8.794373383960354,115.23232754237286 -8.770283263560316,115.22065456874004 -8.75060285035968,115.2014284945213 -8.755353390285165,115.16194637782208 -8.773676332911656,115.1578265047752 -8.771640495021554,115.15816982752911 -8.774015638141314))"
