id,zonepolygon
54078,"POLYGON((5.0465347315419296 52.34391811531358,4.9545242334950546 52.27800979410745,4.7402908350575546 52.29733067684659,4.7491313959706405 52.351677920281574,4.772391512547789 52.42647959392552,4.864573671971617 52.41402145037102,4.8982193018544296 52.383332192522886,4.904914095555601 52.380398313296794,4.911608889256773 52.380398313296794,4.9613906885731796 52.38123658439736,5.0465347315419296 52.34391811531358))"
