id,zonepolygon
62323,"POLYGON((-79.33662798875511 9.07537272348883,-79.54584029191673 8.926891622920325,-79.56749108308495 8.9475164583068,-79.58416369432152 8.973905215830975,-79.50974848741234 9.056768248026756,-79.40580752366722 9.109782101826243,-79.33662798875511 9.07537272348883))"
62322,"POLYGON((-79.71748044984412 9.11932722262191,-79.6912162591703 9.127716960459901,-79.62426832215858 9.03974204940948,-79.63439634339882 9.031689318929342,-79.71748044984412 9.11932722262191))"
62319,"POLYGON((-80.1804282485952 8.389544261213489,-80.16343377227683 8.338381291564056,-80.04275582427879 8.408394314640708,-80.0604798614492 8.434714927168951,-80.1804282485952 8.389544261213489))"
62320,"POLYGON((-79.88692146858318 8.625249623641626,-79.89996773323162 8.613369040172314,-79.89550453743084 8.591643579980554,-79.88142830452068 8.583496211344368,-79.85911232551678 8.617442425139908,-79.87421852668865 8.627625695511213,-79.88692146858318 8.625249623641626))"
62318,"POLYGON((-79.61125978943448 8.912998965860544,-79.58525309082609 8.974215281132514,-79.55134996887784 8.92164787803585,-79.57366594788175 8.88552459345464,-79.61125978943448 8.912998965860544))"
62321,"POLYGON((-80.24175403570462 7.423452739467839,-80.21428821539212 7.409834722895121,-80.11541126226712 7.423452739467839,-79.99593494390774 7.4602192756289245,-80.02889392828274 7.581390717916621,-80.05635974859524 7.648088564717195,-80.21978137945462 7.522851436626768,-80.24175403570462 7.423452739467839))"
