id,zonepolygon
65084,"POLYGON((144.9052387127573 -37.78065414491753,144.9641507515604 -37.78114172395551,144.98598393294162 -37.789769220984795,145.01120742651767 -37.80120599093374,145.07472235742915 -37.834700765207025,145.05343634668696 -37.828735208570464,145.02601149944732 -37.84181801940386,144.9861860599942 -37.85808369779551,144.90790847210357 -37.79951046497616,144.9052387127573 -37.78065414491753))"
65083,"POLYGON((144.9052387127573 -37.78065414491753,144.9641507515604 -37.78114172395551,144.98598393294162 -37.789769220984795,145.01120742651767 -37.80120599093374,145.07472235742915 -37.834700765207025,145.32809454981196 -37.95012050350958,145.50940993694732 -38.02811569009316,145.21003249554107 -38.21609879659411,144.79255202679107 -37.79191423464152,144.9052387127573 -37.78065414491753))"
