id,zonepolygon
65406,"POLYGON((114.02435940866002 22.568024299778788,114.08203763131627 22.57785196177646,114.14263409738072 22.576266902401798,114.13885754708775 22.545513144033457,114.11173504952916 22.53647594280628,114.09113568429478 22.539646957979404,114.06967801217564 22.52394972097908,114.04684704904088 22.507457773194428,114.01714963082799 22.518558339174323,113.86299771432408 22.425127228569455,113.8753573334647 22.552171755786677,114.02435940866002 22.568024299778788))"
