id,zonepolygon
66331,"POLYGON((110.34415107974857 -7.7446665119224045,110.33556801090091 -7.76609800665001,110.32870155582279 -7.79773297614662,110.32320839176029 -7.800794298028593,110.32767158756107 -7.822903179101308,110.35788398990482 -7.828345185576427,110.36269050845951 -7.833447002106966,110.3894696832642 -7.834467357914511,110.40491920718998 -7.83888887085128,110.41041237125248 -7.819842019247708,110.41041237125248 -7.812018953150867,110.4117856622681 -7.783446511332241,110.42929512271732 -7.782766191331174,110.43101173648685 -7.764737309297192,110.40251594791263 -7.75793375645335,110.3894696832642 -7.759634654986477,110.37951332340091 -7.7518104647866,110.3678403497681 -7.751130093545639,110.34415107974857 -7.7446665119224045))"
