id,zonepolygon
80946,"POLYGON ((73.76826093429223 15.488568481400566, 73.85271833175317 15.515035151168343, 73.92206952804223 15.533559801169003, 73.94747541183129 15.436286859367367, 73.77650068038598 15.427682290873394, 73.76826093429223 15.488568481400566))"
80948,"POLYGON ((73.86378757005497 15.239710748808665, 74.0581082487659 15.274157889175425, 74.08900729661747 15.189686109016046, 73.89605990892215 15.157544816391653, 73.86378757005497 15.239710748808665))"
80949,"POLYGON ((73.89587674125104 15.15621830308964, 74.08916745170026 15.1896851149427, 74.1325977800694 15.115537400896411, 73.93965039237409 15.055205942704614, 73.90265736564069 15.100414708680825, 73.89587674125104 15.15621830308964))"
66872,"POLYGON ((73.74840277186502 15.691172288711652, 73.75732916346658 15.692494397592291, 73.80196112147439 15.645554288492603, 73.80951422206033 15.648860282921563, 73.70995062342752 15.596619329969977, 73.65570562831033 15.66737286395769, 73.70995062342752 15.690511231057439, 73.73878973475564 15.694477544842357, 73.74840277186502 15.691172288711652))"
80944,"POLYGON ((73.71029928647056 15.595402752868015, 73.80282476864829 15.644999208956072, 73.83226470003444 15.591854338262154, 73.73559073632657 15.55153606668644, 73.7094982070297 15.593206799114645, 73.71029928647056 15.595402752868015))"
80947,"POLYGON ((73.8373406813912 15.305981661221747, 74.01037534935995 15.345053127615284, 74.05912718041463 15.274851713876147, 73.86411985619588 15.239742189137795, 73.8373406813912 15.305981661221747))"
80945,"POLYGON ((73.73667524093285 15.552082786555792, 73.83211896651879 15.591769284461655, 73.85340497726098 15.51635839562004, 73.7668876432766 15.488568481400566, 73.73667524093285 15.552082786555792))"
80950,"POLYGON ((73.94247705194674 15.052572006470518, 74.13199121210299 15.116218671894641, 74.24083333218732 14.96768541832185, 74.16118245328107 14.960388457809238, 74.01630025113263 14.934515415751157, 73.94247705194674 15.052572006470518))"
66873,"POLYGON ((73.78296391512174 15.427130704646732, 73.94844548250455 15.437059047629345, 74.01024357820768 15.352984088613974, 74.00909915505815 15.346472930401228, 73.84018436013628 15.30673944272364, 73.8305713230269 15.312037677281056, 73.7616778834248 15.399604648287113, 73.78296391512174 15.427130704646732))"
