id,zonepolygon
81549,"POLYGON ((-1.4959672130815083 52.96688099813487, -1.5529587902299458 52.92343638337522, -1.5713265575639301 52.897141561335694, -1.4458420910111958 52.860675100648294, -1.3716843761674458 52.91101562199806, -1.408045286911852 52.95102065133516, -1.4959672130815083 52.96688099813487))"
81548,"POLYGON ((-0.4246319249999715 53.71977647569678, -0.4141605810058309 53.74485876824816, -0.4124439672362996 53.74983282886414, -0.423945279492159 53.75115237876105, -0.3990543798339559 53.76718667231584, -0.3944195226562215 53.77986769401909, -0.3920162633788777 53.79031397708149, -0.3659237340820027 53.79132804081012, -0.3664387182128621 53.80227836710534, -0.340174527539034 53.81383394324395, -0.3188885167968465 53.81636763497957, -0.2792347387206746 53.78301199455729, -0.2526272252929402 53.78027342345663, -0.2466190770995809 53.76536028962397, -0.2452457860839559 53.733994997015174, -0.4246319249999715 53.71977647569678))"
79057,"POLYGON ((-1.3436345012313011 52.83557518113942, -1.3314465434676293 52.83544555419817, -1.3311890514021996 52.844129703921155, -1.3430766017562035 52.844000102512084, -1.3436345012313011 52.83557518113942))"
