id,zonepolygon
83568,"POLYGON ((82.07351716089889 26.788676967989627, 82.17994721460983 26.825448079605593, 82.24380524683639 26.805838303973136, 82.21633942652389 26.75312023063918, 82.15522797632858 26.723072246500823, 82.10098298121139 26.7187790293883, 82.04536469507858 26.767221648058772, 82.07351716089889 26.788676967989627))"
