id,zonepolygon
83636,"POLYGON((116.15669986660156 40.193429354451716,116.65108463222656 40.15145573939044,116.73348209316406 39.88642536771324,116.44783756191406 39.70916694364198,115.98091861660156 39.68380702542351,116.15669986660156 40.193429354451716))"
