id,zonepolygon
87777,"POLYGON ((124.76683624997112 8.59640358151407, 124.79859360470745 8.577562762480243, 124.79344376339886 8.53223913073856, 124.77164276852581 8.5405573546533, 124.73301895871136 8.562455484671869, 124.76683624997112 8.59640358151407))"
87780,"POLYGON ((124.73321485668528 8.666761053964356, 124.76308393627512 8.669985364008896, 124.78642988354075 8.622126978212245, 124.73853635937083 8.61177383372526, 124.73321485668528 8.666761053964356))"
87778,"POLYGON ((124.77759421070317 8.825123181500707, 124.85964834888676 8.830212019799903, 124.84042227466801 8.7246891338342, 124.7569948454688 8.725028483714379, 124.74738180835942 8.781695577675011, 124.77759421070317 8.825123181500707))"
87781,"POLYGON ((124.60387477860526 8.504560983626556, 124.63288555131034 8.492676633091142, 124.64061031327323 8.485885410342831, 124.64026699051932 8.478075355712933, 124.641468620158 8.470944297671675, 124.63391551957206 8.466529766920559, 124.6334005354412 8.451757699857938, 124.63975200638846 8.447682547240454, 124.62910900101737 8.430532475112201, 124.61280117020682 8.444286553841536, 124.59151515946463 8.455663014036675, 124.59443340287284 8.477226427166869, 124.58018550858573 8.492846412120246, 124.60387477860526 8.504560983626556))"
87775,"POLYGON ((124.66033971409314 8.508257904833911, 124.61278951267713 8.522518501149708, 124.60463559727185 8.504607785869762, 124.63270223240369 8.492638547252579, 124.64016950230115 8.485932214864688, 124.64008367161267 8.476763874778037, 124.6418002853822 8.471330681162348, 124.64265859226697 8.462926058645307, 124.68523061375134 8.472264516777495, 124.66806447605603 8.507748587996682, 124.66033971409314 8.508257904833911))"
87776,"POLYGON ((124.71535718540662 8.48062648916781, 124.7223953018617 8.467071190063248, 124.73698651890271 8.467071190063248, 124.76187741856091 8.493727355541063, 124.77080381016248 8.503404613744886, 124.78367841343396 8.508328037302203, 124.7828201065492 8.515967707163306, 124.74677121738904 8.51291185751454, 124.71535718540662 8.48062648916781))"
