id,zonepolygon
92125,"POLYGON((102.5044185886064 17.97171983441223,102.51059839817671 18.009598083170935,102.61290857884077 18.022657661774662,102.67264673802046 17.99914972343353,102.68672297093062 17.943632439191727,102.61290857884077 17.935466661837566,102.59574244114546 17.96257559106303,102.5044185886064 17.97171983441223))"
