id,zonepolygon
92124,"POLYGON((102.17752755033297 19.924214122966532,102.17787087308687 19.92679628502245,102.19915688382906 19.90936587269066,102.1356421743564 19.86013073033275,102.1159011160068 19.87934232758528,102.1789008413486 19.92647351707245,102.17752755033297 19.924214122966532))"
