id,zonepolygon
98688,"POLYGON((-75.16751553320168 39.957723909495854,-75.16757990621804 39.95693441519113,-75.16614224218606 39.956737040190816,-75.16579891943215 39.957625223206215,-75.16749407552956 39.95779792411965,-75.16751553320168 39.957723909495854))"
