id,zonepolygon
98920,"POLYGON((39.115523110006045 -6.823596903684555,39.1750037771203 -6.941913946446113,39.396919022176455 -6.90663921385366,39.31883991775293 -6.816438141664775,39.315241734359454 -6.814456679708855,39.288168857667635 -6.798498155502699,39.28162594405193 -6.808416366131084,39.27728160363812 -6.815058576276544,39.278645004008006 -6.817993477031905,39.28055641320724 -6.8223505197747825,39.288347224567126 -6.820699322420587,39.282324324224184 -6.826089661770393,39.27730054673929 -6.815053249761544,39.29736078796167 -6.784733769036989,39.27688480434198 -6.70533586097636,39.115523110006045 -6.823596903684555))"
