id,zonepolygon
101867,"POLYGON((115.54136961447372 -8.668596899264767,115.56059568869247 -8.698123612373033,115.6007644508995 -8.690317925742933,115.59424131857529 -8.669275700362407,115.54136961447372 -8.668596899264767))"
101866,"POLYGON((115.47313802946654 -8.689183390609475,115.4912483047351 -8.700891895014937,115.50609701384154 -8.667377447996424,115.48858755339232 -8.664153115580586,115.47313802946654 -8.689183390609475))"
