id,zonepolygon
29264,"POLYGON ((106.79086583997272 47.922713374805404, 106.83240789319538 47.83959080396309, 106.88356298352741 47.87345459647804, 107.06827062512897 47.88381664217351, 107.09316152478718 47.918802007850594, 107.06895727063679 47.95284398917038, 106.93918126966022 47.95801732777737, 106.87017339612507 47.95560316755227, 106.79086583997272 47.922713374805404))"
83780,"POLYGON ((106.8132689365909 47.7038485964364, 106.89669636579012 47.66062556525848, 106.92725209088778 47.705234838717175, 106.85034779401278 47.72463835988577, 106.8132689365909 47.7038485964364))"
