id,zonepolygon
8350,"POLYGON ((6.541509884427569 53.17611207289429, 6.640386837552569 53.18475366962501, 6.6465666471228815 53.238210527962195, 6.589575069974444 53.26203899784243, 6.5408232389197565 53.26491395020985, 6.4790251432166315 53.251358911085376, 6.461859005521319 53.19874113522908, 6.541509884427569 53.17611207289429))"
