id,zonepolygon
26925,"POLYGON ((4.311039776855474 51.86952343842712, 4.305203290039068 51.933074323903995, 4.387944073730474 51.96037356896261, 4.426396222167974 51.98321597314387, 4.541066021972662 51.97644906730845, 4.574368329101568 51.87588257285923, 4.4885376406250055 51.83665358366235, 4.452145428710943 51.83283488320281, 4.4075134707031305 51.84429001311418, 4.372151227050787 51.84344158491586, 4.355156750732427 51.8498044066433, 4.340908856445318 51.85998305064236, 4.335415692382818 51.86931145179232, 4.311039776855474 51.86952343842712))"
