id,zonepolygon
88028,"POLYGON ((7.068469526453258 50.716899903468644, 7.119967939539196 50.717334652836676, 7.122714521570446 50.68460849578436, 7.0701861402227895 50.68504354462164, 7.068469526453258 50.716899903468644))"
89101,"POLYGON ((6.857240309910608 50.97723448193175, 6.859611382679773 50.97713315400592, 6.85945045013888 50.97587666935553, 6.8570364620254765 50.97602528759239, 6.857240309910608 50.97723448193175))"
54139,"POLYGON ((6.895803496206976 51.17512121599446, 6.586813017691351 51.17555170099838, 6.581319853628851 51.40100169449475, 6.885503813589788 51.40100169449478, 6.895803496206976 51.17512121599446))"
54624,"POLYGON ((6.127537626364119 51.393989049682126, 6.2174881878875565 51.393989049682126, 6.2216080609344315 51.352518658001316, 6.125649351217635 51.35155378330784, 6.127537626364119 51.393989049682126))"
90072,"POLYGON ((6.110715355174117 51.6403246487669, 6.225041832224898 51.64160301924701, 6.230191673533492 51.59875798683057, 6.136464561717085 51.58681385657016, 6.100072349803023 51.607500805090126, 6.110715355174117 51.6403246487669))"
90073,"POLYGON ((7.574506000943924 52.00870264272837, 7.725568012662674 52.012083786958506, 7.735181049772049 51.89867633325341, 7.575879291959549 51.86731178472316, 7.548413471647049 51.95372323595402, 7.546696857877517 51.96958960561996, 7.555966572232986 51.981221374324484, 7.574506000943924 52.00870264272837))"
