id,zonepolygon
68765,"POLYGON ((9.260102630958004 49.7098264287241, 9.256283165320797 49.70394273485265, 9.24920213352148 49.69905761742487, 9.254008652076168 49.69750315887732, 9.265338302955074 49.70824456220649, 9.260102630958004 49.7098264287241))"
68915,"POLYGON ((6.9441408444954345 50.941177517250104, 6.947853021772046 50.9412518819403, 6.947895937116284 50.9393318827417, 6.944022827298779 50.93923723284334, 6.9441408444954345 50.941177517250104))"
93005,"POLYGON ((8.276468179965377 49.06418825061155, 8.273464105868698 49.0531644990934, 8.277841470981002 49.043769883713196, 8.30135907962358 49.03724323788113, 8.314920328402877 49.0631197286549, 8.276468179965377 49.06418825061155))"
8435,"POLYGON ((6.762524693750038 51.10770302730486, 7.082501500390663 51.0438537864741, 7.208844273828163 50.90636604994221, 7.071525559955262 50.80930771259822, 6.928703294330262 50.81798477926497, 6.783134446674012 50.935832892640526, 6.762524693750038 51.10770302730486))"
93004,"POLYGON ((8.3585051578613 49.027949760157284, 8.426311401757784 49.02761208865885, 8.425968079003878 48.99541021606167, 8.37721624794919 48.99327019298772, 8.3585051578613 49.027949760157284))"
29335,"POLYGON ((8.606566009995698 50.05776965681212, 8.59626632737851 50.03814841526566, 8.592833099839448 50.02932726690629, 8.592833099839448 50.02138684786965, 8.517302093980073 50.021607432789764, 8.510435638901948 50.0560062778119, 8.529661713120698 50.06724670861279, 8.487990913865326 50.08453182247232, 8.482497749802826 50.097527486123994, 8.607896385667084 50.14439236442735, 8.708833275315522 50.1104972640847, 8.65321498918271 50.060711634634934, 8.629890499589203 50.054832234420275, 8.606566009995698 50.05776965681212))"
