id,zonepolygon
29341,"POLYGON ((-6.745165228687795 62.021833799789746, -6.765592932545217 62.024249675028905, -6.7678245304456075 62.022236458980146, -6.776235937916311 62.02167273462198, -6.789282202564748 62.0306910715298, -6.80771434291509 62.0348329113609, -6.813550829731496 62.03273989202606, -6.800440192066701 62.02046471869596, -6.797006964527639 62.01692092872069, -6.811598181568654 62.01160447017584, -6.806684374653371 62.009062650973476, -6.845823168598684 62.00487292247683, -6.84891307338384 61.99890962274787, -6.827283739887746 61.99600813589802, -6.759305834614309 61.995846934082344, -6.745165228687795 62.021833799789746))"
