id,zonepolygon
103211,"POLYGON ((6.716770193504966 51.339998908080986, 6.735309622215904 51.31640081446278, 6.702350637840904 51.27088659152404, 6.717456839012779 51.260145528920496, 6.732563040184654 51.20210040616028, 6.885608671198464 51.12723851134286, 6.924060819635964 51.14274952714954, 6.894535062800027 51.16213097010399, 6.858142850885964 51.25461886957615, 6.8061389933227145 51.28795822021596, 6.807946207607496 51.299467213736904, 6.813873294939152 51.30839794562604, 6.79432297727359 51.34067210909565, 6.716770193504966 51.339998908080986))"
103213,"POLYGON ((6.093015108923501 50.81526763010232, 6.112927828650063 50.80659005861108, 6.171636019568032 50.80333555368987, 6.204251681189126 50.70450781099118, 6.138333712439126 50.69406985762103, 6.018170748571938 50.7553595693515, 6.026925478796548 50.774577580330856, 6.030187044958657 50.8137491714597, 6.032075320105141 50.82643762962775, 6.093015108923501 50.81526763010232))"
26935,"POLYGON ((6.940545724887941 50.95852713345456, 6.929902719516847 50.956148288665226, 6.915826486606691 50.95052508050531, 6.907930063266847 50.938411244266796, 6.909303354282472 50.92780904810459, 6.923207925815675 50.911143570695906, 6.934623407383058 50.90800459864785, 6.9439789524270035 50.905081917142205, 6.959771799106691 50.90313336086284, 6.9686981907082535 50.902916849575334, 6.9769379368020035 50.90659740453199, 7.002687143344972 50.89728720268909, 7.016892122287843 50.89544659357216, 7.033843683261964 50.89620450025427, 7.044272111911867 50.89393074320398, 7.085599588413332 50.85916092375731, 7.201814340610597 50.8403028888189, 7.095555948276613 50.94868657641415, 7.0642277469826675 50.96950068130623, 7.027406381626222 50.974310926851935, 7.0167633762551285 50.973230016195245, 6.984491037387941 50.96933852951815, 6.955995248813722 50.96263576034594, 6.940545724887941 50.95852713345456))"
103212,"POLYGON ((7.030706029528693 50.71543102038437, 7.025899510974005 50.71977846884217, 7.034139257067755 50.76627092703236, 7.14537582933338 50.77321910305224, 7.203740697497443 50.742378700355665, 7.207173925036505 50.65191234048809, 7.19206772386463 50.64581698997441, 7.030706029528693 50.71543102038437))"
103214,"POLYGON ((8.48906642232242 51.18938933153326, 8.526145279744295 51.21606354265148, 8.559104264119295 51.197565328088146, 8.523055374959139 51.173463490469274, 8.48906642232242 51.18938933153326))"
