id,zonepolygon
26935,"POLYGON ((6.940545724887941 50.95852713345456, 6.929902719516847 50.956148288665226, 6.915826486606691 50.95052508050531, 6.907930063266847 50.938411244266796, 6.909303354282472 50.92780904810459, 6.923207925815675 50.911143570695906, 6.934623407383058 50.90800459864785, 6.9439789524270035 50.905081917142205, 6.959771799106691 50.90313336086284, 6.9686981907082535 50.902916849575334, 6.9769379368020035 50.90659740453199, 7.002687143344972 50.89728720268909, 7.016892122287843 50.89544659357216, 7.033843683261964 50.89620450025427, 7.044272111911867 50.89393074320398, 7.085599588413332 50.85916092375731, 7.201814340610597 50.8403028888189, 7.095555948276613 50.94868657641415, 7.0642277469826675 50.96950068130623, 7.027406381626222 50.974310926851935, 7.0167633762551285 50.973230016195245, 6.984491037387941 50.96933852951815, 6.955995248813722 50.96263576034594, 6.940545724887941 50.95852713345456))"
