id,zonepolygon
27619,"POLYGON ((8.50319431508793 50.02173994446905, 8.592801553857461 50.019754649201374, 8.605847818505898 50.05724081101124, 8.602757913720742 50.057902068716636, 8.577695352685586 50.05558762687537, 8.55263279165043 50.05128908154349, 8.520703775537148 50.03783986359748, 8.509374124658242 50.02747478106518, 8.504567606103555 50.02328400629084, 8.50319431508793 50.02173994446905))"
27618,"POLYGON ((8.582318840501069 50.090061261060825, 8.628581581589936 50.089180173207566, 8.667291222092866 50.09909147761467, 8.688577232835053 50.08851934668714, 8.727716026780366 50.097990322808116, 8.77406459855771 50.13585550967774, 8.727716026780366 50.17171174486909, 8.697246132371186 50.16033085327444, 8.68164640474057 50.15929984155659, 8.671539841172455 50.162007918165536, 8.65568262147641 50.16955398208834, 8.646348534104584 50.17577961860927, 8.658300457474946 50.187019441769785, 8.651916800019501 50.19390218403658, 8.644846497056244 50.20034441105005, 8.622294483659028 50.18795368453433, 8.618571577546357 50.183296028025815, 8.61347538041806 50.17446034615268, 8.589871941087006 50.13519532696732, 8.48438602494931 50.097880205935425, 8.48666053819394 50.08350778235725, 8.517087517258881 50.07397885786646, 8.529962120530366 50.07662291115219, 8.5510764698956 50.07838553234205, 8.563178596970795 50.08405852933987, 8.569100914475678 50.08929031007511, 8.582318840501069 50.090061261060825))"
