id,zonepolygon
8644,"POLYGON ((8.773764825623516 53.120603986863905, 8.7236397035532 53.12163417042807, 8.722781396668434 53.0445598784812, 8.794364190857891 53.04471468081826, 8.898047662537575 53.045333884607246, 8.900107599061013 53.120397947188415, 8.818396783631325 53.120603986863905, 8.773764825623516 53.120603986863905))"
