id,zonepolygon
32191,"POLYGON ((7.446625654477166 51.52103963042623, 7.6284579680147635 51.52533862579735, 7.6298312590303885 51.51807549042033, 7.447870199460076 51.49745469314267, 7.446625654477166 51.52103963042623))"
83276,"POLYGON ((6.742557558662123 51.29061376903501, 6.798862490302748 51.300918400800605, 6.807102236396498 51.28138057225672, 6.815685305244155 51.2747229299901, 6.840061220771498 51.2747229299901, 6.865428945946372 51.24102022616287, 6.894878385553933 51.14813407786227, 6.860546110163308 51.1455495719131, 6.802867887507058 51.17483216555002, 6.723217008600808 51.23248170747834, 6.742557558662123 51.29061376903501))"
