id,zonepolygon
8657,"POLYGON ((13.691323438904742 51.12347006988259, 13.618195692322711 51.12390103695179, 13.61922566058443 51.00588166602912, 13.738787809632282 51.00550360740502, 13.794449011109332 51.00512554569966, 13.82573429705904 51.00499052291537, 13.879550138733844 51.005071536633096, 13.88015095355318 51.047557225495595, 13.873284498475055 51.08941096454731, 13.795350233338336 51.11959118532198, 13.753636518738727 51.12303909879264, 13.71260944964693 51.12347006988259, 13.691323438904742 51.12347006988259))"
