id,zonepolygon
27978,"POLYGON ((12.39380378430297 51.40365887564178, 12.435689160279532 51.391342159193904, 12.466588208131094 51.369163711614036, 12.443757250235018 51.323939241228196, 12.374234397807692 51.30142902699707, 12.281537254253005 51.328467380976086, 12.223172386088942 51.42490288565813, 12.346940233633456 51.41256908119884, 12.39380378430297 51.40365887564178))"
98342,"POLYGON ((12.008078625972303 51.41055751429764, 12.075369885737928 51.483308043773775, 11.937354138667615 51.538008439382395, 11.865256360347303 51.470050411295205, 12.008078625972303 51.41055751429764))"
