id,zonepolygon
66492,"POLYGON ((9.793957361819627 52.35097638123868, 9.811080584170702 52.33417022322278, 9.824792037964505 52.31481396844104, 9.794636857825969 52.31083616367242, 9.757221827151659 52.34048966851224, 9.793957361819627 52.35097638123868))"
26848,"POLYGON ((9.760226201585652 52.46865035292019, 9.64967627482784 52.46389191841723, 9.676502096440144 52.369892877998204, 9.766953950926123 52.38509450958479, 9.760226201585652 52.46865035292019))"
