id,zonepolygon
62605,"POLYGON ((9.074647550439563 48.81928973744339, 9.08597720131847 48.804593937373824, 9.08494723305675 48.78175037790701, 9.067094449853625 48.72561513231666, 9.098680143213 48.7124776778576, 9.108293180322375 48.71066534590105, 9.112069730615344 48.69299168817012, 9.160821561670032 48.68483252219822, 9.192922239160266 48.68086578342256, 9.217641477441516 48.68471919114012, 9.222362165307727 48.7151394220683, 9.23326266274425 48.73286191434287, 9.277036313867297 48.76206491364729, 9.26175845131847 48.798770948414095, 9.256522779321399 48.81134888809785, 9.236223821496692 48.844220347981185, 9.236180906152454 48.84714340854254, 9.158418302392688 48.846635062440264, 9.119279508447375 48.81595529909975, 9.105804090356555 48.82201646495338, 9.098851804589954 48.82711631870948, 9.09421694741222 48.830534766682824, 9.074647550439563 48.81928973744339))"
