id,zonepolygon
157367,"POLYGON ((10.994035120998591 49.51312096510275, 11.08570229629156 49.514904216608876, 11.161233302150935 49.47476533089149, 11.210385683403432 49.42633481241793, 11.193734529838979 49.40768523826495, 11.197253588066518 49.39668201699593, 11.157127741203725 49.3900621404278, 11.13554132305187 49.378524105362814, 11.107217195854604 49.35471310951268, 11.060696962700307 49.33514145512515, 11.026708010063588 49.375171141667245, 11.031514528618276 49.38657028497959, 11.024304750786245 49.40310551677665, 11.001645449028432 49.417848459753856, 10.994035120998591 49.51312096510275))"
