id,zonepolygon
26852,"POLYGON ((11.091372036785216 49.42996762354604, 11.063242886540054 49.432732251990174, 11.038289471768564 49.43449202608083, 11.036332442312116 49.44085466654426, 11.03677867213297 49.44621202310921, 11.040932697936787 49.45672970916758, 10.99808565921243 49.50117523057967, 11.122535849573314 49.504271065266785, 11.136479700015203 49.47137252765011, 11.118151211589904 49.43621932341752, 11.091372036785216 49.42996762354604))"
