id,zonepolygon
28164,"POLYGON ((-6.9860196980599065 38.901431448105356, -6.983616438782563 38.89728998781745, -6.9805265339974065 38.89996192532859, -6.96971186724936 38.89288107112747, -6.970055190003266 38.885933131811164, -6.963017073548188 38.883661542711096, -6.942589369690766 38.8832606665069, -6.941216078675141 38.879919943512576, -6.950142470276703 38.87497538523206, -6.945679274475922 38.86896126962497, -6.953404036438813 38.86441693368661, -6.970226851380219 38.86067432127444, -6.982071486389985 38.863213972609586, -7.000610915100922 38.88259253447361, -6.9860196980599065 38.901431448105356))"
8875,"POLYGON ((-6.440977544565385 39.4947328206186, -6.380552739877885 39.497117206889264, -6.326651067514604 39.486784275727956, -6.284079046030229 39.46478856704457, -6.273779363413041 39.4425207693787, -6.2906021783544475 39.41043201921838, -6.349310369272416 39.42926274661971, -6.3688797662450725 39.41838928523217, -6.404242009897416 39.423163208889775, -6.44235083558101 39.4512696821503, -6.450247258920854 39.47856982474099, -6.440977544565385 39.4947328206186))"
