id,zonepolygon
60764,"POLYGON ((-3.2012237533551513 42.420802879179334, -3.2040132507306396 42.4144347640125, -3.178264044187671 42.4163357616219, -3.181311033628589 42.42862748829965, -3.191696546934253 42.43211181773359, -3.2012237533551513 42.420802879179334))"
60762,"POLYGON ((-2.7593838795021752 42.86851192888886, -2.718013487656472 42.913411014291526, -2.5973355396584252 42.88524285930177, -2.5892674549416284 42.836421143203154, -2.6742398365334252 42.813632859753135, -2.7662503345803002 42.82282472518156, -2.7750050648049096 42.84466566194099, -2.7593838795021752 42.86851192888886))"
60761,"POLYGON ((-3.7392122427277874 42.343559011899416, -3.725136009817631 42.35504044259318, -3.707283226614506 42.35992417228458, -3.649862496023686 42.380596536955366, -3.6073763052277874 42.3688661220154, -3.6066467443757366 42.35152011633771, -3.667715279226811 42.335945857584186, -3.6986143270783733 42.32484168860667, -3.722990242605717 42.3281414178046, -3.7392122427277874 42.343559011899416))"
60763,"POLYGON ((-4.797093349965409 41.62086336671191, -4.7306603970845496 41.68743044533034, -4.6825952115376746 41.66345370366499, -4.680535275014237 41.62753600157494, -4.709031063588456 41.60648919251302, -4.7567529263814246 41.593909162515395, -4.797093349965409 41.62086336671191))"
