id,zonepolygon
27361,"POLYGON ((-4.809032905807049 37.89500753011744, -4.752556312789471 37.90977167404113, -4.742771614303143 37.88972422705416, -4.755295141945899 37.882326092138584, -4.772461279641211 37.858476382327474, -4.791515692483008 37.84478641502524, -4.854687079201758 37.83001393990509, -4.858978613625586 37.83258999025272, -4.841812475930274 37.856177004481076, -4.806793555031836 37.87325254638336, -4.809032905807049 37.89500753011744))"
