id,zonepolygon
29003,"POLYGON((-77.311573141589 25.085881401693968,-77.29329120494349 25.088524348297337,-77.2884846863888 25.077097080894013,-77.2939778504513 25.0749980790901,-77.31929790355188 25.07841865616235,-77.31974851466639 25.078129107286518,-77.34283696986658 25.0832598058475,-77.3532416568595 25.086796753114985,-77.35169670446692 25.08854575520303,-77.33350059850989 25.08807935709024,-77.3272349582511 25.0907222562264,-77.311573141589 25.085881401693968))"
28234,"POLYGON((-77.38397300031863 25.072527720291756,-77.3866337516614 25.080224039596395,-77.37022341225823 25.086784079759454,-77.35889376137932 25.085695799066038,-77.35065401528557 25.083208264001563,-77.34275759194573 25.083208264001563,-77.3355478141137 25.08165352891491,-77.30087221596916 25.073724072840694,-77.29151667092522 25.057630363107883,-77.30653704140862 25.037879637977063,-77.31893426369089 25.014340482135204,-77.38761127451221 25.016355356418973,-77.38658130625049 25.053794677779162,-77.38397300031863 25.072527720291756))"
110178,"POLYGON((-77.28698911084985 25.062717204288248,-77.30537110881768 25.04093661140503,-77.31330109449175 25.02562480201515,-77.31748177071552 25.017492012867788,-77.2959382679079 25.0091014305281,-77.25439621468524 25.02496819004,-77.25130630990009 25.04021079177696,-77.28698911084985 25.062717204288248))"
110180,"POLYGON((-77.46603144834393 25.031245288539775,-77.44457377622483 25.0356780544884,-77.44285716245525 25.014018195408372,-77.43554009626263 24.995894084698755,-77.44126929471844 24.97543318582633,-77.4741853637492 24.979089946131772,-77.48107566927087 24.993723562560163,-77.50362528989666 25.021368199028842,-77.46603144834393 25.031245288539775))"
110179,"POLYGON((-77.49988548676731 25.016502444228717,-77.49237530152561 25.007479798579983,-77.48083107392551 24.993983483789307,-77.52563469331028 24.994761409626584,-77.55584709565403 25.003473842568873,-77.55945198457005 25.034195793743546,-77.52165630500812 25.041448711313034,-77.50271789948704 25.019924653634625,-77.49988548676731 25.016502444228717))"
110177,"POLYGON((-77.38707365330146 25.072851328243797,-77.4052912169306 25.08074197192982,-77.4324137144892 25.082452192174223,-77.53489555653026 25.05697132455271,-77.50337023420012 25.021301821177747,-77.40090984983122 25.047042821397966,-77.38752026242888 25.05114455124734,-77.38329710300849 25.071451949187747,-77.38707365330146 25.072851328243797))"
