id,zonepolygon
88272,"POLYGON ((-17.878411714138476 28.508570859534725, -17.870193425716845 28.50858971537069, -17.869871560635058 28.49850136171979, -17.87755340725371 28.498425931143807, -17.878411714138476 28.508570859534725))"
88271,"POLYGON ((-17.76011172321408 28.661948346249627, -17.758454118042877 28.655777171545267, -17.75463465240567 28.647567204487014, -17.746351990967682 28.612761861533592, -17.75738123443692 28.612121395376445, -17.773689065247467 28.660409116999872, -17.76011172321408 28.661948346249627))"
88270,"POLYGON ((-17.760124319488504 28.661951537145004, -17.7626992401428 28.669294337799847, -17.76201259463499 28.68010049824693, -17.75673400729368 28.688910270986096, -17.76621829837034 28.693879559396052, -17.775015943939188 28.6861620026214, -17.77821313708494 28.678199146645834, -17.779039257461527 28.669435540462704, -17.7736855682678 28.660369943516056, -17.760124319488504 28.661951537145004))"
88274,"POLYGON ((-17.95341221076125 28.651165833079713, -17.92268482428664 28.679558065883132, -17.88371769171828 28.667509251411598, -17.882601892768086 28.651241154215167, -17.898652231513204 28.63112849016249, -17.939593469916524 28.618697388351286, -17.95341221076125 28.651165833079713))"
88273,"POLYGON ((-17.81295764589125 28.845227804873684, -17.813043476579725 28.81861020588915, -17.763347507951796 28.81868540643309, -17.767295719621718 28.841243117425662, -17.802142979143202 28.848911625411173, -17.81295764589125 28.845227804873684))"
