id,zonepolygon
30530,"POLYGON ((-2.4694770510488318 42.484860273068925, -2.4965995486074255 42.45675038529069, -2.4869865114980505 42.43787675931553, -2.4584907229238318 42.42799433861739, -2.4069923098378943 42.43204885356315, -2.3850196535878943 42.46789455377701, -2.417635315208988 42.48524004996472, -2.43780552700098 42.4872021938653, -2.453512542992191 42.49359455838242, -2.4694770510488318 42.484860273068925))"
27852,"POLYGON ((-1.6528841402825578 42.82329187066572, -1.6303964999016984 42.82222166333978, -1.6282507326897844 42.81170746533061, -1.6406103518304094 42.80301773713116, -1.65108169582455 42.801380405302304, -1.6658445742425187 42.806733060167055, -1.6708227541741594 42.81435192291719, -1.6528841402825578 42.82329187066572))"
