id,zonepolygon
232186,"POLYGON((8.968187441196482 46.00769178000975,8.968391289081614 46.00569465093668,8.971942533817332 46.00526242694505,8.971663584079783 46.00756509859094,8.968176712360423 46.00774394286258,8.968187441196482 46.00769178000975))"
232185,"POLYGON((8.943182968967491 45.994602847924014,8.943880343311363 45.99233690630536,8.946541094654137 45.993231368027374,8.946294331424767 45.99534820317764,8.943182968967491 45.994602847924014))"
