id,zonepolygon
88213,"POLYGON ((-5.693380701126569 40.964195573461254, -5.702607500137799 40.96239700433664, -5.705439912857526 40.95811912949925, -5.709130632462018 40.95487813064438, -5.7078431721348695 40.94794185848206, -5.704152452530377 40.94547833414277, -5.694539415421002 40.94489485439079, -5.6886170979161195 40.94463552840181, -5.681407320084088 40.939902650228824, -5.676686632217877 40.93964330463731, -5.668361055435651 40.94145870239358, -5.650594102921002 40.94314438420326, -5.645272600235455 40.94593214816349, -5.644972192825787 40.960906261247196, -5.65439747530412 40.95696049068342, -5.661816465439313 40.95454186790232, -5.666944849075787 40.95789226475889, -5.674843954624646 40.96108855500801, -5.682763176741116 40.964269500084875, -5.68689176696729 40.96296868322636, -5.691001581730359 40.96167594259018, -5.693139302315228 40.9631605920358, -5.693380701126569 40.964195573461254))"
28165,"POLYGON ((-5.671343259140853 40.981636409698446, -5.675634793564681 40.98196038533867, -5.683359555527572 40.97800777380247, -5.686621121689681 40.9738605169117, -5.694517545029525 40.969259348734276, -5.6931442540139 40.96316716765948, -5.690998486801986 40.96167644196597, -5.682758740708236 40.96426898674809, -5.666965894028548 40.95791707113685, -5.661816052719955 40.95454641870059, -5.65443461351097 40.95694478521208, -5.644993237778548 40.96089865867223, -5.64670985154808 40.96465785968155, -5.6437916081398765 40.966083707499436, -5.643534116074447 40.97172198569795, -5.65168803147972 40.979692522437325, -5.6596702855080405 40.98332106564911, -5.669025830551986 40.98338585924939, -5.671343259140853 40.981636409698446))"
