id,zonepolygon
9528,"POLYGON ((-4.740255882812562 41.686839913329344, -4.700087120605525 41.69042927779053, -4.66850142724615 41.67889132221804, -4.6777711416016245 41.63862047659761, -4.712790062500062 41.6067964061189, -4.7601686025391245 41.601662020644746, -4.7958741689453745 41.62835636350177, -4.7876344228516245 41.66016979382722, -4.7656617666016245 41.679147743708754, -4.740255882812562 41.686839913329344))"
9529,"POLYGON ((-4.721315503120422 41.762861360368106, -4.690759778022766 41.773360074420786, -4.678400158882141 41.76337353262162, -4.680460095405579 41.747494291778935, -4.704836010932922 41.74313962010849, -4.722688794136047 41.74877502135505, -4.721315503120422 41.762861360368106))"
