id,zonepolygon
65969,"POLYGON ((-8.869523925618038 42.4151463408328, -8.8619708250321 42.38465948994978, -8.788156432942257 42.38250393373537, -8.757085723713741 42.39080875827497, -8.759488982991085 42.41806114719849, -8.869523925618038 42.4151463408328))"
61648,"POLYGON ((-8.828255408704866 42.1458792560724, -8.79718469947635 42.15173369970456, -8.798901313245882 42.13786033515035, -8.825508826673616 42.136396454261245, -8.828255408704866 42.1458792560724))"
65968,"POLYGON ((-8.659456348817827 42.423175359741464, -8.654306507509233 42.42764199003822, -8.65486440698433 42.430904646482794, -8.650014973085405 42.436130878122476, -8.647311306398393 42.43679600361358, -8.647053814332963 42.444935300867556, -8.631990528505327 42.44577450679441, -8.617785549562456 42.44053324414027, -8.626111126344682 42.41835991247857, -8.640530682008745 42.41604709911257, -8.652804470460893 42.415476803255224, -8.659456348817827 42.423175359741464))"
27035,"POLYGON ((-8.623040628008653 42.24847172150354, -8.622697305254746 42.20426369922808, -8.786805581621934 42.20589290234439, -8.776371788554002 42.23452425385923, -8.751518439822007 42.25602795946934, -8.695862602762986 42.26800371467996, -8.623040628008653 42.24847172150354))"
61089,"POLYGON ((-8.86586549166258 42.12044283391647, -8.854192518029768 42.13136022844452, -8.836854718957502 42.12308482496279, -8.828572057519514 42.114203478077656, -8.835696004663069 42.10248710972353, -8.86586549166258 42.12044283391647))"
