id,zonepolygon
27853,"POLYGON ((-1.6898342464330285 42.82152916637469, -1.6970440242650597 42.801758254954905, -1.6652866695287316 42.792941161814724, -1.6484638545873254 42.79571238360597, -1.6409107540013879 42.79029578888991, -1.5959354732396691 42.81649259147784, -1.6161915157201379 42.83512586934854, -1.6216846797826379 42.83776932538745, -1.6670032832982629 42.84028679743462, -1.6898342464330285 42.82152916637469))"
9539,"POLYGON ((-0.8220717128906472 41.67822138357616, -0.9415480312500222 41.68027274824865, -0.9758803066406472 41.638206703458145, -0.9731337246093972 41.6207566267077, -0.9319349941406472 41.611516438574164, -0.8811232265625222 41.60432871037989, -0.8454176601562722 41.618703365969374, -0.8179518398437722 41.651547692609896, -0.8220717128906472 41.67822138357616))"
