id,zonepolygon
81014,"POLYGON ((11.74701465147641 46.562863234530795, 11.75079120176938 46.54928840805477, 11.770360598742036 46.54539239601891, 11.78375018614438 46.5614468895845, 11.74701465147641 46.562863234530795))"
27046,"POLYGON ((9.695537264526353 45.70398801549564, 9.697168047607407 45.70069115289463, 9.693391497314439 45.694936163258745, 9.73304527539061 45.6666321822996, 9.71107261914061 45.64431458325548, 9.660947497070298 45.65271467275973, 9.647557909667954 45.68678211273988, 9.648651318091076 45.693412690297905, 9.65325445518813 45.70484481823324, 9.660362542291322 45.698601865376254, 9.66889476577454 45.70186447112123, 9.67316087751617 45.70397523427917, 9.676654513061509 45.70566634359371, 9.67214840191649 45.70914272008186, 9.659831698120103 45.71693381305483, 9.66339367169188 45.71888141658946, 9.684057409942612 45.71374259284078, 9.69035523670958 45.71009419061562, 9.69461994904326 45.706531711830834, 9.695537264526353 45.70398801549564))"
55126,"POLYGON ((9.653369506415034 45.70495901527831, 9.66045053821435 45.69869491890908, 9.668647368963862 45.70190198415524, 9.67645796161523 45.70567829242538, 9.66645868640771 45.7127806573184, 9.653369506415034 45.70495901527831))"
10064,"POLYGON ((9.210581365234377 45.54372876964411, 9.238390508300784 45.537250591367844, 9.270491185791018 45.506581179522406, 9.292463842041018 45.45350167901306, 9.252376556396484 45.42062422307843, 9.199595037109377 45.410013891767946, 9.151873174316409 45.41760558683076, 9.11916732788086 45.42869637914953, 9.102263036376955 45.455187511049026, 9.095224919921877 45.4833575287754, 9.094023290283205 45.50874662760114, 9.157709661132815 45.53266692924259, 9.182428899414065 45.54108374491257, 9.210581365234377 45.54372876964411))"
