id,zonepolygon
10321,"POLYGON ((13.770310632124392 45.66552297394125, 13.764817468061892 45.65976436567912, 13.74765133036658 45.643925138775856, 13.75589107646033 45.62520027719289, 13.781983605757205 45.607429881374294, 13.820435754194705 45.61463477462395, 13.83554195536658 45.642004928092746, 13.793656579390017 45.674639558976715, 13.770310632124392 45.66552297394125))"
27720,"POLYGON ((13.705914899847738 45.5976896657037, 13.699820920965902 45.582824070009465, 13.742993757269613 45.570868674909896, 13.7498172970035 45.58597770719372, 13.705914899847738 45.5976896657037))"
77855,"POLYGON ((12.293462765853516 45.540043245949505, 12.39371300999414 45.51382624439569, 12.332258237044922 45.48133870756819, 12.301015866439453 45.472672198801355, 12.280759823958984 45.46544908997307, 12.23990441624414 45.47700561979719, 12.230634701888672 45.44979584541276, 12.187032712142578 45.45605766467795, 12.192869198958984 45.513345084338425, 12.293462765853516 45.540043245949505))"
