id,zonepolygon
21673,"POLYGON ((-2.0709228515625 57.17534202276799, -2.10662841796875 57.178691759769315, -2.1334075927734375 57.17608643500675, -2.165679931640625 57.16082298702525, -2.1649932861328125 57.13623931917744, -2.1368408203125 57.1168588617891, -2.118988037109375 57.10940213852767, -2.0716094970703125 57.11872280810474, -2.0489501953125 57.1250595240122, -2.0413970947265625 57.14331811010724, -2.0709228515625 57.17534202276799))"
