id,zonepolygon
164929,"POLYGON((0.08577938531248552 49.502429110063154,0.07384891961424334 49.52432995058715,0.09350414727537615 49.53964913474695,0.10157223199217302 49.54198836934812,0.11573429559080584 49.53185087729582,0.19075031731932146 49.519872559133624,0.19469852898924334 49.509005965122434,0.17375584100096209 49.47789744870862,0.14912243340818865 49.47103753553964,0.12354488824217302 49.47360314399055,0.10388966058104021 49.48129916307696,0.08577938531248552 49.502429110063154))"
