id,zonepolygon
32160,"POLYGON ((-0.1781356802794187 51.531058811097125, -0.0537670126768797 51.53298097034243, -0.0552261343809812 51.48500953471041, -0.178479003033325 51.484047452778576, -0.1781356802794187 51.531058811097125))"
27183,"POLYGON ((0.1696576236701874 51.497648531411826, -0.0546374723877907 51.497217379617815, -0.0549798273379798 51.484802275651155, -0.030903488575571 51.33049306305636, 0.1660154838135197 51.332559092256574, 0.1696576236701874 51.497648531411826))"
27178,"POLYGON ((-0.0546391326016371 51.497217202635774, 0.1696579140597398 51.49764801321043, 0.1627914589816148 51.65724112984324, 0.0354187172823961 51.65575020852071, -0.053616520915627 51.533114073636206, -0.0546391326016371 51.497217202635774))"
27179,"POLYGON ((-0.1785853859644493 51.531406446376025, -0.0536173134284823 51.53311411323553, 0.0354182895549027 51.65575041395098, -0.2415475519018395 51.65609231239486, -0.1785853859644493 51.531406446376025))"
27182,"POLYGON ((-0.0549736140703194 51.48480204578587, -0.1785813624871779 51.48396368838849, -0.2492857569056506 51.327208630318225, -0.030900833865859 51.33049576899872, -0.0549736140703194 51.48480204578587))"
27180,"POLYGON ((-0.1794483268132674 51.495555193647675, -0.4534198844304549 51.4934177007074, -0.4479267203679549 51.654303657977536, -0.2415781758420032 51.65609532718307, -0.1785871545806428 51.531405940125794, -0.1785931518982853 51.495571105951065, -0.1794483268132674 51.495555193647675))"
27181,"POLYGON ((-0.1785870737484818 51.483966619455174, -0.1785853738674059 51.49557052737428, -0.4533881968271136 51.49342138465241, -0.4535698528851495 51.48157459871791, -0.491034948405169 51.481013344450524, -0.4926657314862237 51.46246134108608, -0.4542135830487237 51.45636480015802, -0.4580243567803954 51.326285452518434, -0.2492841224053954 51.3271435928336, -0.1785870737484818 51.483966619455174))"
