id,zonepolygon
88962,"POLYGON((22.927209661748723 40.632003504976765,22.940427587774114 40.647243956493554,22.96446018054755 40.63994981554938,22.963601873662785 40.62653172497379,22.94128589465888 40.622101860401976,22.927209661748723 40.632003504976765))"
111423,"POLYGON((23.164399168777305 39.272390976001155,23.164860508727866 39.27126970046084,23.166920445251304 39.27172651858759,23.166384003448325 39.27273150798357,23.164399168777305 39.272390976001155))"
