id,zonepolygon
27562,"POLYGON ((-1.6694891575699922 55.00521743487038, -1.655584586036789 54.989167181871785, -1.6497480992203828 54.98946264330005, -1.6387617710953828 54.988674741324466, -1.6243422154313203 54.98443950319954, -1.6201365116959687 54.98291273802004, -1.612411749733078 54.98266648013358, -1.6076052311783906 54.98143516804182, -1.6052448872452851 54.97880003327865, -1.6067254666215058 54.97467459183983, -1.605974448097336 54.968479476286696, -1.6161024693375703 54.963749361102145, -1.6263735434714954 54.96038209973917, -1.644026056814405 54.96021783610633, -1.6607630410673346 54.96432012553647, -1.6807186761381354 54.965582757942315, -1.6862547555448737 54.96645117963493, -1.6967260995390143 54.97120560958468, -1.6939795175077643 54.98539165043461, -1.6694891575699922 55.00521743487038))"
