id,zonepolygon
27562,"POLYGON ((-1.6694891575699922 55.00521743487038, -1.655584586036789 54.989167181871785, -1.6497480992203828 54.98946264330005, -1.6387617710953828 54.988674741324466, -1.6243422154313203 54.98443950319954, -1.6201365116959687 54.98291273802004, -1.612411749733078 54.98266648013358, -1.6076052311783906 54.98143516804182, -1.6052448872452851 54.97880003327865, -1.6067254666215058 54.97467459183983, -1.605974448097336 54.968479476286696, -1.6161024693375703 54.963749361102145, -1.6263735434714954 54.96038209973917, -1.644026056814405 54.96021783610633, -1.6607630410673346 54.96432012553647, -1.6807186761381354 54.965582757942315, -1.6862547555448737 54.96645117963493, -1.6967260995390143 54.97120560958468, -1.6939795175077643 54.98539165043461, -1.6694891575699922 55.00521743487038))"
159287,"POLYGON ((-1.5002878250764073 55.11306400057269, -1.5004272999451818 55.11651867411826, -1.5016289295838536 55.120936293766405, -1.4997835697816075 55.12149459702735, -1.4991398396180333 55.122574370200766, -1.49872141501171 55.12396085430509, -1.4979274811433019 55.125739900563474, -1.4981420578644933 55.12750046486424, -1.5005131306336583 55.128862241845674, -1.504665190188712 55.13024237382914, -1.507390314547843 55.13191073635375, -1.5130765976594152 55.13464007618129, -1.5160377564118566 55.136179464202094, -1.5222497524903478 55.141655769759105, -1.5257473530457677 55.143900040728106, -1.526262337176627 55.146401702220594, -1.5257473530457677 55.14886642118055, -1.519224220721549 55.15048495976234, -1.5144820751832189 55.14430473189705, -1.5089889111207189 55.139767050490214, -1.5052123608277501 55.1338550267656, -1.4973159374879064 55.12940203248156, -1.4918656887696446 55.12480131017536, -1.484140926806754 55.11483739607223, -1.488089138476676 55.11465331023609, -1.5002878250764073 55.11306400057269))"
