id,zonepolygon
189700,"POLYGON((23.23975631447725 69.88647711336286,23.259325711449907 69.88804138032599,23.26404639931612 69.88379102446746,23.241987912377642 69.88196074498106,23.23975631447725 69.88647711336286))"
189703,"POLYGON((23.25508944105799 69.92003692060656,23.286932626482795 69.91555725110321,23.310192743059943 69.92840426261454,23.276893837957974 69.94212536543002,23.22711203864157 69.93064167600588,23.25011466315329 69.91927914596685,23.25508944105799 69.92003692060656))"
189701,"POLYGON((23.31430363390683 69.8661993221585,23.318509337642183 69.86721856865496,23.326448676326265 69.8630083177114,23.322672126033297 69.86238778833506,23.31430363390683 69.8661993221585))"
189702,"POLYGON((23.538852721716 70.03641937767685,23.54111650612457 70.0356061604885,23.540054351354673 70.03427637203524,23.52412202980621 70.03282926052734,23.523784071470335 70.03576001482601,23.529816359544828 70.03673439922031,23.536449462438657 70.03697615670588,23.538852721716 70.03641937767685))"
27791,"POLYGON((23.240319748538816 69.96402378767053,23.261101503986204 69.9567848686179,23.352568409418957 69.97699000347689,23.31926610229005 69.98733209222831,23.22588231322755 69.9694652654513,23.228936453479612 69.9678646536821,23.235762675422514 69.96431876915824,23.237115849870527 69.96368515113997,23.238275905269468 69.96325736770439,23.240319748538816 69.96402378767053))"
