id,zonepolygon
30168,"POLYGON ((6.920856821903598 62.32537087599954, 6.978878367313754 62.301602502473514, 6.791767466434848 62.268870325807015, 6.760868418583286 62.303996142466296, 6.920856821903598 62.32537087599954))"
27776,"POLYGON ((6.366857416446741 62.41929394211, 6.327117807682092 62.41343180635793, 6.317633516605432 62.424911572722394, 6.269461042697961 62.417935320482165, 6.219625599201257 62.4336376695069, 6.179403192813928 62.43106442458654, 6.162923700626428 62.439780039850575, 6.183014116700227 62.4393223716901, 6.189025282378728 62.44099970348235, 6.18400569584542 62.442314843870186, 6.1840501199322295 62.44505934729829, 6.194104380424554 62.44601030822555, 6.1990208695488525 62.44612552305107, 6.20707286101156 62.445551945403416, 6.203205115612085 62.44669059852197, 6.200710661228235 62.44824607119625, 6.205452806766565 62.44940590586576, 6.214078790958459 62.452082705058665, 6.223348505313928 62.451362588701464, 6.2200440238075805 62.46483522420606, 6.220859415348108 62.46695657611831, 6.210044748600061 62.468183720338715, 6.1867846320229125 62.46764532050687, 6.170476801212366 62.462305740978614, 6.162837869937952 62.45773076790533, 6.1387194464760375 62.45474282943111, 6.096576578434045 62.45477135827625, 6.112111933048303 62.45988006316049, 6.1013401816444945 62.462528952968, 6.106017954166467 62.471446147525036, 6.133054621036584 62.473608091776484, 6.183651811893518 62.4830870634143, 6.258303053196008 62.47963690747573, 6.264042980487878 62.4751749076696, 6.284202463443811 62.47277506757364, 6.3392199347572875 62.47563105380612, 6.351965791996057 62.47420309483634, 6.36986149054342 62.47697961901687, 6.3673724005776 62.48479216564812, 6.384624368961389 62.48578345937654, 6.366857416446741 62.41929394211))"
