id,zonepolygon
30168,"POLYGON ((6.920856821903598 62.32537087599954, 6.978878367313754 62.301602502473514, 6.791767466434848 62.268870325807015, 6.760868418583286 62.303996142466296, 6.920856821903598 62.32537087599954))"
27776,"POLYGON ((6.175197489078577 62.477772864216675, 6.174939997013147 62.46950224750336, 6.125158197696741 62.46551487296975, 6.117519266422327 62.469065844393015, 6.133054621036584 62.473608091776484, 6.175412065799768 62.48110426390833, 6.175197489078577 62.477772864216675))"
