id,zonepolygon
27791,"POLYGON ((23.22625424446472 69.9687246168759, 23.261101503986204 69.9567848686179, 23.352568409418957 69.97699000347689, 23.31926610229005 69.98733209222831, 23.22588231322755 69.9694652654513, 23.22625424446472 69.9687246168759))"
189700,"POLYGON((23.23975631447725 69.88647711336286,23.259325711449907 69.88804138032599,23.26404639931612 69.88379102446746,23.241987912377642 69.88196074498106,23.23975631447725 69.88647711336286))"
189703,"POLYGON((23.25508944105799 69.92003692060656,23.286932626482795 69.91555725110321,23.310192743059943 69.92840426261454,23.276893837957974 69.94212536543002,23.22711203864157 69.93064167600588,23.25011466315329 69.91927914596685,23.25508944105799 69.92003692060656))"
189702,"POLYGON((23.534947425390317 70.0349980584047,23.538327008749082 70.03543032556725,23.540054351354673 70.03427637203524,23.535752088094785 70.03388437961216,23.534947425390317 70.0349980584047))"
189701,"POLYGON((23.31430363390683 69.8661993221585,23.318509337642183 69.86721856865496,23.326448676326265 69.8630083177114,23.322672126033297 69.86238778833506,23.31430363390683 69.8661993221585))"
