id,zonepolygon
27791,"POLYGON ((23.22625424446472 69.9687246168759, 23.261101503986204 69.9567848686179, 23.352568409418957 69.97699000347689, 23.31926610229005 69.98733209222831, 23.22588231322755 69.9694652654513, 23.22625424446472 69.9687246168759))"
