id,zonepolygon
27792,"POLYGON ((23.667528295167504 70.66079063090737, 23.68138995135647 70.65841711130459, 23.705272341734744 70.66853160285785, 23.66807904514113 70.6739063720165, 23.667528295167504 70.66079063090737))"
