id,zonepolygon
27780,"POLYGON ((8.089354415433556 58.20246234487504, 8.107550521390587 58.17178598586527, 8.105566878521424 58.168526764143856, 8.082468886287026 58.15847561688034, 8.016341108023264 58.13850072386653, 8.011057753474526 58.14842162961442, 8.001444716365151 58.15150153107284, 7.992861647517495 58.15956236430409, 8.047535796077065 58.16920579329912, 8.063595671856385 58.18871102745232, 8.089354415433556 58.20246234487504))"
27309,"POLYGON ((8.25267654529597 58.16749808876129, 8.235338746223704 58.14928342800756, 8.233922540518677 58.14500653502486, 8.215168535086548 58.145663364081855, 8.216820775512303 58.14944941800161, 8.217931209962615 58.15778903854143, 8.22144490369027 58.16576452637388, 8.24443679920222 58.17157218707219, 8.25267654529597 58.16749808876129))"
