id,zonepolygon
99312,"POLYGON ((30.014851644727603 69.72117325701876, 30.032704427930728 69.71760319895051, 30.076649740430728 69.71819825043343, 30.079739645215884 69.72759784472072, 30.073216512891666 69.7304525911525, 30.038540914747134 69.73176088789891, 30.014851644727603 69.72117325701876))"
