id,zonepolygon
27778,"POLYGON ((7.258363830423775 62.74209817389033, 7.2436009520058064 62.749644759098665, 7.115865813484277 62.73991419605782, 7.113891707649316 62.72827523526129, 7.258363830423775 62.74209817389033))"
