id,zonepolygon
30533,"POLYGON ((10.634664804486102 59.93995797031787, 10.667967111615008 59.88867044311602, 10.840238816847569 59.86045916386095, 10.945295579542881 59.951353994644705, 10.922636277785069 59.98503196709803, 10.709985990354335 59.967314250750604, 10.648979450154593 59.97254274877586, 10.62877586267191 59.96209805277638, 10.634664804486102 59.93995797031787))"
30368,"POLYGON ((10.394027354719917 59.274091183532455, 10.399520518782417 59.28119472871596, 10.41291010618476 59.283912977366214, 10.42217982054023 59.283299198255314, 10.434196116926948 59.27944090472288, 10.43265116453437 59.258212473160036, 10.422008159163276 59.25917768890395, 10.408489825728218 59.26268733386938, 10.394027354719917 59.274091183532455))"
30704,"POLYGON ((10.039608279045712 59.01890653964909, 10.054113665398251 59.00414665546375, 10.043213167961728 58.99203351976672, 10.001499453362118 58.99141448598098, 9.999782839592587 59.01802289244014, 10.039608279045712 59.01890653964909))"
30143,"POLYGON ((10.1535883854116 59.1328331842326, 10.176633925267558 59.12572073060736, 10.2195063541616 59.12252735311437, 10.2215233753408 59.12446543841133, 10.225879282780985 59.124839828616764, 10.2469721744741 59.12746044549125, 10.257443518468241 59.13908563848623, 10.268054337331156 59.20134742101147, 10.23025664789329 59.20325684165228, 10.1535883854116 59.1328331842326))"
31146,"POLYGON ((10.062782129255172 59.08673356222286, 10.061752160993453 59.06856175571559, 10.065185388532516 59.067149950578425, 10.070678552595016 59.06238467963701, 10.067416986432907 59.05483831480112, 10.067245325055953 59.04693712735645, 10.056773981061813 59.03863671698801, 10.041152795759078 59.03589890802679, 10.037032922712203 59.0378418916877, 10.042697748151657 59.04102108262148, 10.024844964948532 59.049320917200134, 10.0176351871165 59.04870291349047, 10.016261896100875 59.04155091918974, 9.968368371930953 59.063796680709224, 9.985792001691696 59.065473356576994, 9.9911778773936 59.06386286683504, 10.004116853681442 59.057486350929, 10.014201959577438 59.05655956150446, 10.038148721662399 59.07464950040507, 10.062782129255172 59.08673356222286))"
