id,zonepolygon
27778,"POLYGON ((7.258363830423775 62.74209817389033, 7.249780761576119 62.75860382308888, 7.181793319268479 62.75413336344867, 7.100072966804589 62.73912792429229, 7.113891707649316 62.72827523526129, 7.258363830423775 62.74209817389033))"
