id,zonepolygon
27793,"POLYGON ((5.507856919623126 59.78698430584817, 5.4956689618594545 59.79173502144802, 5.490519120550861 59.789921191694845, 5.489746644354572 59.78789131289313, 5.481335236883869 59.78512702401007, 5.484596803045978 59.7759254754833, 5.50947339846255 59.76886475761109, 5.523892954126612 59.77396372087396, 5.507856919623126 59.78698430584817))"
