id,zonepolygon
27243,"POLYGON ((5.751747960786693 58.909134776050294, 5.77354895565974 58.966971740709994, 5.755610341768138 58.97309960983084, 5.739259595613353 58.97492448665283, 5.7312558839129135 58.976633147346746, 5.723938817720287 58.97975717840335, 5.675015325288646 59.00350160987754, 5.670037145357005 58.9399696016178, 5.751747960786693 58.909134776050294))"
