id,zonepolygon
101966,"POLYGON ((10.545373966549464 57.48560931546508, 10.45885663256509 57.454593450929586, 10.44512372240884 57.41689592938215, 10.54125409350259 57.39544275958802, 10.616785099361964 57.4472048407897, 10.545373966549464 57.48560931546508))"
101967,"POLYGON ((10.376340157482131 57.07279428698508, 10.320035225841506 57.05039300794723, 10.281583077404006 56.98984200447879, 10.259610421154006 56.967390674664074, 10.309048897716506 56.94792190465966, 10.398312813732131 57.03918729840225, 10.403805977794631 57.069434956898085, 10.376340157482131 57.07279428698508))"
10419,"POLYGON ((9.83105346657942 56.99397039581518, 10.00683471657942 56.99827154454269, 9.964949340602857 57.059508916062846, 9.933706969997388 57.050033300353846, 9.902979583522779 57.06002230400668, 9.876372070095044 57.05983561830303, 9.841696471950513 57.04536462031473, 9.83105346657942 56.99397039581518))"
101969,"POLYGON ((9.954286746877825 57.09377789544147, 9.992395572561419 57.08370469296196, 9.968706302541888 57.07400198566654, 9.959093265432513 57.05869640579367, 9.935060672659075 57.05234833846896, 9.899698429006731 57.06131000041663, 9.8760091589872 57.06672328966676, 9.8760091589872 57.08071951485759, 9.885622196096575 57.08071951485759, 9.898325137991106 57.08836855279375, 9.91171472539345 57.09564300303553, 9.954286746877825 57.09377789544147))"
101968,"POLYGON ((10.549210487484086 57.35273120963441, 10.477799354671586 57.33791135329032, 10.477799354671586 57.30602840379566, 10.524491249202836 57.301577420963454, 10.554703651546586 57.31715350434889, 10.549210487484086 57.35273120963441))"
