id,zonepolygon
107181,"POLYGON((13.306145379016305 38.12342553440347,13.361420342395212 38.13341803485038,13.396610924670602 38.10141020218811,13.399700829455758 38.090602703673305,13.400044152209665 38.0820906737645,13.320736596057321 38.08019897697586,13.303227135608102 38.121129766766835,13.306145379016305 38.12342553440347))"
107180,"POLYGON((15.283727164483748 37.84633678710037,15.277547354913436 37.852233148805524,15.286988730645858 37.859077758869226,15.296258445001326 37.854672884688824,15.301751609063826 37.857112539832585,15.307931418634139 37.851962062056856,15.297631736016951 37.84484567841398,15.283727164483748 37.84633678710037))"
