id,zonepolygon
27365,"POLYGON ((0.4172291320670141 44.880663199709026, 0.4179157775748266 44.811532766181365, 0.5318989318717016 44.81153276618139, 0.5322422546256078 44.88041992823668, 0.4172291320670141 44.880663199709026))"
