id,zonepolygon
165120,"POLYGON((2.382526102314171 47.08482042820706,2.381324472675499 47.07891731813429,2.387160959491905 47.07155212523226,2.4026104834176865 47.07318892273856,2.4099060919381943 47.07897576797463,2.4026104834176865 47.085287973326466,2.4006363775827255 47.095047040774666,2.3815819647409286 47.097442706094775,2.3845002081491318 47.08891130886574,2.3821827795602646 47.084235991037175,2.382526102314171 47.08482042820706))"
