id,zonepolygon
90203,"POLYGON ((-1.4095812688282883 46.166658100065334, -1.2725954900196945 46.18163573804451, -1.2468462834767258 46.16118905705004, -1.2844401250294601 46.13526315500301, -1.3585978398732101 46.14430292936138, -1.4095812688282883 46.166658100065334))"
89582,"POLYGON ((-1.387498733261563 46.224834212590316, -1.4928988187107817 46.26733402124774, -1.5801027982029692 46.252379743022544, -1.5409640042576567 46.18539155481239, -1.4654329983982817 46.19252184250667, -1.387498733261563 46.224834212590316))"
90204,"POLYGON ((-1.2203266728889983 46.176167084096015, -1.2055637944710296 46.17545388480852, -1.189770947791342 46.170936741187774, -1.1447956670296233 46.182585461447054, -1.1338093389046233 46.181159220116776, -1.1200764287483733 46.17260099516099, -1.1217930425179046 46.162376925268866, -1.142179537381729 46.15634156582611, -1.1449690347572172 46.15666856357127, -1.1453552728553618 46.157827903555706, -1.147071886624893 46.15892776762864, -1.1488314157386625 46.15877913863324, -1.1524792199989164 46.1578873562298, -1.1544533258338774 46.155093011107276, -1.1638947015662993 46.15295256568297, -1.2044385464477503 46.14424898614369, -1.2449823913292013 46.1479138106952, -1.2203266728889983 46.176167084096015))"
90202,"POLYGON ((-1.2872134961908044 46.18058067323659, -1.4104663648431481 46.16750493275728, -1.4653980054681481 46.192227350614225, -1.3785373487298669 46.2281026134775, -1.2988864698236169 46.20981153317062, -1.2872134961908044 46.18058067323659))"
90205,"POLYGON ((-1.1604414468517388 46.15237227668538, -1.1559353357067192 46.15424519073236, -1.154819536756524 46.15409654908897, -1.1529312616100396 46.15442356017455, -1.1543045526256646 46.15495866503224, -1.1525879388561333 46.15730711926649, -1.1491547113170708 46.15879343091563, -1.1469660287609185 46.158778567997885, -1.1452923303356255 46.157753016976706, -1.145378161024102 46.156742310313156, -1.1424170022716607 46.15620722279917, -1.121731806348809 46.1620928992821, -1.120487261365899 46.15909068842777, -1.1139641290416802 46.15397763548516, -1.1022911554088677 46.13566187383584, -1.1014167552700127 46.13376323488297, -1.1011699920406426 46.13175114517019, -1.1017949467411126 46.12985515965226, -1.1033211236705864 46.12852421318334, -1.112247515272149 46.12352730033149, -1.146579790662774 46.12471708259952, -1.1833153253307427 46.13970613759648, -1.173766661237725 46.14696127806696, -1.1604414468517388 46.15237227668538))"
