id,zonepolygon
164668,"POLYGON((1.2421506305205998 45.84477901510068,1.226615275906342 45.83150404005116,1.2539952655303654 45.81852499006376,1.2794869800079045 45.8396966285423,1.2537377734649358 45.85123596594695,1.2421506305205998 45.84477901510068))"
