id,zonepolygon
165030,"POLYGON((-3.3989702062933635 47.76108095243743,-3.4044633703558635 47.7361496968279,-3.394163687738676 47.73037687060322,-3.3769975500433635 47.73106964354016,-3.3656678991644573 47.7241414994701,-3.346098502191801 47.73961308538405,-3.353565772089262 47.75738818665872,-3.3639942007391643 47.76154252973058,-3.3703027563421917 47.77169619406606,-3.3989702062933635 47.76108095243743))"
