id,zonepolygon
163375,"POLYGON((0.1655249789282509 47.989629191029664,0.18312027006594622 47.942849010288064,0.2074103549048134 47.94353895210955,0.2238898470923134 47.96388809317565,0.2314429476782509 48.002035492252865,0.2211432650610634 48.0196059793933,0.20929863005129778 48.03418608528577,0.17874290495364153 48.02764276839163,0.1689582064673134 48.02569109198047,0.1710181429907509 48.012142124753254,0.1655249789282509 47.989629191029664))"
