id,zonepolygon
161146,"POLYGON((6.166264515149771 49.113161784777084,6.172573070752798 49.1116167570827,6.1805553247811185 49.11184149137417,6.184589367139517 49.11411686873944,6.185147266614615 49.11715054288344,6.183902721631704 49.12068959489273,6.181542377698599 49.12479008535754,6.171199779737173 49.119509938948255,6.166264515149771 49.113161784777084))"
161147,"POLYGON((6.190203330887871 48.66768615365485,6.175697944535332 48.679701888881105,6.167887351883965 48.69148812713686,6.1652266005411915 48.70009940304453,6.184366844071465 48.70570727090904,6.192864082230645 48.703101672645374,6.19947304524334 48.70009940304453,6.206596992386895 48.696983650905,6.208742759598809 48.67971243443139,6.2077986220255665 48.6772755127711,6.2001596907511525 48.67631204610909,6.190203330887871 48.66768615365485))"
