id,zonepolygon
10727,"POLYGON ((0.0841286917050184 43.24622620675514, 0.0885918875057996 43.24747660302523, 0.0880769033749402 43.24159951738011, 0.0908234854061902 43.23422109662577, 0.0921967764218152 43.22471537353971, 0.0935700674374402 43.21908628611159, 0.090480162652284 43.21458264196314, 0.0817254324276746 43.2158336875918, 0.0690224905331434 43.21533327242019, 0.0525429983456434 43.2158336875918, 0.047908141167909 43.21233069515471, 0.0362351675350965 43.21783530721339, 0.0376084585507215 43.22671670159774, 0.0388100881893934 43.23597198918027, 0.0422433157284559 43.23959867801156, 0.0415566702206434 43.24622620675514, 0.0635293264706434 43.249602217778005, 0.0654176016171277 43.25222787476567, 0.0710824270565808 43.25322809527242, 0.0715974111874402 43.26460444733232, 0.0844720144589246 43.26510445799431, 0.0841286917050184 43.24622620675514))"
10726,"POLYGON ((-0.0273498007294393 43.118158736093235, -0.0254615255829549 43.094221090571, -0.0398810812470174 43.08557115787359, -0.0453742453095174 43.07942771027195, -0.0561889120575643 43.08168455852709, -0.0623687216278768 43.090585760428965, -0.0692351767060018 43.09597600030422, -0.0738700338837361 43.10387247175189, -0.069578499459908 43.11151729114117, -0.0555022665497518 43.11552730638547, -0.0367911764618611 43.119035854182506, -0.0273498007294393 43.118158736093235))"
33059,"POLYGON ((-0.443523863568549 43.329509516500856, -0.392712095990424 43.33999767588287, -0.3154644763615178 43.325014036541496, -0.2752957141544865 43.288288497278174, -0.355633238568549 43.27054236530293, -0.4363140857365178 43.304780259587154, -0.443523863568549 43.329509516500856))"
