id,zonepolygon
164937,"POLYGON((-4.128585482550546 47.99975032237674,-4.124551440192148 47.98200071442037,-4.078202868414804 47.98142619146808,-4.072623873663828 47.99779758998985,-4.083781863165781 48.00359813751717,-4.078889513922617 48.015369520744635,-4.1054111966618745 48.018355005385466,-4.120088244391367 48.01267095319551,-4.128585482550546 47.99975032237674))"
