id,zonepolygon
188648,"POLYGON((0.2953168411865015 46.57844097720888,0.319349433959939 46.563866845199406,0.35279313570030446 46.57791000471062,0.35236398225792165 46.58728975337493,0.33888856416710134 46.59289323127049,0.3145126486397576 46.60044226433022,0.2953168411865015 46.57844097720888))"
