id,zonepolygon
161297,"POLYGON((4.877958774395412 44.90572537227924,4.877615451641506 44.92225821183517,4.889631748028225 44.93550536284929,4.881735324688381 44.9702494172851,4.9212174413876 44.9638124215636,4.938898563213772 44.949356912670424,4.943533420391506 44.93113049490855,4.94044351560635 44.91642363509783,4.931834229898291 44.905776879199045,4.907624926619305 44.90273723948518,4.877958774395412 44.90572537227924))"
