id,zonepolygon
161136,"POLYGON((4.379934704791637 45.44625412673296,4.377788937579723 45.442219448543746,4.379505551349254 45.43354692483709,4.382337964068981 45.42812592064157,4.398388302814098 45.4293908681922,4.394697583209606 45.44571217181317,4.3894619112125355 45.44739823668728,4.379934704791637 45.44625412673296))"
