id,zonepolygon
101975,"POLYGON ((-69.04022497684633 12.260713242526297, -69.08700270206606 12.19922716803181, -69.15548744719949 12.2891460458977, -69.08871117156473 12.360085366834275, -69.04022497684633 12.260713242526297))"
101976,"POLYGON ((-69.15570087645307 12.288727769809768, -69.08962041638057 12.359583362456965, -69.15207507125342 12.396101888385736, -69.1680824946543 12.374934028251747, -69.15570087645307 12.288727769809768))"
26976,"POLYGON ((-68.99917425432004 12.148065958629756, -68.97342504777707 12.203985213814809, -68.87524377664025 12.175971723801606, -68.94253503640587 12.098730677358812, -68.97338665067302 12.1189098906014, -69.00179209031857 12.14265379340294, -68.99917425432004 12.148065958629756))"
26978,"POLYGON ((-68.89670671914 12.082968178340195, -68.83409323189635 12.141525661282325, -68.81322762585181 12.126682985401697, -68.8648977003147 12.064597005598142, -68.89833750222105 12.081583343734502, -68.89670671914 12.082968178340195))"
101972,"POLYGON ((-68.81320140063434 12.126715673743497, -68.86500022112995 12.064401213978634, -68.82800719439655 12.042996942476545, -68.78955504595905 12.091762616955073, -68.81320140063434 12.126715673743497))"
101973,"POLYGON ((-68.97585896764065 12.198530298644638, -68.99954823766018 12.148256249206339, -69.02020721849716 12.178755285606478, -68.99181655400719 12.214833632128759, -68.97585896764065 12.198530298644638))"
26979,"POLYGON ((-68.99330915902037 12.212840227585188, -69.02961554024596 12.167117208501791, -69.08696309231178 12.199639689762723, -69.0404984266652 12.260466866818575, -68.99330915902037 12.212840227585188))"
101970,"POLYGON ((-68.89707312819596 12.08269791046103, -68.83450255629654 12.141106275828268, -68.86372790572281 12.157720111388112, -68.92277941939469 12.098434179716964, -68.89707312819596 12.08269791046103))"
26977,"POLYGON ((-68.93889393088097 12.102926254043028, -68.88515178562803 12.164441601202757, -68.86523906590146 12.156176976055313, -68.9226321015808 12.098614919265836, -68.93889393088097 12.102926254043028))"
