id,zonepolygon
10757,"POLYGON ((-70.06626086214207 12.635510717401063, -70.0896068094077 12.526274855287065, -69.88223986604832 12.385473353880185, -69.83623461702489 12.420345600793658, -69.8973460672202 12.502142889402316, -69.95502428987645 12.57319165481993, -70.06626086214207 12.635510717401063))"
