id,zonepolygon
112959,"POLYGON ((-69.88127957353437 12.423751153242929, -69.88754521379316 12.415285114019053, -69.87921963701093 12.408285754817078, -69.86535798082197 12.415243202248595, -69.8690916157707 12.425553294340936, -69.88127957353437 12.423751153242929))"
159298,"POLYGON ((-70.05787078587345 12.590093231947018, -70.03280822483829 12.58858542432945, -70.02963248936466 12.546446998087703, -70.03186408726505 12.53438224123568, -70.01761619297794 12.521814185561201, -69.99736015049747 12.514105475100084, -69.98620216099552 12.503715109830754, -69.99530021397403 12.47555847237352, -70.03323737828067 12.5032123396193, -70.07134620396427 12.538236322207446, -70.05975906101993 12.590260765579732, -70.05787078587345 12.590093231947018))"
10757,"POLYGON ((-70.06626086214207 12.635510717401063, -70.05999522188328 12.590615714280887, -70.03261523225926 12.588856608114778, -70.02926783540867 12.546634445342633, -70.03141360262059 12.534150772257195, -70.01841561773442 12.52280811877702, -69.99818371513508 12.514539083349687, -69.98575033524655 12.503449571608776, -69.99528961160802 12.475599314029804, -69.88758282640599 12.415190502629, -69.88127963522099 12.423756082156459, -69.86848549821995 12.425626327143519, -69.8787959096732 12.464976931337612, -69.8973460672202 12.502142889402316, -69.95502428987645 12.57319165481993, -70.06626086214207 12.635510717401063))"
