id,zonepolygon
112959,"POLYGON ((-69.88127957353437 12.423751153242929, -69.88754521379316 12.415285114019053, -69.87921963701093 12.408285754817078, -69.86535798082197 12.415243202248595, -69.8690916157707 12.425553294340936, -69.88127957353437 12.423751153242929))"
10757,"POLYGON ((-70.06626086214207 12.635510717401063, -70.07278399446629 12.520242075341997, -69.97675018289708 12.458335102006517, -69.88758282640599 12.415190502629, -69.88127963522099 12.423756082156459, -69.86848549821995 12.425626327143519, -69.8787959096732 12.464976931337612, -69.8973460672202 12.502142889402316, -69.95502428987645 12.57319165481993, -70.06626086214207 12.635510717401063))"
