id,zonepolygon
112959,"POLYGON ((-69.88127957353437 12.423751153242929, -69.88754521379316 12.415285114019053, -69.87921963701093 12.408285754817078, -69.86535798082197 12.415243202248595, -69.8690916157707 12.425553294340936, -69.88127957353437 12.423751153242929))"
159298,"POLYGON((-70.05787078587345 12.590093231947018,-70.03280822483829 12.58858542432945,-70.02963248936466 12.546446998087703,-70.03186408726505 12.53438224123568,-70.01761619297794 12.521814185561201,-69.99736015049747 12.514105475100084,-69.98620216099552 12.503715109830754,-69.99607269017032 12.473547166749885,-70.03323737828067 12.5032123396193,-70.07134620396427 12.538236322207446,-70.05975906101993 12.590260765579732,-70.05787078587345 12.590093231947018))"
10757,"POLYGON((-70.06626086214207 12.635510717401063,-70.06033854463719 12.59028064736971,-70.03274397829198 12.58862624808079,-70.02956824281834 12.546466883267557,-70.0317569253745 12.534402127346915,-70.0177289722266 12.521886440807105,-69.99818371513508 12.514497187625432,-69.98609365800046 12.503575264137991,-69.99614791849278 12.473420399242777,-69.94525568464421 12.44237935014755,-69.88914923647069 12.413346377673875,-69.88752113559865 12.415334574340864,-69.88125817754887 12.423777037356864,-69.86848549821995 12.425626327143519,-69.8787959096732 12.464976931337612,-69.88536732175969 12.479496173606169,-69.8973460672202 12.502142889402316,-69.95502428987645 12.57319165481993,-70.06626086214207 12.635510717401063))"
