id,zonepolygon
10761,"POLYGON ((17.77503984541022 59.44994842735908, 18.140678578320376 59.45762589965812, 18.08595924434053 59.38409495852277, 18.046820450395217 59.38129728267959, 18.111021805375685 59.36188205017651, 18.167498398393263 59.321266569910584, 18.107760239213576 59.31723738856003, 18.10020713862764 59.3100537503385, 18.096859741777052 59.30716234566385, 18.080895233720412 59.30370109864595, 18.075831223100295 59.302518060039695, 18.053171921342482 59.3062423017134, 18.01107196864473 59.320215525164805, 17.95900980184433 59.31287920376382, 17.880930948083005 59.336387023207955, 17.821392382950194 59.359938104099335, 17.802894657849038 59.36802959822563, 17.783310518535018 59.381666125972195, 17.755415544780135 59.40032729942328, 17.77503984541022 59.44994842735908))"
