id,zonepolygon
27249,"POLYGON ((15.044115065509954 58.65724295090939, 15.063083647663275 58.65751082227999, 15.064800261432806 58.639558893425345, 15.046089171344915 58.639290884258585, 15.044115065509954 58.65724295090939))"
28267,"POLYGON ((16.5694283980611 59.60053595019372, 16.579728080678287 59.61061078790067, 16.546082450795474 59.6245021605133, 16.50419707481891 59.6161680263029, 16.5309762496236 59.594107320547586, 16.5694283980611 59.60053595019372))"
10768,"POLYGON ((17.82332314903231 59.35914696706419, 17.95584573204012 59.312352363358436, 18.157719511336996 59.319404130478475, 18.164929289169027 59.32553491304211, 18.163618600492715 59.334609226578344, 18.09735730898881 59.37066122749079, 18.07057813418412 59.37608321486436, 18.041739022855996 59.37555854428567, 18.024572885160683 59.38325289938845, 17.908186471586465 59.44247589218346, 17.750944650297402 59.399510224347154, 17.82332314903231 59.35914696706419))"
