id,zonepolygon
31804,"POLYGON ((-1.1543698406769698 53.01196380063217, -1.1083645916535323 53.01072442563448, -1.0815854168488448 52.97724784554692, -1.1124844647004073 52.943745310346124, -1.1584897137238448 52.92677734033535, -1.2147946453644698 52.92677734033535, -1.2319607830597823 52.96897802810943, -1.1543698406769698 53.01196380063217))"
10769,"POLYGON ((-1.651997944269624 52.21529497676664, -1.6312269176582959 52.183309886035396, -1.6523412670235302 52.16025372913562, -1.709676166925874 52.165413450320116, -1.7470983471016552 52.18394139340517, -1.770272632990327 52.184572891806994, -1.782632252130952 52.19225540407164, -1.7870954479317334 52.20235641328023, -1.7319921459297802 52.22801948076973, -1.6871885265450146 52.22244638643814, -1.651997944269624 52.21529497676664))"
26971,"POLYGON ((-1.90509803699753 52.510174099925614, -1.947670058481905 52.49199140450127, -1.95178993152878 52.466899483338686, -1.92157752918503 52.46041507768199, -1.8865586082865926 52.46229774546288, -1.8563462059428426 52.46920017188749, -1.8340302269389364 52.47421943858023, -1.86115272449753 52.505785861967404, -1.90509803699753 52.510174099925614))"
95610,"POLYGON ((-1.5198598032714994 52.414151241277075, -1.4941105967285306 52.414151241277075, -1.4934239512207181 52.397081062125274, -1.5196881418945463 52.39634783902028, -1.5198598032714994 52.414151241277075))"
27676,"POLYGON ((-1.4938583629113777 52.938823088269295, -1.462615992305909 52.93768507140579, -1.4289703624230965 52.90290940817683, -1.4279403941613777 52.89576452042512, -1.454376246212159 52.891518449422975, -1.4715423839074715 52.8959198565987, -1.4945450084191902 52.90280586749185, -1.5062179820520027 52.911191861323616, -1.5083637492639168 52.914012710384014, -1.5081062571984871 52.918903471936, -1.513427759884034 52.921025217846875, -1.5075054423791512 52.92697590162053, -1.4991798655969246 52.93106328874225, -1.4938583629113777 52.938823088269295))"
