id,zonepolygon
21674,"POLYGON ((-1.7290829451127543 50.71050860290984, -1.9007443220658793 50.7063777195723, -1.9464062483354105 50.769171297613816, -1.8162869246049418 50.79543703313063, -1.7290829451127543 50.71050860290984))"
