id,zonepolygon
21674,"POLYGON ((-1.7290829451127543 50.71050860290984, -1.9007443220658793 50.7063777195723, -1.9464062483354105 50.769171297613816, -1.8162869246049418 50.79543703313063, -1.7290829451127543 50.71050860290984))"
201408,"POLYGON((-2.448554860436727 50.55715129242001,-2.4387701619503988 50.55584257963534,-2.4353369344113363 50.56729258452233,-2.446983268179095 50.61263657477048,-2.443206717886126 50.627557543183364,-2.4623662628428966 50.63525510523224,-2.4755841888682872 50.62872202693746,-2.5008184112803966 50.614237133054296,-2.476614157130006 50.58459999804555,-2.448554860436727 50.55715129242001))"
201406,"POLYGON((-1.8177439263782125 51.06595932629685,-1.7954279473743062 51.06002574648563,-1.7881323388537984 51.06417933220923,-1.7834116509875875 51.0743189888399,-1.7979170373401265 51.077446732409,-1.8153406671008687 51.0747504143156,-1.8177439263782125 51.06595932629685))"
201407,"POLYGON((-1.4734060606561172 50.91826618103946,-1.4493734678826797 50.903112886190094,-1.3800222715936172 50.8879546577557,-1.3264639219842422 50.89705018687708,-1.3213140806756485 50.93471274434266,-1.345346673449086 50.96866947087541,-1.3992483458123672 50.96175036758124,-1.4596731504998672 50.954181418322484,-1.4761526426873672 50.93449637994377,-1.4734060606561172 50.91826618103946))"
