id,zonepolygon
10776,"POLYGON ((-3.508493116210957 50.763602878377796, -3.453561475585957 50.73927474766701, -3.454934766601582 50.67143684369657, -3.540078809570332 50.69014555196567, -3.5709778574218944 50.71406442478108, -3.570291211914082 50.74709588286248, -3.508493116210957 50.763602878377796))"
