id,zonepolygon
26960,"POLYGON ((-4.598551027709967 55.913501057310725, -4.534435503417975 55.832747902440495, -4.509115450317389 55.80280205594593, -4.497313730651862 55.787362025338226, -4.456329576904303 55.77848123574558, -4.3626882957763735 55.78272882244303, -4.264841310913092 55.82845756133072, -4.226045839721686 55.84291749436325, -4.207849733764655 55.85891355303142, -4.2020132469482485 55.883761830880445, -4.284925692016608 55.888623683708786, -4.336252443725592 55.89078965964281, -4.371958010131842 55.91773391505749, -4.581384890014655 55.945812989712095, -4.598551027709967 55.913501057310725))"
31780,"POLYGON ((-3.2685101198418343 55.980445977128774, -3.3414662050469124 55.964019583720756, -3.4061825441582405 55.94451018964215, -3.390389697478553 55.93181900261724, -3.3567440675957405 55.914698544516085, -3.2705700563652718 55.897955505433515, -3.163796679900428 55.893912999208844, -3.1112682985527718 55.908156148283226, -3.0944454836113655 55.93085737961741, -3.0807125734551155 55.94720172509505, -3.1356442140801155 55.96930368752506, -3.1631100343926155 55.986976172085036, -3.187142627166053 55.99302522158889, -3.215981738494178 55.99177708252416, -3.2685101198418343 55.980445977128774))"
