id,zonepolygon
10778,"POLYGON ((-4.483032895214819 54.13514292754004, -4.5245749484374755 54.14449508411377, -4.541569424755835 54.154448285101715, -4.475308133251929 54.18258579961499, -4.416428280957007 54.17675888590524, -4.483032895214819 54.13514292754004))"
