id,zonepolygon
10777,"POLYGON ((-4.274024963378906 57.486493516280824, -4.267158508300781 57.47874220561133, -4.260292053222656 57.4527079157064, -4.240379333496094 57.43977620152826, -4.201927185058594 57.44291718103477, -4.176177978515625 57.45594012991799, -4.139442443847656 57.46748141993533, -4.0628814697265625 57.48095703365498, -4.042153358459473 57.4866088507448, -4.02897834777832 57.49594973275959, -4.006061553955078 57.51794325682851, -3.902721405029297 57.52854336456927, -3.8659000396728516 57.53821903320305, -3.8686037063598633 57.5696242094923, -3.813800811767578 57.58729497682698, -3.8331985473632812 57.595391211162564, -4.008636474609375 57.607164335274184, -4.069232940673828 57.59051528587055, -4.079618453979492 57.54775396487264, -4.187464714050293 57.50238317259435, -4.243125915527344 57.4990397701075, -4.274024963378906 57.486493516280824))"
