id,zonepolygon
26866,"POLYGON ((-1.6057555887390196 53.87101532363167, -1.5182941171814024 53.863474319326066, -1.4655082437683165 53.840438005366146, -1.4398877832580625 53.798813949294995, -1.497008106439215 53.77318054232661, -1.54781987401734 53.76115711277892, -1.595885059564215 53.773079093191605, -1.689912578790289 53.79562013562022, -1.692959568231207 53.85360316586255, -1.6057555887390196 53.87101532363167))"
