id,zonepolygon
161139,"POLYGON((-1.765260940567266 53.79635327241519,-1.7663767395174612 53.79366627188089,-1.7584803161776175 53.787531153824474,-1.7498114166414847 53.78702407913184,-1.739340072647344 53.7905734732776,-1.738567596451055 53.795339330172595,-1.7456915435946097 53.80157468678242,-1.7510130462801565 53.80233503270105,-1.765260940567266 53.79635327241519))"
26866,"POLYGON((-1.549965641229254 53.804871387974096,-1.5407817575622618 53.80563167411231,-1.5340011331726133 53.80041076492437,-1.5234868738342344 53.788014838350016,-1.5304820749450743 53.78469342600662,-1.5488498422790586 53.784186317016164,-1.5679042551208555 53.78038280422376,-1.5680330011535704 53.79349079137727,-1.559578678338629 53.79838305212034,-1.549965641229254 53.804668642675445,-1.549965641229254 53.804871387974096))"
