id,zonepolygon
10780,"POLYGON ((-4.223384857177734 55.889368280713114, -4.203565430332452 55.87182498085385, -4.206226181675225 55.85747214669569, -4.233462957518894 55.82777426516838, -4.294022506853034 55.82563224894921, -4.353206836660998 55.777824571301146, -4.462680816650391 55.80788962127654, -4.518751245478927 55.84698616859141, -4.587181293448108 55.94068893792136, -4.561557769775391 55.972357324819754, -4.321231842041016 55.9000523841194, -4.223384857177734 55.889368280713114))"
