id,zonepolygon
85293,"POLYGON ((-77.61163049570708 43.161643296353546, -77.60184579722075 43.1620189383917, -77.59643846384672 43.16032853103181, -77.59497934214262 43.159577223859365, -77.5994425379434 43.14968415114946, -77.61174493749816 43.148332599053774, -77.62341791113097 43.154844819168375, -77.61163049570708 43.161643296353546))"
