id,zonepolygon
102821,"POLYGON((10.326610023783788 63.45049329229462,10.639720375346288 63.47012883178295,10.56624930601035 63.445582301949145,10.561442787455663 63.40626404345827,10.315623695658788 63.33270497488798,10.306010658549413 63.38981425033859,10.326610023783788 63.45049329229462))"
102826,"POLYGON((10.592781544082737 63.441165311418004,10.576817036026096 63.43149284556509,10.593811512344455 63.429112611262866,10.656811237686252 63.428575111636185,10.667282581680393 63.43801828018954,10.66110277211008 63.44454222858582,10.636040211074924 63.44469571535956,10.604626179092502 63.44423525257024,10.592781544082737 63.441165311418004))"
102825,"POLYGON((10.725660573068682 63.43989064935443,10.709867726388994 63.42668556429505,10.790205250803057 63.40363886961434,10.81835771662337 63.40394628073963,10.854749928537432 63.43620612158009,10.839643727365557 63.44326771681727,10.725660573068682 63.43989064935443))"
102836,"POLYGON((10.878950273715038 63.49814783440671,10.86865059109785 63.47301201781251,10.883070146761913 63.43434559513115,10.990873491488475 63.44631935534014,10.9702741262541 63.483130309076,10.938001787386913 63.49876062701145,10.878950273715038 63.49814783440671))"
