id,zonepolygon
10959,"POLYGON ((31.266533491053927 -29.517862300320164, 31.161117259963724 -29.781928296582368, 30.9839627189481 -29.74497227919498, 31.152534191116068 -29.478128694444067, 31.266533491053927 -29.517862300320164))"
101072,"POLYGON ((30.90689191007127 -29.825330056450365, 31.014351932043926 -29.87118814479161, 31.021626082892315 -29.87418382079627, 31.048126307959453 -29.87479783023379, 31.062041608328716 -29.86414516083399, 31.065313903326885 -29.865326779376073, 31.068253604407207 -29.873569807579006, 31.03694686078538 -29.909808718449188, 31.005833236212627 -29.931642436559574, 31.003639189238445 -29.923274030488052, 31.00262397312631 -29.92178624019414, 30.988219169611828 -29.91773189879579, 30.972241250510113 -29.913528599933137, 30.935795394415752 -29.903372995400478, 30.89988598012437 -29.84426023706804, 30.90689191007127 -29.825330056450365))"
32555,"POLYGON ((31.999974066215966 -28.9130715777414, 31.77612763066909 -28.773532478923855, 32.07550507207534 -28.55663653657401, 32.30759125371596 -28.66875548846624, 31.999974066215966 -28.9130715777414))"
10960,"POLYGON ((31.16291788866083 -29.78618410137689, 31.048224747361004 -29.87482731845323, 31.02142223106114 -29.874121039527893, 30.90537914024083 -29.824541236459602, 30.980051839215438 -29.747517236636064, 31.070111572922528 -29.762084064530686, 31.16291788866083 -29.78618410137689))"
32554,"POLYGON ((32.73229781386977 -27.865859214505026, 32.533170616604146 -28.288731629546174, 32.415067589260396 -28.53996408527472, 32.18847457168227 -28.454273871850543, 32.10607711074477 -27.841575493005664, 32.73229781386977 -27.865859214505026))"
10958,"POLYGON ((30.898770177228133 -29.844048540902737, 30.783826852863044 -29.974722933086614, 30.883743888532134 -30.06034437379496, 31.028013414158576 -29.91576713066221, 31.005771404140486 -29.93177565475581, 31.00365450500518 -29.92339081012233, 31.002567574131596 -29.921849376557045, 30.935505711896102 -29.903589246644678, 30.898770177228133 -29.844048540902737))"
