id,zonepolygon
90922,"POLYGON ((-79.88577121844894 43.274735556030976, -79.91941684833175 43.24723322211002, -79.78380436053878 43.218217303052086, -79.71226924010443 43.20520568257116, -79.69681971617865 43.20745789245684, -79.68617671080756 43.24173126454919, -79.87672083922553 43.279734645626995, -79.88873713561225 43.27273580519638, -79.89217036315131 43.27098596931196, -79.88839381285834 43.27048600696147, -79.88577121844894 43.274735556030976))"
90920,"POLYGON ((-79.05839041545906 43.10942045441502, -79.07444075420418 43.10860586005536, -79.08577040508308 43.09964460659334, -79.09804419353523 43.09607227279071, -79.09761504009285 43.07833286277073, -79.07718733623543 43.07902247643523, -79.06980589702644 43.08880161649598, -79.06602934673347 43.09132960111802, -79.05781009735509 43.10764584916219, -79.05839041545906 43.10942045441502))"
90919,"POLYGON ((-79.05576478961899 43.109282311198605, -79.04495012287094 43.10950162370744, -79.0289856148143 43.1089690062515, -78.97946130756333 43.09781430535925, -78.93967878345444 43.10019581663128, -78.92763298276856 43.100446496640004, -78.88331484321549 43.0911706527712, -78.88668906215622 43.08189340385421, -78.94459259036972 43.06659541233926, -79.03928529743149 43.07662731322814, -79.0586830330272 43.080200781226004, -79.07069932941391 43.085591935010754, -79.0701605460615 43.088583364255854, -79.06604067301463 43.09134131083655, -79.05720011210154 43.108199692871416, -79.05576478961899 43.109282311198605))"
90921,"POLYGON ((-79.20079148969343 43.10992003187659, -79.18396867475202 43.13172188880158, -79.19461168012312 43.18882092971023, -79.28662217816999 43.1760534089576, -79.27941240033796 43.15101130430867, -79.27460588178327 43.11220164212663, -79.21486772260359 43.10518356167044, -79.20079148969343 43.10992003187659))"
90923,"POLYGON ((-78.90392442368696 42.935125571300986, -78.92864366196821 42.96528082301576, -78.90941758774946 42.99291015795126, -78.81534715317915 43.00697123197406, -78.8126005711479 42.87175145603165, -78.88744493149946 42.836011949278614, -78.90392442368696 42.89137421503498, -78.90392442368696 42.93160649624446, -78.90392442368696 42.935125571300986))"
