id,zonepolygon
66726,"POLYGON ((24.807961040422086 -34.142879042011636, 24.810707622453336 -34.13918503951798, 24.835426860734586 -34.14032167287062, 24.859116130754117 -34.188898447532154, 24.840233379289273 -34.217009064521825, 24.823410564347867 -34.20991130858507, 24.796459728166226 -34.17583375946546, 24.79285483925021 -34.1528236305929, 24.807961040422086 -34.142879042011636))"
66724,"POLYGON ((25.48107381364214 -33.92994202918588, 25.601580100263234 -33.91256367493682, 25.641233878339406 -33.956287687258644, 25.674493270124074 -33.9789775767704, 25.65136189957964 -33.98721562258599, 25.635397391523 -33.99349592883994, 25.628101783002492 -33.99157897239478, 25.62363858720171 -33.990460357179444, 25.621750312055227 -33.988487733435115, 25.62170739671099 -33.985225131214804, 25.62192197343218 -33.97996956517274, 25.609133200849172 -33.98255401870528, 25.602309661115285 -33.98654842396868, 25.602352576459523 -33.98855000410668, 25.596001105512258 -33.99340697590145, 25.597631888593313 -33.99714291913378, 25.604251580442067 -33.99521270230938, 25.611300425733205 -33.991005211360374, 25.614824848378774 -33.992174968126506, 25.61869259377825 -33.99149446519887, 25.626677530015584 -33.99883960576904, 25.63013288577902 -33.99711790220311, 25.62346022030222 -33.9904147671814, 25.635349111760732 -33.99337584235094, 25.67432160874712 -33.978746259424774, 25.702431159223195 -34.02887401953824, 25.597803549970266 -34.06286862192467, 25.488626914228078 -34.009666025483035, 25.48107381364214 -33.92994202918588))"
66725,"POLYGON ((24.878256316658806 -33.99525827235988, 24.935934539315056 -34.00379714369546, 24.93662118482287 -34.07492101322385, 24.913961883065056 -34.095393623164234, 24.896832648743903 -34.112480903456735, 24.864597213250832 -34.119333180049345, 24.877030639139768 -34.02270198346624, 24.878256316658806 -33.99525827235988))"
