id,zonepolygon
86112,"POLYGON ((26.185020596845227 -29.058495213520832, 26.305870206220227 -29.035684577766595, 26.348442227704602 -29.158082486772283, 26.260551602704602 -29.250384414136416, 26.143821866376477 -29.173443296967747, 26.185020596845227 -29.058495213520832))"
