id,zonepolygon
26857,"POLYGON ((-112.01782706019698 33.743066728881914, -112.1510362887126 33.74406592236822, -112.15137961146651 33.625151687239736, -111.98229315516768 33.62608078372795, -112.01782706019698 33.743066728881914))"
107782,"POLYGON ((-112.1092205992065 33.46161169884213, -112.01824006942134 33.46247095120282, -112.0051938047729 33.45846103398827, -111.982877825769 33.45903389066004, -111.97841462996821 33.43353810576161, -112.01927003768306 33.42179033551784, -112.03849611190181 33.42780768475425, -112.07591829207759 33.42895379922328, -112.10887727645259 33.42866727202478, -112.1092205992065 33.46161169884213))"
26860,"POLYGON ((-112.24521649602436 33.736136809094894, -112.27577222112201 33.74270325511508, -112.47455609563373 33.61070704356754, -112.42745740559812 33.46852903823375, -112.24521649602436 33.736136809094894))"
26858,"POLYGON ((-111.69030316178817 33.64242198641135, -111.7747605592491 33.64185034438345, -111.57563336198348 33.262017829317145, -111.39367230241317 33.36415727355693, -111.69030316178817 33.64242198641135))"
26859,"POLYGON ((-111.76783702383192 33.74072613931263, -112.01228282461317 33.74015515079948, -112.04318187246473 33.901023206187936, -111.90928599844129 33.900453286915536, -111.76783702383192 33.74072613931263))"
26856,"POLYGON ((-112.15108919826015 33.66975442146783, -112.15511245867565 33.28949663177776, -112.4383537306483 33.44934465985867, -112.294765441791 33.6681874656861, -112.15108919826015 33.66975442146783))"
26855,"POLYGON ((-111.85848219943402 33.20380474243039, -111.57790167880414 33.2620288970643, -111.8241499240434 33.74276873043969, -112.01984389376996 33.741055794288, -111.85848219943402 33.20380474243039))"
10963,"POLYGON ((-111.98402004995944 33.6263737039381, -111.91828849473598 33.405114995473824, -111.97777653792502 33.43234047915468, -111.98301958599689 33.45898457153912, -112.00673836031558 33.45870709440355, -112.01778369703891 33.462734901186636, -112.0364411429465 33.462770703074455, -112.10980492392184 33.46141022094121, -112.10901099005343 33.42882387727307, -112.06921773710849 33.42878806137132, -112.03927892008429 33.42755240371274, -112.01830136337881 33.42206336397252, -111.97811516681318 33.43350220237949, -111.91819662907724 33.40483510694238, -111.88488560476901 33.2912537019328, -112.15508178555967 33.29235764910658, -112.15154315558823 33.62490787559671, -111.98436337271335 33.6263737039381, -111.98402004995944 33.6263737039381))"
