id,zonepolygon
86305,"POLYGON ((22.407755343915564 -33.937266621128096, 22.45582052946244 -33.92530260593395, 22.516845242211126 -33.95058098052754, 22.5154719511955 -34.01178943048695, 22.485538725278847 -34.032010741065754, 22.4284830018036 -34.01979346516961, 22.403356294441632 -33.98110231283421, 22.407755343915564 -33.937266621128096))"
87930,"POLYGON ((22.3799714151823 -34.03631444860741, 22.423230082174488 -34.0370706234648, 22.455502421041675 -34.05261953531224, 22.408810526510425 -34.06513445660026, 22.3799714151823 -34.03631444860741))"
86307,"POLYGON ((22.9015380336481 -34.05601190727741, 23.030970711870758 -34.057434093570535, 23.039304747705163 -34.07670219206609, 22.931595692719217 -34.094260058085915, 22.9015380336481 -34.05601190727741))"
86306,"POLYGON ((23.018123304087418 -33.99900917870006, 23.064815198618668 -33.98876185256325, 23.117000257212418 -34.00308299267156, 23.136226331431168 -34.0798948413092, 23.0665318123882 -34.085297499057354, 23.030482923228043 -34.040644143476015, 22.992262902148237 -34.02267043076093, 23.018123304087418 -33.99900917870006))"
