id,zonepolygon
10974,"POLYGON ((-121.48389606949769 38.58049836142575, -121.49136333939515 38.563453787316625, -121.51016026017152 38.56895680835318, -121.50709717747651 38.57711409379125, -121.50214581963502 38.585270452988404, -121.48389606949769 38.58049836142575))"
