id,zonepolygon
10974,"POLYGON ((-121.4677599000641 38.57164105593208, -121.47488384720765 38.55888998682622, -121.52217655655824 38.574056793011664, -121.54211609837495 38.612265795520095, -121.51862531182252 38.62497805249379, -121.46569996354066 38.57700925024001, -121.4677599000641 38.57164105593208))"
107045,"POLYGON ((-121.77176034919435 38.579707267945, -121.77141702644045 38.56373631125283, -121.79476297370607 38.56319941069996, -121.79407632819826 38.54185436533983, -121.76781213752443 38.52077159356302, -121.67254007331545 38.54131730135116, -121.67717493049318 38.57004459229161, -121.71870734769824 38.583720445113585, -121.77176034919435 38.579707267945))"
