id,zonepolygon
27145,"POLYGON ((-80.5619839172748 25.577096873857098, -80.29693875125918 25.57957427942382, -80.37239465090344 25.46326224481619, -80.55933389040538 25.46202234733555, -80.5619839172748 25.577096873857098))"
27140,"POLYGON ((-80.48676902846607 25.88382808052573, -80.1091139991692 25.884445840848752, -80.11271888808521 26.034465652644762, -80.44073214654631 26.029269782401613, -80.48676902846607 25.88382808052573))"
27552,"POLYGON ((-80.0433580383301 26.53862956404148, -80.06611362888081 26.3666867829164, -80.2547103014294 26.367148192394637, -80.23616341382603 26.53762240259152, -80.0433580383301 26.53862956404148))"
27144,"POLYGON ((-80.48722074050413 25.74098920073574, -80.19264981765257 25.749647987525417, -80.29770658034788 25.580687995129335, -80.54764554519163 25.578829963049273, -80.48722074050413 25.74098920073574))"
27085,"POLYGON ((-80.1507414868164 25.884767628138164, -80.48651114013671 25.881987688809176, -80.48668280151367 25.742907386389373, -80.19072315574115 25.75127070620126, -80.1507414868164 25.884767628138164))"
27142,"POLYGON ((-80.30054785571987 26.21062345654101, -80.087687748298 26.213087599288123, -80.07281378639064 26.30452383184974, -80.30215338600001 26.300830506865754, -80.30054785571987 26.21062345654101))"
27141,"POLYGON ((-80.53460185142707 26.0277623763707, -80.11272166459557 26.034468209129784, -80.10868773092743 26.081478597328726, -80.08948300200841 26.212510021428105, -80.38896791633292 26.207549295308983, -80.53460185142707 26.0277623763707))"
27143,"POLYGON ((-80.30251777738304 26.30233114581576, -80.07283485501976 26.304793343671516, -80.06594318812876 26.36569003646327, -80.30209838338267 26.365880474356175, -80.30251777738304 26.30233114581576))"
27086,"POLYGON ((-80.15082068964865 25.8843644367971, -80.1137096457186 25.884432004182948, -80.1243509988196 25.746788779087222, -80.18335959714723 25.776008227833756, -80.15082068964865 25.8843644367971))"
