id,zonepolygon
26850,"POLYGON ((-95.22688946468756 30.019371924811814, -95.40414615980595 30.094289006805976, -95.50513412650575 30.09341477955637, -95.61367519379151 30.052728024156806, -95.56576167466109 29.91208232042166, -95.55994810822841 29.665910667179404, -95.51255772638967 29.622379881703253, -95.45589763019545 29.59569864501242, -95.21039817755313 29.60278121283353, -95.15618053758152 29.643758003205477, -95.1441779187676 29.754071008258933, -95.19712083467192 29.921927971515217, -95.22688946468756 30.019371924811814))"
86279,"POLYGON ((-95.36551900555547 29.77175499522052, -95.40173955609258 29.731664941575247, -95.3339333121961 29.716161144586206, -95.31848378827031 29.74776250284998, -95.34371801068242 29.768849377996798, -95.36551900555547 29.77175499522052))"
61706,"POLYGON ((-94.77423631235254 29.330829037051434, -94.76359330698145 29.305085061964366, -95.11755906625879 29.068296336223078, -95.1563545374502 29.112998291841837, -94.82195817514551 29.311072612571344, -94.79861222787989 29.311072612571344, -94.78762589975489 29.31556304500632, -94.77423631235254 29.330829037051434))"
