id,zonepolygon
161308,"POLYGON((2.7884650173388748 49.398036421029694,2.7936148586474685 49.39250610507191,2.803742879887703 49.3927295642527,2.8142142238818435 49.400214859379986,2.825415128728035 49.400940984023045,2.8369593563281326 49.40311929353161,2.8430533352099685 49.40931856862962,2.8316378536425857 49.417694723846964,2.8334402981005935 49.422775561418845,2.8216814937793044 49.41881143654781,2.8033995571337966 49.41211077918656,2.799365514775398 49.41032378272617,2.795503133793953 49.40339855699304,2.7884650173388748 49.398036421029694))"
