id,zonepolygon
83627,"POLYGON ((-76.69335010272506 39.15827026716724, -76.678930547061 39.15374448286795, -76.645971562686 39.15587429997697, -76.6346419118071 39.17796734828752, -76.65335300189498 39.19672767916714, -76.68820026141647 39.19459909917705, -76.6924917958403 39.18129401330727, -76.69678333026413 39.162928858689874, -76.69335010272506 39.15827026716724))"
11012,"POLYGON ((-76.71266484969789 39.37828070488981, -76.53825689071351 39.37642302292994, -76.51971746200257 39.24227415343801, -76.53565041181292 39.20376114463503, -76.54869667646136 39.20056857011116, -76.56860939618792 39.19444906338058, -76.5782224332973 39.196577647915866, -76.62113777753558 39.237274416147805, -76.72001473066058 39.27316373646152, -76.71266484969789 39.37828070488981))"
27638,"POLYGON ((-78.11735249175304 39.18797583549748, -78.18206883086437 39.212519421556074, -78.20378399504894 39.18664531486382, -78.21176624907726 39.1590313283098, -78.15091229094737 39.13580057035543, -78.11735249175304 39.18797583549748))"
11009,"POLYGON ((-77.01669933045764 38.803932704869574, -76.90958263123889 38.894307099179244, -77.04004527772327 38.996307949134405, -77.12244273866077 38.93224078251385, -77.12692726820387 38.92825833910446, -77.03098989222939 38.799297873558295, -77.03141904567177 38.80170593670445, -77.03450895045692 38.80785950614753, -77.03458786010742 38.818578668934315, -77.03468061183388 38.8272531490254, -77.03111017397049 38.81992394015451, -77.03076685121658 38.799324259988566, -77.01669933045764 38.803932704869574))"
27637,"POLYGON ((-77.41001143067156 39.38348546270392, -77.40237249939715 39.38720040128859, -77.4025441607741 39.40109649811916, -77.38434805481707 39.40577212784104, -77.37065806000506 39.45168274964847, -77.42237104981218 39.4562887157209, -77.47601523011004 39.446049139492125, -77.47150911896502 39.40857403941079, -77.42074026673113 39.395624618514496, -77.41001143067156 39.38348546270392))"
