id,zonepolygon
32525,"POLYGON ((10.145894803228668 48.009402659292924, 10.207692898931793 48.00986202902564, 10.209409512701324 47.961375965509674, 10.147611416998199 47.96068626179544, 10.145894803228668 48.009402659292924))"
