id,zonepolygon
39907,"POLYGON ((8.258328295542254 48.85909590667097, 8.230175829721942 48.87174339368184, 8.218159533335223 48.879646449920436, 8.199620104624286 48.87942066564019, 8.179364062143817 48.87377572739177, 8.164944506479754 48.85299686903889, 8.20923314173366 48.82475089978041, 8.258328295542254 48.85909590667097))"
11515,"POLYGON ((8.210851948009918 48.783521452698906, 8.203642170177886 48.77809194228749, 8.224069874035308 48.761686729216805, 8.226816456066558 48.755009970382886, 8.244325916515777 48.75455727664393, 8.249819080578277 48.76406298854916, 8.239691059338043 48.77130422832887, 8.209122817701541 48.785557367683396, 8.210851948009918 48.783521452698906))"
11516,"POLYGON ((8.437328111832585 49.091683993893454, 8.52109886378571 49.03229468872987, 8.514232408707585 48.99896963540936, 8.511485826676335 48.98184810002131, 8.439388048356022 48.96787617372638, 8.388576280777897 48.95705650900778, 8.275279771988835 48.98590373224808, 8.307552110856022 49.054349001565974, 8.338451158707585 49.083589631198855, 8.437328111832585 49.091683993893454))"
