id,zonepolygon
271187,"POLYGON((2.172665398 41.392421251,2.172967147 41.392215001,2.173286777 41.392505092,2.173025261 41.392699603,2.172665398 41.392421251))"
271186,"POLYGON((2.170840782 41.379999418,2.171003949 41.379922269,2.171281111 41.379964198,2.171147001 41.380147006,2.170840782 41.379999418))"
271183,"POLYGON((1.242236856 41.118398363,1.242370967 41.118081794,1.2432078156968407 41.11826904091439,1.2431952987501216 41.11836872649281,1.243145230877154 41.11848053579513,1.2428573406804722 41.118521621983994,1.242236856 41.118398363))"
271184,"POLYGON((2.179062152 41.396221197,2.179401898 41.395946213,2.179947281 41.396375456,2.179634356 41.396677265,2.179062152 41.396221197))"
271185,"POLYGON((2.139044895 41.379277146,2.139921976926389 41.37830371287291,2.141378416 41.379069177,2.140314474 41.380021802,2.139044895 41.379277146))"
