id,zonepolygon
160632,"POLYGON((6.110707369716062 45.90280930432507,6.120277491481199 45.897134887407695,6.1431513699602025 45.90504904610243,6.136885729701413 45.911230264546425,6.1283455761979955 45.91224547132688,6.1198054226945775 45.91128998310637,6.110707369716062 45.90280930432507))"
