id,zonepolygon
165126,"POLYGON((1.8312893622633952 50.95285757505967,1.8380699866530437 50.948531784422414,1.836610864948942 50.93852685153353,1.8525753730055827 50.93663378418571,1.8760929816481609 50.93560608677975,1.8996964209792155 50.93490291231077,1.9050179236647624 50.944638228619695,1.9055329077956218 50.95658824611837,1.9007263892409343 50.97183222345227,1.8786679023024577 50.97766901779717,1.8418465369460124 50.97004861218596,1.8280277961012859 50.95923738139186,1.8312893622633952 50.95285757505967))"
