id,zonepolygon
32948,"POLYGON ((7.763177979321538 48.60603680462281, 7.713052857251226 48.602404413591465, 7.691766846509038 48.57878750382749, 7.697946656079351 48.55288705535684, 7.737772095532476 48.54606894318355, 7.781030762524663 48.5524325431256, 7.807123291821538 48.560613138617924, 7.814676392407476 48.60149627501408, 7.763177979321538 48.60603680462281))"
32950,"POLYGON ((7.844210590048348 48.035725927423066, 7.797518695517098 48.017357163843705, 7.781725848837411 47.9943870030911, 7.788592303915536 47.97324542007929, 7.832537616415536 47.96680930650695, 7.868929828329598 47.98243847665649, 7.875109637899911 48.01000782537483, 7.872363055868661 48.02883840823814, 7.844210590048348 48.035725927423066))"
32947,"POLYGON ((7.34679121877682 48.11578079124243, 7.314518879909633 48.099274896853636, 7.274693440456508 48.103860399255346, 7.254094075222133 48.08322241720891, 7.276066731472133 48.06900032194015, 7.281559895534633 48.05936376573661, 7.30559248830807 48.05110242447456, 7.330998372097133 48.06165834751858, 7.355717610378383 48.05247940673454, 7.38798994924557 48.07542369047535, 7.38798994924557 48.11211327281968, 7.34679121877682 48.11578079124243))"
32951,"POLYGON ((8.228409782626178 48.77224222027403, 8.221200004794147 48.765566864658105, 8.231499687411334 48.75979592691455, 8.240769401766803 48.75775896703988, 8.245747581698444 48.76228543236473, 8.228409782626178 48.77224222027403))"
32949,"POLYGON ((7.728587167232384 48.27526785858004, 7.719489114253868 48.27435385302012, 7.7133093046835555 48.267269755543985, 7.721377389400352 48.25915611507302, 7.729960458248009 48.25835610894014, 7.734080331294884 48.266127067203726, 7.740431802242149 48.26658414560564, 7.735625283687462 48.27401109671981, 7.728587167232384 48.27526785858004))"
