id,zonepolygon
31154,"POLYGON ((-113.65823163884258 53.563322305772154, -113.57961072819805 53.580549281260026, -113.42133893864727 53.58024353814582, -113.34512128728008 53.56984695645995, -113.34134624662715 53.43328099157591, -113.57300289741538 53.427029750139965, -113.66012066880909 53.47802633295453, -113.65823163884258 53.563322305772154))"
