id,zonepolygon
27877,"POLYGON ((14.373269905822967 36.011471217656485, 14.393525948303436 35.99341777119627, 14.394588103073334 35.99345249332908, 14.374278416412567 35.98438949808199, 14.354430069702362 35.9754991120806, 14.334452976959442 35.966677192454945, 14.324421515243744 35.962161655353825, 14.314218392151092 35.95729848047406, 14.292245735901092 35.99063995104952, 14.373269905822967 36.011471217656485))"
27876,"POLYGON ((14.313599206995145 35.95745287205168, 14.325014688562527 35.93813620217858, 14.331081845354214 35.925709023153225, 14.362324215959683 35.9366029998192, 14.3787527461759 35.942386014147075, 14.381190874170438 35.95022704484382, 14.386308528970853 35.95304971226362, 14.410308935236111 35.96688366644024, 14.407701828073636 35.969653639738425, 14.418698885034695 35.974055873816745, 14.394966699670926 35.993572092140546, 14.313599206995145 35.95745287205168))"
27878,"POLYGON ((14.188905586975311 36.10690227065697, 14.170022835510467 36.02447813424935, 14.287439217346405 36.00059509344596, 14.359880318420624 36.04446767231537, 14.188905586975311 36.10690227065697))"
188582,"POLYGON((14.3460535660921 35.86831104472099,14.487416710013 35.93741780813672,14.425275291555968 35.96882265021214,14.410340751761046 35.966877580281,14.381201233023253 35.950238327971675,14.37879797374591 35.94245592986077,14.331204856985655 35.925881037229566,14.323480095022765 35.897448918689854,14.3460535660921 35.86831104472099))"
27873,"POLYGON((14.515714769271577 35.909095982596426,14.487396006492341 35.93741750379838,14.346059684661592 35.86825640083486,14.369502191451753 35.836555035858595,14.543566827682222 35.78811110225534,14.601245050338472 35.864939460514975,14.526207570937837 35.902821694568146,14.521722917464936 35.90692350149549,14.515714769271577 35.909095982596426))"
