id,zonepolygon
12584,"POLYGON ((113.17814049777778 28.309723600709905, 112.81610665378363 28.348708028327927, 112.87515816745551 28.07763776543804, 113.18174538669379 28.098082737723967, 113.17762551364692 28.1978285529481, 113.17814049777778 28.309723600709905))"
