id,zonepolygon
100752,"POLYGON ((117.27974187687833 39.03471150482244, 117.19940435246427 39.02484362092013, 117.11906682805021 39.06297403089275, 117.0689417059799 39.18389497490134, 117.1085090525484 39.2476986192254, 117.21150587872027 39.256206114027094, 117.3282356150484 39.177472410336854, 117.34746168926715 39.08372824852614, 117.27974187687833 39.03471150482244))"
12583,"POLYGON ((116.29710502305807 39.98289105169229, 116.26895255723775 39.97078892689319, 116.2771923033315 39.8712598844013, 116.29298515001119 39.832251438437744, 116.34791679063619 39.83277872735271, 116.47026778036678 39.83676067189813, 116.4855020708786 39.84232404463076, 116.49442846248016 39.92504668355564, 116.54386693904266 40.025836522736505, 116.69012243220675 40.056851780583145, 116.68647053107884 40.13154661801964, 116.39258625373509 40.12314631903393, 116.25525715217259 40.07797692814088, 116.29023856797994 40.01024447660991, 116.29710502305807 39.98289105169229))"
