id,zonepolygon
31157,"POLYGON ((106.62355132378816 29.765650169618123, 106.62149138726473 29.725706746558927, 106.56449981011629 29.689923016351752, 106.57823272027254 29.661883524001272, 106.53085418023348 29.635029876376933, 106.47866912163973 29.617720397193757, 106.44021697320223 29.535310430751753, 106.43889576715378 29.48601564617924, 106.4725413970366 29.459115201867633, 106.52472645563034 29.45014680121014, 106.5666118316069 29.46389802470947, 106.57347828668503 29.49378555661987, 106.5878978423491 29.499762005283458, 106.58927113336472 29.51768923504115, 106.60334736627487 29.55293685612219, 106.60781056207566 29.591754752017277, 106.61330372613816 29.615635268273557, 106.6325298003569 29.6675558565585, 106.63115650934128 29.68366369723129, 106.61673695367722 29.685453298008653, 106.61879689020066 29.696786696268454, 106.6490092925444 29.692611382468368, 106.66823536676316 29.707522420651213, 106.67922169488816 29.750453839445953, 106.62355132378816 29.765650169618123))"
