id,zonepolygon
12585,"POLYGON ((103.7055194122529 30.60847879648742, 103.7934100372529 30.493762240957807, 103.96644470522165 30.368247042194543, 104.10377380678415 30.336250395106187, 104.22874328920602 30.310171318894334, 104.34135315248727 30.336250395106187, 104.48280212709665 30.54818080738092, 104.4251239044404 30.745487380255987, 104.35507117683665 30.89999136219541, 104.23559485847727 30.960069511779466, 104.08178626472727 30.93886976943016, 103.96505652839915 30.91413079297702, 103.7700492041804 30.82926288998711, 103.67803870613352 30.701305090167217, 103.7055194122529 30.60847879648742))"
