id,zonepolygon
12586,"POLYGON ((121.5538639912076 38.980415458169844, 121.61772202343417 38.93556446081784, 121.66029404491854 38.94784791330995, 121.73925827831698 38.92915485823493, 121.68638657421542 38.835615684815146, 121.57171677441073 38.836150544163615, 121.51129196972323 38.964400503744685, 121.5538639912076 38.980415458169844))"
