id,zonepolygon
12587,"POLYGON ((119.70424416132127 25.947897802631974, 119.47215797968065 26.00407018914435, 119.37740089960252 26.046027632076513, 119.37259438104783 26.110168798156387, 119.28470375604783 26.133596222906988, 119.2222190148369 26.113251622394994, 119.22153236932908 26.03553967794648, 119.29225685663377 25.976740919993784, 119.37190773554002 25.95389952622248, 119.50099709100877 25.947725415472245, 119.68982460565721 25.91067395390863, 119.70424416132127 25.947897802631974))"
