id,zonepolygon
12591,"POLYGON ((113.38689118623734 23.087976746471924, 113.39187003672123 23.09524111687063, 113.40560261160135 23.109767445863856, 113.41041214764118 23.18205836061955, 113.59337568283081 23.156775418370398, 113.58650922775269 23.012756327612056, 113.52608442306519 22.886297037662835, 113.35991621017456 22.84896899772459, 113.22052717208862 22.934365487783726, 113.186194896698 23.054777828929733, 113.25207226560451 23.08694821731204, 113.30299552821089 23.086108499237156, 113.32358099520206 23.08576842834653, 113.38689118623734 23.087976746471924))"
12590,"POLYGON((113.26383378395167 23.413670252389778,113.1663301218423 23.324164834045888,113.19276597389309 23.19103616919679,113.21096207985012 23.12220195944961,113.24014451393215 23.103887591061127,113.25369442830738 23.08693246658612,113.32354927432326 23.085767585458576,113.38689232241896 23.087978370972095,113.3918705023506 23.095242124472744,113.40560341250685 23.109768453356963,113.41041217243927 23.18205678778511,113.40131411946075 23.22355206594771,113.37161670124783 23.415713267831773,113.30811220549039 23.439263465011525,113.26383378395167 23.413670252389778))"
