id,zonepolygon
85913,"POLYGON ((110.23727243620132 20.042240941387167, 110.23212259489273 19.970945387166072, 110.32687967497085 19.96191016219021, 110.40721719938492 19.995144331378036, 110.39279764372085 20.053529127680275, 110.38181131559585 20.09882022834179, 110.32825296598648 20.10333397123459, 110.27023142057632 20.042064939644458, 110.23727243620132 20.042240941387167))"
