id,zonepolygon
12597,"POLYGON ((126.24246590280707 45.60831687511562, 126.48141853952582 45.65921080966311, 126.53360359811957 45.64097112882687, 126.76706307077582 45.63905081689664, 126.84946053171332 45.75415304397531, 126.76156990671332 45.850847137000144, 126.68054573679144 45.84989059229795, 126.62561409616644 45.87284312482654, 126.51163094186957 45.85945529904622, 126.45120613718207 45.825971628260326, 126.4635657563227 45.71389421430927, 126.20950691843207 45.65345155214113, 126.24246590280707 45.60831687511562))"
