id,zonepolygon
12596,"POLYGON ((120.25707459195951 30.046279347780352, 120.07786011442045 30.1977288850169, 120.07510546417481 30.32822695888666, 120.24196032257325 30.358448766259325, 120.45379046173343 30.377999079811485, 120.46134356231937 30.27072274498181, 120.44280413360843 30.140734743246835, 120.25707459195951 30.046279347780352))"
27022,"POLYGON ((120.28779129635981 30.48341603665514, 119.85425083501816 30.2873204045167, 119.9054059253502 30.12844561182706, 120.01200764043809 30.034052042357974, 120.13783542974473 30.05374556475622, 120.20075902311928 30.08665302377778, 120.07772558054876 30.19810230624091, 120.07512137732145 30.328356664701765, 120.24355971175139 30.358004101294096, 120.41543127372039 30.37638790196346, 120.39933314783306 30.417186536437985, 120.36690816936208 30.49765027040649, 120.28779129635981 30.48341603665514))"
27023,"POLYGON ((119.8825874471707 30.3007970175591, 120.28959657192657 30.484257612799503, 120.36315347195098 30.49712687892315, 120.22488023281524 30.54503882342546, 120.07793809414336 30.53025370641869, 119.9206962728543 30.473457949962672, 119.8712577962918 30.39116369360899, 119.84859849453399 30.28567838486468, 119.87889672756621 30.298870262592228, 119.8822441244168 30.300500596182424, 119.8825874471707 30.3007970175591))"
