id,zonepolygon
31158,"POLYGON ((102.63284769297823 25.126970686491116, 102.62254801036104 25.04177256584539, 102.66512003184542 24.922271183512304, 102.76468363047823 24.86995285171157, 102.75507059336886 24.778342482303426, 102.8512009644626 24.749037807673307, 102.9054459595798 24.84877008366976, 102.8676804566501 24.91542123524666, 102.9171189332126 24.99884012662454, 102.96999063731417 25.079092909759893, 102.89789285899386 25.131943925797167, 102.82785501719698 25.05919014084992, 102.76674356700167 25.081580528453568, 102.83197489024386 25.134430469515923, 102.7351578736423 25.20838197171759, 102.63284769297823 25.126970686491116))"
