id,zonepolygon
12602,"POLYGON ((118.76331011108056 32.13664916756105, 118.64383379272118 31.972536138380132, 118.8869063024868 31.699530045448537, 118.97342363647118 32.18547695855403, 118.76331011108056 32.13664916756105))"
