id,zonepolygon
27057,"POLYGON ((120.41302029777465 36.315340675860114, 120.42263333488403 36.291269360272075, 120.46966855216918 36.05708257300889, 120.5476028173059 36.07595389700395, 120.459368869552 36.32833713618458, 120.39449366325223 36.375618114527526, 120.24720820182645 36.387503482506204, 120.12184758172421 36.37506526250683, 120.0281204699078 36.246143672387454, 119.99103309292376 36.11684755184938, 120.03111254578079 35.99347801616308, 120.06535977085126 35.861561541121254, 120.20989865024579 35.864343899503616, 120.36714047153485 35.951382326485664, 120.33830136020673 36.024442798221344, 120.28130978305829 36.03999066213669, 120.23393124301923 36.080234260440236, 120.1388308401872 36.14175439985333, 120.20440548618329 36.198570840570206, 120.27032345493329 36.16919772620052, 120.3479143973161 36.18693375428852, 120.30885334236919 36.24839837281043, 120.33872242195903 36.29074898698366, 120.35245533211528 36.30873412504769, 120.37683124764263 36.31288395257033, 120.41302029777465 36.315340675860114))"
27056,"POLYGON ((120.28371187283159 36.03967698515298, 120.47253938748003 36.041897866878415, 120.42257956026008 36.28844625391126, 120.41227987764289 36.31749796549738, 120.34807852266242 36.30892191939863, 120.34498861787726 36.29342731587416, 120.32061270234992 36.261044729680734, 120.3144328927796 36.23751049595866, 120.3635280465882 36.18460183739073, 120.26911428926398 36.05286769936571, 120.28371187283159 36.03967698515298))"
