id,zonepolygon
12608,"POLYGON ((123.51620776804143 41.626809099850036, 123.5258208051508 41.7129789158156, 123.6082182660883 41.76421570432449, 123.60409839304143 41.837924855484204, 123.54367358835393 41.90439500732809, 123.46402270944768 41.91972445667217, 123.27588184030705 41.84713253750488, 123.28274829538518 41.75602056524363, 123.3060942426508 41.701701336755434, 123.50110156686955 41.62270289843576, 123.51620776804143 41.626809099850036))"
