id,zonepolygon
101702,"POLYGON ((121.51994770256131 31.24896742125167, 121.53265064445584 31.249334312923303, 121.54998844352811 31.260395427340395, 121.56483715263455 31.27284909421908, 121.56694000450223 31.279304545552897, 121.5672404119119 31.285759555054053, 121.56071727958768 31.297494803828812, 121.5588290044412 31.306221947671336, 121.56037395683377 31.319494456956797, 121.5565974065408 31.330932245909832, 121.55144756523221 31.335624270122025, 121.53393810478299 31.34031606039951, 121.50509899345487 31.35644230499551, 121.50063579765408 31.35439002742563, 121.50218075004666 31.35043193705139, 121.50226658073514 31.347133401152593, 121.5002066442117 31.343541530504556, 121.49093692985623 31.330565671666847, 121.48535793510526 31.32360048979903, 121.4848429509744 31.316561466729482, 121.48552959648221 31.30453525179269, 121.4897782155618 31.29272753521136, 121.4911300489053 31.290050424812193, 121.49102276054471 31.285539505187025, 121.49063652244656 31.276517018494168, 121.49778192726224 31.276333625667796, 121.5003675767526 31.27565506910982, 121.50655275074094 31.27029063260491, 121.50621479240506 31.266099740921266, 121.51994770256131 31.24896742125167))"
101711,"POLYGON ((121.5023098752916 31.409211803676286, 121.509766416353 31.403873291209706, 121.5154205129564 31.4096055412831, 121.50860770205857 31.41343295099177, 121.5023098752916 31.409211803676286))"
12607,"POLYGON ((121.46362941512439 31.389075711604825, 121.33728664168689 31.33865285391112, 121.25832240828845 31.24359685097207, 121.4093844200072 31.019662037365247, 121.4196841026243 30.989646429256595, 121.8659725903592 30.81259698613742, 121.94974334231233 30.822621764870576, 122.00467498293733 30.932236237912026, 121.89618499270296 31.1275800254225, 121.81790740481233 31.233321603668738, 121.65860564699983 31.34950079846626, 121.52268092879626 31.391420302414897, 121.46362941512439 31.389075711604825))"
101710,"POLYGON ((121.49622159494997 31.245468672521376, 121.49550276293398 31.245482431494548, 121.49534183039309 31.245913544972307, 121.49521308436037 31.246771179762195, 121.49780409826876 31.24797735882619, 121.49875896467806 31.24649600367288, 121.49622159494997 31.245468672521376))"
