id,zonepolygon
12612,"POLYGON ((114.1585645454889 30.7724551098656, 114.27907083211 30.801064395417757, 114.53072635833638 30.463823252679667, 114.09539310638326 30.460272065644837, 114.1585645454889 30.7724551098656))"
