id,zonepolygon
12613,"POLYGON ((118.112327683996 24.411481480742875, 118.14254008633975 24.41460774198279, 118.21395121915225 24.458367265935205, 118.24073039395694 24.535846821819987, 118.25823985440617 24.59298859430609, 118.27437602383976 24.63356527451054, 118.27197276456242 24.676000625746376, 118.27489100797062 24.695809248214772, 118.23592387540226 24.695029440719797, 118.19300853116398 24.734013834475977, 118.12743388516789 24.748668807292066, 118.0453797469843 24.663833140119856, 118.0041160504868 24.631009573440412, 117.98969649482274 24.56795270464973, 117.97939681220555 24.443619119034338, 118.112327683996 24.411481480742875))"
