id,zonepolygon
12614,"POLYGON ((108.67264305085395 34.50298532123257, 108.78751972896336 34.15391963864389, 109.12809590083836 34.16528330160069, 109.07865742427586 34.43528656436489, 108.67264305085395 34.50298532123257))"
