id,zonepolygon
12632,"POLYGON ((-48.437651011820094 -1.467933286994278, -48.45790705430056 -1.4796023992455012, -48.487089488382594 -1.4785727741561052, -48.503568980570094 -1.4744542690260103, -48.50494227158572 -1.451459142600581, -48.49670252549197 -1.4387602409766411, -48.49326929795291 -1.4034088742095159, -48.48228296982791 -1.3234373267455037, -48.45275721299197 -1.3254967129155901, -48.4215148423865 -1.3347639294476399, -48.39847024379344 -1.3724222396689938, -48.417352995258284 -1.407505803802968, -48.43898232875438 -1.4174591383466395, -48.437651011820094 -1.467933286994278))"
