id,zonepolygon
12632,"POLYGON((-48.437651011820094 -1.467933286994278,-48.45790705430056 -1.4796023992455012,-48.487089488382594 -1.4785727741561052,-48.503568980570094 -1.4744542690260103,-48.51009211289432 -1.4619271025056613,-48.50494227158572 -1.451459142600581,-48.49670252549197 -1.4387602409766411,-48.49326929795291 -1.4034088742095159,-48.48640284287479 -1.3646247216991343,-48.442800853128695 -1.3711459951041018,-48.435591075296664 -1.383845265937045,-48.42044290004344 -1.3861511707785599,-48.42027123866649 -1.3954556282197585,-48.41838296352 -1.4095651178937718,-48.43898232875438 -1.4174591383466395,-48.437651011820094 -1.467933286994278))"
160618,"POLYGON((-48.486233642831294 -1.3637845221990192,-48.48314373804614 -1.3490257805250823,-48.49584667994067 -1.292735812790389,-48.46958248926684 -1.2887886029633608,-48.44331829859301 -1.2882737490562364,-48.41447918726489 -1.3280888075889932,-48.42100231958911 -1.386094075858255,-48.435765198007076 -1.3836915185801586,-48.44366162134692 -1.3706490224319052,-48.486233642831294 -1.3637845221990192))"
160619,"POLYGON((-48.4184307055432 -1.4096806920884526,-48.35113944577758 -1.3774178987031855,-48.35903586911742 -1.3176962637841556,-48.416370769019764 -1.3152936388799479,-48.418087382789295 -1.3221582753117807,-48.413624186988514 -1.3279932013578601,-48.420833964820545 -1.385655249586978,-48.4184307055432 -1.4096806920884526))"
