id,zonepolygon
107041,"POLYGON ((-55.80843549660248 -14.93841887933507, -55.7794247238974 -14.938253019457182, -55.77616315773529 -14.951853103916873, -55.79813581398529 -14.966613195617828, -55.80843549660248 -14.93841887933507))"
107040,"POLYGON ((-56.16161736492552 -15.73101378626851, -56.23028191570677 -15.61068953437434, -56.07715996746458 -15.510806432017054, -55.95837029461302 -15.606060264610866, -55.99407586101927 -15.681438205408622, -56.16161736492552 -15.73101378626851))"
