id,zonepolygon
108024,"POLYGON ((-48.715055876183996 -26.847171397942038, -48.627165251183996 -26.84073854821795, -48.62407534639884 -26.935662505282078, -48.7153991989379 -26.945762615055866, -48.73565524141837 -26.87933016199017, -48.715055876183996 -26.847171397942038))"
108025,"POLYGON ((-48.55302757712004 -25.513376549547772, -48.53809303732512 -25.502066727341923, -48.49517769308684 -25.49695371841735, -48.488482899385666 -25.518179028504925, -48.516978687959885 -25.542653193335052, -48.54633278341887 -25.537077240614515, -48.55302757712004 -25.513376549547772))"
108023,"POLYGON ((-48.696965116418376 -26.764830285140956, -48.67070092574455 -26.75594027786574, -48.64151849166252 -26.762224665413914, -48.60701455489494 -26.789044361971918, -48.612851041711345 -26.812487247574335, -48.67739571944572 -26.797012422173374, -48.696965116418376 -26.764830285140956))"
108026,"POLYGON ((-48.48901960934094 -25.74240655997235, -48.52232191646985 -25.72508730016742, -48.452284074672974 -25.629167223379994, -48.41795179928235 -25.642786385712895, -48.48901960934094 -25.74240655997235))"
12643,"POLYGON ((-49.333804698556555 -25.374110939324442, -49.355777354806555 -25.391170848201615, -49.360583873361236 -25.406367645597825, -49.36848029670109 -25.427143841667053, -49.35989722785342 -25.447916456705908, -49.34959754523624 -25.48883112309897, -49.32899818000187 -25.52725342923272, -49.280932994454986 -25.55265497248733, -49.16694984015812 -25.524774941829133, -49.13673743781437 -25.43427514312732, -49.14566382941593 -25.39024036986643, -49.15768012580265 -25.366355638687775, -49.17518958625186 -25.35177432614585, -49.24110755500186 -25.330054218184817, -49.32213172492374 -25.366665860270228, -49.333804698556555 -25.374110939324442))"
