id,zonepolygon
12642,"POLYGON ((-49.260240623349034 -25.54254134453748, -49.22590834795841 -25.57289478745457, -49.147630760067784 -25.566081418674717, -49.14076430498966 -25.533867520181527, -49.14076430498966 -25.492348392923677, -49.175096580380284 -25.49420776534557, -49.260240623349034 -25.54254134453748))"
12643,"POLYGON ((-49.313891978829986 -25.372249712569765, -49.360583873361236 -25.406367645597825, -49.35989722785342 -25.447916456705908, -49.3420444446503 -25.486971667485278, -49.31869849738467 -25.524774941829133, -49.280932994454986 -25.55265497248733, -49.198535533517486 -25.506184654666004, -49.15115699347842 -25.43427514312732, -49.16351661261905 -25.38837939168003, -49.17518958625186 -25.35177432614585, -49.24110755500186 -25.330054218184817, -49.313891978829986 -25.372249712569765))"
