id,zonepolygon
12652,"POLYGON ((-49.33266783132888 -16.6212268361494, -49.34777403250075 -16.66530476617551, -49.36562681570388 -16.727128331524145, -49.320994857696064 -16.803393608487138, -49.20701170339919 -16.786302327196797, -49.16031980886794 -16.771839272400978, -49.18229246511794 -16.65214823660752, -49.21250486746169 -16.613331211735836, -49.33266783132888 -16.6212268361494))"
86124,"POLYGON ((-48.687705318531634 -17.680966063133347, -48.561362545094134 -17.644326569275183, -48.553122799000384 -17.78430147739944, -48.61698083122695 -17.81829754848782, -48.665732662281634 -17.80587665810212, -48.687705318531634 -17.680966063133347))"
86123,"POLYGON ((-48.79375878012282 -17.75846284776152, -48.738998800874775 -17.7545392405146, -48.743976980806416 -17.82008487535372, -48.78225746786696 -17.816979765001655, -48.79375878012282 -17.75846284776152))"
