id,zonepolygon
83799,"POLYGON ((-38.984851636674094 -3.5927496365244442, -38.951377668168234 -3.592578312503323, -38.947086133744406 -3.62393007118548, -38.97644022920339 -3.627870379491778, -38.984851636674094 -3.5927496365244442))"
27077,"POLYGON ((-38.619952867855204 -3.6697201009499913, -38.67900438152708 -3.7820919269125164, -38.630939195980204 -3.8293659881778175, -38.52725572430052 -3.8684165058706417, -38.463397692073954 -3.889653752352197, -38.383746813167704 -3.7738700869153274, -38.468890856136454 -3.669034863088878, -38.619952867855204 -3.6697201009499913))"
32067,"POLYGON ((-38.40829025331948 -3.8100920298106518, -38.37533126894448 -3.8585634553224644, -38.388892517723775 -3.8702098888227994, -38.41927658144448 -3.82550726859003, -38.40829025331948 -3.8100920298106518))"
32066,"POLYGON ((-38.374585512943845 -3.85881796082812, -38.35329950220166 -3.886221070529112, -38.363599184818845 -3.9125957228469193, -38.38694513208447 -3.9218437812148332, -38.41698587305127 -3.8940993000680315, -38.37355554468213 -3.857105237053628, -38.37252557642041 -3.8574477820847157, -38.374585512943845 -3.85881796082812))"
32068,"POLYGON ((-38.740951634181094 -3.61083511235827, -38.75056467129047 -3.62711042336539, -38.69460306240375 -3.6588036078714032, -38.68069849087055 -3.65246506034024, -38.68910989834125 -3.63619020644805, -38.740951634181094 -3.61083511235827))"
