id,zonepolygon
108117,"POLYGON((-73.99782150227618 40.7735728694129,-73.99741380650592 40.77353224485806,-73.97692172963214 40.7655612266686,-73.97166459996295 40.763509408238455,-73.96666496235919 40.76149003201536,-73.95181625325274 40.75548436153341,-73.96469085652423 40.744576871716106,-73.97378890950274 40.7150477769664,-73.97936790425372 40.70912737314758,-74.02065246541095 40.696894542082184,-74.01610343892169 40.72948875124266,-74.00940864522052 40.76187197105594,-73.99782150227618 40.77367036824319,-73.99782150227618 40.7735728694129))"
108118,"POLYGON((-73.9534158328984 40.837374998969,-73.93453966216539 40.83193550149938,-73.93396444169365 40.82593320938279,-73.93334715636773 40.80981895643933,-73.92776816161675 40.79841683102222,-73.9407913752137 40.77461278171976,-73.93830725132108 40.7709111641743,-73.95172077943214 40.75548937390584,-73.95565001646654 40.75706770976535,-73.95990856769251 40.75873235542315,-73.96531590106653 40.76104030470492,-73.96986492755579 40.7628931074056,-73.98145207050013 40.76731362101062,-73.99784573199915 40.77387884117152,-73.9534158328984 40.837374998969))"
108119,"POLYGON((-73.95765699601924 40.72960559427094,-73.74342359758174 40.57804394659406,-73.69740446301928 40.77138874688488,-73.77591092925339 40.79822168585499,-73.82122953276901 40.80134041966751,-73.8538451943901 40.796402356795774,-73.86341531615524 40.78607022132181,-73.86666615348129 40.78823100524594,-73.87447138171463 40.784372413201524,-73.88261993270187 40.78402309801321,-73.92594297271042 40.80140539173044,-73.94075928726704 40.77463994148256,-73.93829691537056 40.77090665077894,-73.9581908076236 40.747951005571714,-73.96212019182002 40.74440106379623,-73.96383680558955 40.73376816888511,-73.95765699601924 40.72960559427094))"
108134,"POLYGON((-73.95319380021846 40.726467231088755,-73.85345854020869 40.65600213869865,-73.74316610551631 40.57791719088784,-73.7465135023669 40.577754214933634,-73.978828562351 40.53059766337971,-74.05985273227287 40.63176804112746,-74.01527799647027 40.685260914788365,-73.99806179130991 40.70294647982704,-73.9862958348678 40.706997762639325,-73.9768723407471 40.71008463319316,-73.96779216938029 40.717351226742274,-73.96382607675349 40.73376410399791,-73.95850725627696 40.73017826860482,-73.95319380021846 40.726467231088755))"
