id,zonepolygon
108159,"POLYGON((12.489937758860767 41.905202759610326,12.490302539286793 41.90545827736774,12.49087116759795 41.905090970269896,12.490463471827686 41.904715676052575,12.49013087790984 41.904715676052575,12.489744639811695 41.904963210784004,12.489937758860767 41.905202759610326))"
