id,zonepolygon
12653,"POLYGON ((-34.8295269254192 -7.07486782179046, -34.86523249182545 -7.093265725454804, -34.9833355191692 -7.120861202053385, -34.99586679968678 -7.153735126781221, -34.83708002600514 -7.172981456194152, -34.801717782352796 -7.17332209187151, -34.78729822668873 -7.156630644176627, -34.8295269254192 -7.07486782179046))"
61851,"POLYGON ((-35.97202184230427 -7.23594171134463, -35.88687779933552 -7.17224718179154, -35.81855657130818 -7.219252566882426, -35.89546086818318 -7.303032641109377, -35.97202184230427 -7.23594171134463))"
