id,zonepolygon
65351,"POLYGON ((-60.02873098992722 -2.066796245245359, -60.037829042905734 -2.0654238470153286, -60.02817309045212 -2.0402058193154247, -60.01941836022751 -2.040506036266164, -59.99972021722214 -2.0435510907407117, -60.00727331780808 -2.0712565312958997, -60.02873098992722 -2.066796245245359))"
65352,"POLYGON ((-59.955418906531236 -3.1900910384975574, -60.1346333840703 -3.0858774283829873, -60.03438313992967 -2.9178801791092326, -59.84074910672655 -3.0337667693880683, -59.955418906531236 -3.1900910384975574))"
