id,zonepolygon
12661,"POLYGON ((-35.091119571568356 -6.183275558736967, -35.09652690494238 -6.187456779032279, -35.10442332828222 -6.1925765955637155, -35.12193278873144 -6.206911817641255, -35.08931712711035 -6.229096511108822, -35.06906108462988 -6.258105848983559, -35.06133632266699 -6.258276487389873, -35.046487613560544 -6.258532444894859, -35.0360162695664 -6.2533279509859705, -35.03850535953222 -6.227048732476452, -35.07112102115332 -6.2209053486748065, -35.088630481602536 -6.182166249843765, -35.091119571568356 -6.183275558736967))"
12660,"POLYGON ((-35.19059733951269 -5.987404196675539, -35.19231395328222 -5.993208813736108, -35.221496387364255 -5.9529166726146485, -35.28157786929785 -5.987404196675539, -35.28157786929785 -5.989452892095696, -35.305610462071286 -5.932086524619178, -35.32552318179785 -5.7322824274810555, -35.2074201544541 -5.69914569014008, -35.113864704014645 -5.955648436791926, -35.11472301089941 -5.954453291635897, -35.11498050296484 -5.95539233447742, -35.119872852208005 -5.9587216552498905, -35.19059733951269 -5.987404196675539))"
66217,"POLYGON ((-34.78439913047845 -6.971813787389889, -34.93958101524407 -7.002483361909063, -35.04257784141595 -7.14217466734351, -34.78989229454095 -7.403724888637096, -34.78439913047845 -6.971813787389889))"
66216,"POLYGON ((-35.6592047058798 -5.106902355177404, -35.66504119269621 -5.129813257309073, -35.62298415534269 -5.145029745484943, -35.60375808112394 -5.117503023832454, -35.6592047058798 -5.106902355177404))"
