id,zonepolygon
65351,"POLYGON ((-60.02873098992722 -2.066796245245359, -60.037829042905734 -2.0654238470153286, -60.02817309045212 -2.0402058193154247, -60.01941836022751 -2.040506036266164, -59.99972021722214 -2.0435510907407117, -60.00727331780808 -2.0712565312958997, -60.02873098992722 -2.066796245245359))"
65352,"POLYGON ((-59.955418906531236 -3.1900910384975574, -60.1346333840703 -3.0858774283829873, -60.10721047910204 -3.033809624586362, -60.07446607144823 -3.041223548300239, -60.04996140988817 -3.0464518338072955, -60.03401835950365 -3.043409146147144, -60.02065022977342 -3.038309410947951, -60.039103827795884 -3.0265242164927857, -60.04669984372606 -3.027702741714079, -60.05710681470384 -3.0240064537721696, -60.06785710843553 -3.0233957615079103, -60.03438313992967 -2.9178801791092326, -59.84074910672655 -3.0337667693880683, -59.955418906531236 -3.1900910384975574))"
