id,zonepolygon
12683,"POLYGON ((-38.92777824671771 -13.385922067516676, -38.92846489222552 -13.396609690484372, -38.923315050916926 -13.405293034554303, -38.91541862757708 -13.41163835689338, -38.90855217249896 -13.405293034554303, -38.90580559046771 -13.384920078533298, -38.91560370247521 -13.374402955616926, -38.92777824671771 -13.385922067516676))"
12687,"POLYGON ((-38.99710908566669 -14.27365407337444, -39.00569215451435 -14.276981289869683, -39.00363221799091 -14.281972022422378, -38.9974524084206 -14.285798175773447, -38.987324387180365 -14.287295348506142, -38.98515701293945 -14.283847407886926, -38.98326873779297 -14.274864084474363, -38.990070969211615 -14.27548404853054, -38.99710908566669 -14.27365407337444))"
12685,"POLYGON ((-38.50100598088147 -12.909479554688572, -38.5188587640846 -12.929892066513352, -38.50478253117444 -12.952143148632125, -38.515597197922496 -12.965108088594569, -38.46787533512953 -12.973388567805975, -38.438692901047496 -12.97840690589289, -38.425474975022105 -12.981083311454839, -38.418265197190074 -12.982337866641585, -38.40968212834241 -12.97205032721251, -38.36642346135022 -12.9514739721233, -38.35303387394788 -12.957998366401076, -38.33037457219007 -12.944782108192737, -38.287974212082645 -12.888563366906096, -38.42993817082288 -12.888396030355105, -38.50100598088147 -12.909479554688572))"
12686,"POLYGON ((-39.07726656139903 -16.397755109268846, -39.107993947873695 -16.41521030652264, -39.0889395350319 -16.440237666637167, -39.08584963024674 -16.444847618139175, -39.063262939453125 -16.457817309921964, -39.05683885754166 -16.436450838880564, -39.07726656139903 -16.397755109268846))"
12684,"POLYGON ((-37.91244462294003 -12.365005449051106, -37.93922379774472 -12.421339643176402, -37.96531632704159 -12.459559474548124, -38.00926163954159 -12.538663313194169, -38.05046037001034 -12.583567406151467, -38.06693986219784 -12.636503930608397, -38.04407942880732 -12.631446070910005, -37.9932676612292 -12.57515765429113, -37.857998496190135 -12.359271542533522, -37.91244462294003 -12.365005449051106))"
32999,"POLYGON ((-38.51453944403 -12.965163313411862, -38.41840907293625 -12.98222581401114, -38.44003840643234 -13.002966884114894, -38.48261042791672 -13.026382137527131, -38.53925868231125 -13.017016301593374, -38.539602005065156 -13.00095975951093, -38.51453944403 -12.965163313411862))"
