id,zonepolygon
27356,"POLYGON ((-44.239811408396164 -2.6075462069429878, -44.354137885446946 -2.4971059663036814, -44.22815238068111 -2.4597187920486383, -44.162577734685016 -2.5020794096530756, -44.239811408396164 -2.6075462069429878))"
27357,"POLYGON ((-42.858838381544466 -2.7768146974388777, -42.82072955586087 -2.7929318099938487, -42.77532512165677 -2.7386642751396892, -42.83978396870267 -2.7291479123699918, -42.858838381544466 -2.7768146974388777))"
