id,zonepolygon
131992,"POLYGON ((-40.35377402594565 -20.325687066756334, -40.36321540167807 -20.315706444261636, -40.35171408942221 -20.28962500589263, -40.30879874518393 -20.256614424603764, -40.28098960211752 -20.27851491171119, -40.28356452277182 -20.319087049790095, -40.35377402594565 -20.325687066756334))"
131990,"POLYGON ((-40.50116350896173 -20.6960681744715, -40.53961565739923 -20.67679689767814, -40.48090746648126 -20.616719064896042, -40.440395381520325 -20.64788539570756, -40.50116350896173 -20.6960681744715))"
131991,"POLYGON ((-40.35294975778774 -20.32634667445228, -40.259222645971334 -20.31733198522227, -40.3066011860104 -20.40037600763331, -40.36290611765102 -20.379136440559936, -40.35294975778774 -20.32634667445228))"
