id,zonepolygon
12710,"POLYGON ((75.72750449180603 11.354162778040735, 75.70347189903259 11.263938794094646, 75.78380942344666 11.203324692777217, 75.8030354976654 11.14606637590688, 75.8744466304779 11.203324692777242, 75.90809226036072 11.243062041947784, 75.83530783653259 11.389840524525674, 75.72750449180603 11.354162778040735))"
