id,zonepolygon
12709,"POLYGON ((74.75618588223767 31.650651223438974, 74.77541195645642 31.577557996566714, 74.85780941739392 31.538941629447375, 74.95737301602674 31.552555368748802, 75.00818478360486 31.590581208622382, 75.01230465665174 31.646129526848274, 74.96149288907361 31.729097787265452, 74.85231625333142 31.73727373888676, 74.79669796719861 31.71449607931889, 74.75618588223767 31.650651223438974))"
