id,zonepolygon
12708,"POLYGON ((72.47233367114495 23.013355513188813, 72.47920012622308 22.995026327299325, 72.47061705737542 22.971953297553416, 72.50288939624261 22.93781063201782, 72.5516412272973 22.925795423171348, 72.60245299487542 22.931486970767242, 72.65120482593011 22.9472955700962, 72.67386412768792 23.031998164521358, 72.6889703288598 23.06422174994234, 72.67901396899651 23.240366953609236, 72.64227843432855 23.256770109879238, 72.55232787280511 23.134960184714995, 72.50906920581292 23.123594020661365, 72.48778319507073 23.094542783052827, 72.48675322680901 23.06011525118545, 72.47336363940667 23.033893882955304, 72.47576689868401 23.027258751776735, 72.47233367114495 23.013355513188813))"
