id,zonepolygon
12713,"POLYGON ((76.86939597129822 11.077341515794133, 76.87488913536072 11.001860333561707, 76.91746115684509 10.956697160072125, 76.97170615196228 10.93310171486398, 77.01359152793884 10.96006778449538, 77.05410361289978 11.010622536607125, 77.03007102012634 11.087449127566437, 76.98063254356384 11.116422343753557, 76.9071614742279 11.100925399681126, 76.86939597129822 11.077341515794133))"
