id,zonepolygon
12712,"POLYGON ((76.28658163910428 10.135969032788523, 76.4300905502371 10.096086746135, 76.44039023285428 9.983172857362979, 76.43833029633085 9.93042118365027, 76.3861452377371 9.921628410042816, 76.31919730072538 9.903365741669342, 76.22735846405546 10.116704478852114, 76.25911581879178 10.127857782666322, 76.28658163910428 10.135969032788523))"
66871,"POLYGON ((76.20827542701433 10.176972763110868, 76.21677266517351 10.139123352621112, 76.33521901527116 9.869656050434346, 76.22775899329851 9.855787850502324, 76.21780263343523 9.8891043712303, 76.12639295020769 10.145966992854387, 76.19540082374284 10.174353863426289, 76.19934903541277 10.18237945576745, 76.20827542701433 10.176972763110868))"
