id,zonepolygon
75721,"POLYGON ((73.8640084424858 15.262013078304786, 74.05352260264205 15.280560270813867, 74.07961513193892 15.203711244228879, 73.90383388193892 15.18648261354441, 73.8640084424858 15.262013078304786))"
12715,"POLYGON ((73.8812285338843 15.529959139750334, 73.88740834345461 15.531943859646285, 73.8947897826636 15.492990242441897, 74.02645405878664 15.322616574064474, 73.8541060363257 15.293310515007997, 73.75969227900148 15.477026235136895, 73.8812285338843 15.529959139750334))"
75210,"POLYGON ((73.78579868288999 15.568552630443872, 73.86098636599546 15.59269422877973, 73.88707889529233 15.532169527378423, 73.75730289431577 15.477251962881212, 73.71747745486265 15.549038856339056, 73.78579868288999 15.568552630443872))"
75722,"POLYGON ((73.85285150416243 15.29377104720815, 73.85868799097884 15.260651996220702, 74.05197870142806 15.281186423860689, 74.02519952662337 15.322580364211307, 73.85285150416243 15.29377104720815))"
75360,"POLYGON ((73.6982513806439 15.59699311990035, 73.84794010134702 15.623776489336597, 73.86029972048765 15.593024915908131, 73.71713413210874 15.550031126786498, 73.6982513806439 15.59699311990035))"
68759,"POLYGON ((73.69803636641463 15.597871467357791, 73.88205736250838 15.629614200028463, 73.81819933028181 15.761161707160033, 73.70078294844588 15.685813215180936, 73.69803636641463 15.597871467357791))"
80960,"POLYGON ((74.28450398773295 14.598407236213493, 74.32776265472513 14.60305853279755, 74.36106496185404 14.524305486008895, 74.3095665487681 14.516661289700597, 74.28450398773295 14.598407236213493))"
75361,"POLYGON ((73.90409548085161 15.185507651494863, 74.05584413807817 15.198429316137892, 74.07781679432817 15.200748505501727, 74.13978655140825 14.973015603311376, 73.93310625355669 14.925250362476987, 73.90409548085161 15.185507651494863))"
