id,zonepolygon
165669,"POLYGON((78.362108 17.38968,78.440386 17.376574,78.43146 17.472224,78.3377431 17.4749156,78.362108 17.38968))"
165662,"POLYGON((78.268746 17.469968,78.263253 17.388078,78.361529 17.3895526,78.3371531 17.4743891,78.268746 17.469968))"
165663,"POLYGON((78.5849215 17.430302,78.5930761 17.4279265,78.6096664 17.3836547,78.6259914 17.3407331,78.6308411 17.328116,78.6343169 17.3193075,78.5510166 17.2674835,78.5091695 17.2418867,78.4881645 17.2289622,78.4771052 17.2221713,78.467971 17.216685,78.4675059 17.214396,78.544667 17.224807,78.644231 17.280874,78.651784 17.319553,78.6844 17.382472,78.65762 17.428991,78.630498 17.459779,78.605779 17.495146,78.554967 17.548839,78.392919 17.567169,78.34554 17.554731,78.288548 17.54622,78.2525 17.534108,78.292846 17.532559,78.406143 17.533213,78.532142 17.529612,78.518403 17.4489718,78.5805869 17.4315704,78.5849215 17.430302))"
165668,"POLYGON((78.34038 17.532537,78.337977 17.4755656,78.4316604 17.473027,78.517534 17.449038,78.5307526 17.5288543,78.4354815 17.5317005,78.34038 17.532537))"
165664,"POLYGON((78.280508 17.384444,78.267979 17.384262,78.2634299 17.384099,78.278966 17.223648,78.464703 17.214302,78.511395 17.3665689,78.4368557 17.3766174,78.3995829 17.3828599,78.3620502 17.3889315,78.3048861 17.3880744,78.290295 17.383443,78.280508 17.384444))"
165667,"POLYGON((78.5184789 17.4477761,78.5180492 17.444419,78.5128139 17.3673511,78.467753 17.21697,78.633921 17.319259,78.592379 17.42755,78.5184789 17.4477761))"
165666,"POLYGON((78.4322726 17.4722442,78.4411128 17.3765121,78.51158 17.367502,78.517245 17.4482547,78.4322726 17.4722442))"
165665,"POLYGON((78.337408 17.474977,78.339468 17.531949,78.2965528 17.5323832,78.2536373 17.5330946,78.268743 17.470392,78.337408 17.474977))"
