id,zonepolygon
88060,"POLYGON ((78.36210845084787 17.389679816838516, 78.33738921256662 17.474843991982787, 78.43145964713693 17.472224148918887, 78.4403860387385 17.376574111359645, 78.36210845084787 17.389679816838516))"
88190,"POLYGON ((78.26385955629578 17.453708974043117, 78.27896575746766 17.223648236960784, 78.46470336733094 17.214302084979927, 78.51242523012391 17.363456002077704, 78.35861663637391 17.386719650752664, 78.33492736635438 17.471885207051724, 78.26282958803407 17.465335422241022, 78.26351623354188 17.44895992968742, 78.26385955629578 17.453708974043117))"
88062,"POLYGON ((78.33740778570937 17.47497685408098, 78.26874323492812 17.470392107320215, 78.26393671637344 17.53129430905402, 78.33946772223281 17.53194906045835, 78.33740778570937 17.47497685408098))"
88064,"POLYGON ((78.53264051353094 17.447858270905765, 78.59237867271062 17.427550494388733, 78.63392072593328 17.319258871118084, 78.46775251304265 17.216970350970534, 78.51581769858953 17.364483734137217, 78.52474409019109 17.444419209729507, 78.53264051353094 17.447858270905765))"
88061,"POLYGON ((78.43055573646974 17.473636061150255, 78.51569977943849 17.448745865044295, 78.51157990639162 17.367501604560108, 78.4394821280713 17.374710215870493, 78.43055573646974 17.473636061150255))"
88063,"POLYGON ((78.34037977134344 17.53253739953021, 78.52955060874578 17.52795410493246, 78.51753431235906 17.449037830460707, 78.43136030112859 17.475565377678645, 78.33797651206609 17.47654780521101, 78.34037977134344 17.53253739953021))"
12717,"POLYGON ((78.58071613377709 17.436852578997733, 78.5975389487185 17.42964641777734, 78.63221454686303 17.348721372985935, 78.63358783787865 17.35199838542487, 78.635991097156 17.309392659342095, 78.46844959324974 17.21464150304635, 78.54466724461693 17.224807451713417, 78.64423084324974 17.280874079034355, 78.65178394383568 17.319553383843797, 78.68439960545678 17.382471794960075, 78.65762043065209 17.42899129810029, 78.63049793309347 17.459779379513503, 78.60577869481222 17.495146496681805, 78.55496692723409 17.54883895911348, 78.39291858739034 17.5671693296341, 78.3455400473513 17.554731066271966, 78.28854847020287 17.546220183309327, 78.25352954930443 17.542946660333467, 78.29147287485226 17.535832265500286, 78.40476938364132 17.54107007945819, 78.54415842172726 17.52961216490691, 78.52406787938256 17.45290164214864, 78.58071613377709 17.436852578997733))"
