id,zonepolygon
75736,"POLYGON((25.37016347251774 37.01879294557671,25.389904530867348 37.02084883244628,25.400461705549965 37.01543487739119,25.449613755578415 36.96751523964491,25.422147935265915 36.93911918763033,25.360693162316696 36.97478402391607,25.37016347251774 37.01879294557671))"
75730,"POLYGON((25.371558095062824 37.03109395146661,25.37537756070003 37.03109395146661,25.378724957550617 37.03318376420829,25.385205174530597 37.03520500379009,25.38589182003841 37.04198775356763,25.37336053952083 37.039384345506704,25.371558095062824 37.03109395146661))"
75737,"POLYGON((25.50549876803973 37.079068809970906,25.53914439792254 37.08126001309099,25.54944408053973 37.06208483858001,25.510305286594416 37.0398903718697,25.484899402805354 37.0398903718697,25.459150196262385 37.06345465468734,25.466359974094416 37.0768775435199,25.507902027317073 37.07879490512792,25.50549876803973 37.079068809970906))"
75729,"POLYGON((25.365798602997415 37.10717504666007,25.365798602997415 37.094818688726164,25.37421001046812 37.09136128595296,25.38120521157896 37.09208016486567,25.385797153412454 37.09399714195977,25.39214862435972 37.099063205119464,25.395968089996927 37.10518995053041,25.392577777802103 37.112103336249824,25.387985835968607 37.11600467138907,25.365798602997415 37.10717504666007))"
75728,"POLYGON((25.351005788239036 37.07263077133102,25.359460111053977 37.07971831687779,25.35845839474962 37.08705653865187,25.349532003148056 37.08342760156713,25.34898143536637 37.07768699273398,25.34920334378101 37.07037083491275,25.351005788239036 37.07263077133102))"
75731,"POLYGON((25.34774220191764 37.07400086922717,25.34897804260254 37.08339289418471,25.359844328992825 37.087832701581924,25.352377059095364 37.092043377116454,25.34370815955924 37.095706132220364,25.325941207044593 37.07427479138873,25.34774220191764 37.07400086922717))"
75727,"POLYGON((25.351429079627678 37.07269850730905,25.368251894569084 37.07187672077399,25.376448725318596 37.06293921720378,25.351257418250725 37.05821321499058,25.351429079627678 37.07269850730905))"
75735,"POLYGON((25.370793704693746 37.03115782530672,25.378561382000875 37.03108930594017,25.385127429669332 37.02043379228495,25.363326434796285 37.01817230131535,25.36070859879775 37.02701229236888,25.370793704693746 37.03115782530672))"
