id,zonepolygon
12720,"POLYGON ((80.88473695949347 26.920921008378354, 80.87649721339972 26.909900235023336, 80.85727113918097 26.88173114858743, 80.85589784816534 26.841302368806936, 80.88611025050909 26.809439218965778, 80.89023012355597 26.772662916523732, 80.94928163722784 26.765306226026247, 81.00695985988409 26.795955958767447, 81.02206606105597 26.82169533699946, 81.01794618800909 26.873156554300625, 80.95614809230597 26.911124818538337, 80.93005556300909 26.940510836567363, 80.90808290675909 26.934389380778505, 80.88473695949347 26.920921008378354))"
