id,zonepolygon
69303,"POLYGON ((88.35732903560019 22.586460388332604, 88.37174859126425 22.56997590952942, 88.47405877192831 22.570609964407875, 88.48367180903769 22.57314615475585, 88.51113762935019 22.49830893881332, 88.29072442134238 22.489427256938754, 88.30239739497519 22.545245495066784, 88.35732903560019 22.586460388332604))"
12719,"POLYGON ((88.36826392238413 22.596505722204, 88.3277518374232 22.597456620280017, 88.32191535060679 22.580022445481063, 88.34260054652964 22.570987505143076, 88.36380072658335 22.591117175716494, 88.37307044093882 22.573365178448856, 88.383370123556 22.57019493826004, 88.40276785915171 22.57178006746894, 88.43727179591929 22.56971939594284, 88.45855780666147 22.574316236286446, 88.48319121425425 22.577486381677662, 88.48671027248179 22.596030270702997, 88.48121710841929 22.611560836970856, 88.47400733058726 22.715633701232203, 88.40259619777476 22.75109862457354, 88.36792059963022 22.744766277217973, 88.37289877956187 22.69504716353291, 88.37332793300425 22.64515157258973, 88.37307044093882 22.612353165804222, 88.36826392238413 22.596505722204))"
