id,zonepolygon
12723,"POLYGON ((77.04253353002808 8.37878329741229, 77.0655361545398 8.402558647668041, 77.05523647192261 8.45757600583501, 77.0270840061023 8.520734394794205, 76.99893154028199 8.537031643951442, 76.92614711645386 8.59542439697672, 76.89284480932496 8.585240260348751, 76.82795680883667 8.556044221760862, 76.92752040746949 8.445350603264426, 76.97524227026246 8.379462613319971, 77.04253353002808 8.37878329741229))"
81759,"POLYGON ((76.67885879018554 8.79080364150295, 76.7079553935791 8.76094494480726, 76.74164393880615 8.722345633948212, 76.72108748891601 8.707074474519167, 76.66392425039062 8.783678488986125, 76.67885879018554 8.79080364150295))"
