id,zonepolygon
83573,"POLYGON ((82.11314978607143 26.786667374080952, 82.14130225189174 26.811183207781372, 82.22850623138393 26.811796035728406, 82.19074072845424 26.738233044412606, 82.1337491513058 26.721061492191005, 82.09392371185268 26.751110007484026, 82.11520972259487 26.79157096468029, 82.11314978607143 26.786667374080952))"
12724,"POLYGON ((83.02203670690731 25.264797157052655, 83.01637188146786 25.27721580969262, 83.00796047399716 25.295531002378617, 83.04641262243466 25.33308401239285, 83.00040737341124 25.370625374055166, 82.92727962682919 25.365972119171012, 82.92826189485866 25.231506322561557, 82.98667446325497 25.247098382022997, 83.02238002966122 25.260139834746063, 83.02203670690731 25.264797157052655))"
