id,zonepolygon
35633,"POLYGON ((23.50296566115097 41.83291923077048, 23.491807671649017 41.8266516437816, 23.494554253680267 41.822046494959395, 23.488031121356048 41.81437051087524, 23.47652980910019 41.810404225288494, 23.467603417498626 41.81936000518566, 23.467946740252533 41.836628329924125, 23.479448052508392 41.84992815922458, 23.491636010272064 41.84813795861318, 23.500390740496673 41.84442952655274, 23.495069237811126 41.841104542644494, 23.50296566115097 41.83291923077048))"
12784,"POLYGON ((25.368297500011863 41.652156859363494, 25.350788039562644 41.65087420410981, 25.34392158448452 41.64240803890279, 25.350788039562644 41.627012161134935, 25.369327468273582 41.616232858645816, 25.39336006104702 41.618799522673065, 25.398509902355613 41.64625643372768, 25.368297500011863 41.652156859363494))"
35636,"POLYGON ((23.31654753528458 42.76889720509054, 23.44014372669083 42.704343219853385, 23.47310271106583 42.66699229359617, 23.455249927862706 42.612439828748506, 23.342640064581456 42.601321426114716, 23.232776783331456 42.64275265840139, 23.216297291143956 42.691222480499924, 23.224537037237706 42.734611267726706, 23.25062956653458 42.74469733579939, 23.31654753528458 42.76889720509054))"
35635,"POLYGON ((24.680933212702126 41.66480885504448, 24.69209120220408 41.666988882031525, 24.698957657282204 41.665065332638875, 24.709429001276344 41.65878133747084, 24.711488937799782 41.64839216401565, 24.704965805475563 41.64005396111542, 24.689859604303688 41.635435415213294, 24.67784330791697 41.64377421572355, 24.674410080377907 41.65724230639926, 24.680933212702126 41.66480885504448))"
35634,"POLYGON ((23.609802112631346 42.263772837871734, 23.601605281881834 42.264185713642476, 23.603364810995604 42.27216738183, 23.60769926076367 42.272072115109154, 23.609802112631346 42.263772837871734))"
12783,"POLYGON ((24.798240781359482 42.10128305755439, 24.759788632921982 42.09287634320231, 24.70417034678917 42.09032863398882, 24.693870664171982 42.09032863398882, 24.682541013293076 42.091857271796734, 24.656791806750107 42.11580112106099, 24.66468823008995 42.14839097085393, 24.685287595324326 42.156281302701764, 24.69043743663292 42.17485787612261, 24.72614300303917 42.197752992623066, 24.75747609687926 42.19956698070344, 24.798331504594103 42.176163661340865, 24.812751060258165 42.15504236306486, 24.819274192582384 42.13849666402275, 24.798240781359482 42.10128305755439))"
