id,zonepolygon
27861,"POLYGON ((22.603969951247436 44.65791465348591, 22.712030788039428 44.657670442022415, 22.714090724562865 44.591023367580824, 22.604227443312865 44.59053438050767, 22.603969951247436 44.65791465348591))"
27858,"POLYGON ((21.21565993212892 46.247085026554906, 21.406032399169934 46.248034717468926, 21.4068907060547 46.12949333587498, 21.217719868652356 46.12806571785871, 21.21565993212892 46.247085026554906))"
31730,"POLYGON ((21.0418031692505 45.83950725037492, 21.061887550354015 45.84423091154283, 21.066179084777843 45.838550510667304, 21.063604164123547 45.83071658557437, 21.04231815338136 45.82336006429405, 21.032876777648937 45.837115370260726, 21.037168312072765 45.83890928998551, 21.0418031692505 45.83950725037492))"
27860,"POLYGON ((22.85650300120826 45.90508022633932, 22.99305962657447 45.90552816359991, 22.993703356738045 45.84254260873687, 22.856932154650643 45.84227354203627, 22.85650300120826 45.90508022633932))"
27859,"POLYGON ((21.806820859008774 47.12179960711762, 22.006720532470688 47.12279244569796, 22.007975544068135 47.01183512012709, 21.805243457886494 47.01124988270944, 21.806820859008774 47.12179960711762))"
27079,"POLYGON ((21.322179936523437 45.76132388333359, 21.3256131640625 45.75317965205699, 21.302438878173827 45.71891296022071, 21.275831364746093 45.70141206647796, 21.231886052246093 45.6867838292976, 21.19549384033203 45.70045295503782, 21.159444951171874 45.720351146137475, 21.180730961914062 45.770185372644676, 21.188112401123046 45.79568423473245, 21.21471991455078 45.81542885812239, 21.273256444091796 45.806813883070774, 21.316686772460937 45.77665097644252, 21.322179936523437 45.76132388333359))"
