id,zonepolygon
114372,"POLYGON ((24.50219163132773 46.54726772717217, 24.55883988572226 46.5793708556782, 24.612398235331636 46.53782201516198, 24.53412064744101 46.5047490810653, 24.471635906230073 46.536877353573765, 24.50219163132773 46.54726772717217))"
