id,zonepolygon
81818,"POLYGON((28.243205076660146 36.826504630978484,28.28577709814452 36.84958553569651,28.268954283203115 36.88007461769846,28.242003447021474 36.87046225648537,28.223292356933584 36.853569034502165,28.22741222998046 36.848211867289095,28.238570219482412 36.826916851068816,28.243205076660146 36.826504630978484))"
