id,zonepolygon
12865,"POLYGON ((30.508608507860117 50.55288101915765, 30.434450793016374 50.56160563286788, 30.356173205125742 50.48215212025433, 30.336947130906992 50.445436145021574, 30.330080675828874 50.418755485435774, 30.364412951219492 50.399063393834275, 30.558046984422617 50.339499768548166, 30.665850329149187 50.32985744991673, 30.718722033250742 50.381552441717595, 30.746187853563242 50.50399333513805, 30.650057482469492 50.54590016542091, 30.508608507860117 50.55288101915765))"
