id,zonepolygon
27341,"POLYGON ((36.165116606652646 50.028120178466814, 36.20219546407452 50.04091063641701, 36.28802615255108 50.03253106606297, 36.32098513692608 49.98001522695037, 36.29489260762921 49.93760768762936, 36.200822173058896 49.931420133849585, 36.14177065938702 49.95969960860181, 36.13353091329327 50.002087694970946, 36.165116606652646 50.028120178466814))"
