id,zonepolygon
12889,"POLYGON ((30.464879619188196 50.53451599455599, 30.415441142625696 50.51967466680751, 30.37012253911007 50.496093551020984, 30.357762919969446 50.470752567291484, 30.35364304692257 50.450644882955054, 30.350209819383508 50.42790416266957, 30.382482158250696 50.396398972907534, 30.457326518602258 50.3556737590802, 30.530797587938196 50.33420232416648, 30.588475810594446 50.34691108057528, 30.64203416020382 50.35611185055562, 30.672933208055383 50.39333485089463, 30.69147263676632 50.43009124515992, 30.683919536180383 50.46113691523787, 30.63928757817257 50.518801502153174, 30.545551886341627 50.543999452366066, 30.464879619188196 50.53451599455599))"
