id,zonepolygon
27229,"POLYGON ((30.683806699469514 46.50554237722284, 30.80276803369803 46.50176138658317, 30.77335169186603 46.39862816931653, 30.714300178194154 46.39815463119443, 30.65044214596759 46.397207542621594, 30.681231778815217 46.503770070602414, 30.683806699469514 46.50554237722284))"
27595,"POLYGON ((30.668984139708197 46.304126161767975, 30.66620537116877 46.30411133815494, 30.665100301054633 46.30243624402878, 30.668233121184027 46.301613502039174, 30.668984139708197 46.304126161767975))"
