id,zonepolygon
32994,"POLYGON ((21.997724655329485 50.064986988997305, 22.016264084040422 50.05793414525048, 22.021757248102922 50.05088026457664, 22.042356613337297 50.04625059183728, 22.06329930132558 50.042722922373265, 22.062955978571672 50.03654887697244, 22.07703221148183 50.033241026037864, 22.08046543902089 50.02662464053794, 22.04681980913808 50.0105209613803, 22.040639999567766 49.997281019169336, 22.01729405230214 49.98050519045832, 21.961332443415422 49.998825867000534, 21.960989120661516 50.025742386933615, 21.94141972368886 50.02353668202474, 21.93215000933339 50.05176205636939, 21.957555893122453 50.066143172798874, 21.982961776911516 50.068346920703924, 21.997724655329485 50.064986988997305))"
