id,zonepolygon
32993,"POLYGON ((19.415728533158894 51.828251783032954, 19.459673845658894 51.816368101467376, 19.501559221635457 51.818490417368075, 19.51323219526827 51.808302389362574, 19.502932512651082 51.80193370221942, 19.547564470658894 51.79938597542619, 19.547564470658894 51.77857415086729, 19.525591814408894 51.767952173308814, 19.561297380815144 51.75732769564311, 19.550997698197957 51.74840120215784, 19.53795143354952 51.745850451386474, 19.537264788041707 51.730968201132725, 19.52421852339327 51.71905887171409, 19.495379412065144 51.70842289068671, 19.504305803666707 51.68927182128029, 19.480959856401082 51.67862883590808, 19.435641252885457 51.67948036680749, 19.420535051713582 51.66670572193988, 19.394442522416707 51.65605743212573, 19.317538225541707 51.65605743212573, 19.346377336869832 51.670538493718304, 19.42259498823702 51.71012481573622, 19.415041887651082 51.717782686054875, 19.413668596635457 51.7339450433023, 19.37590309370577 51.732669277809215, 19.36766334761202 51.74627558651722, 19.413668596635457 51.7598777983046, 19.353243791947957 51.78197265569981, 19.388949358354207 51.809576018821744, 19.415728533158894 51.828251783032954))"
