id,zonepolygon
32358,"POLYGON ((17.91503019913609 53.12741369170936, 17.888251024331403 53.126795667643385, 17.88653441056187 53.14080203086481, 17.892714220132184 53.16509635564082, 17.92429991349156 53.167977820993855, 17.951079088296247 53.168183632544405, 17.97545500382359 53.169830089413985, 17.984038072671247 53.15912699050697, 18.01768370255406 53.151303807095076, 18.04137297257359 53.1453325237989, 18.09733458146031 53.13668298623325, 18.126173692788434 53.143479198085146, 18.141807231724403 53.1360650954735, 18.13391080838456 53.1278257028158, 18.104385051548622 53.10371640917863, 18.08618894559159 53.092584482714564, 18.08344236356034 53.07814992036898, 18.07245603543534 53.07501215136609, 18.05425992947831 53.08717963268848, 18.03503385525956 53.08449895762454, 18.032973918736122 53.095220656167704, 17.97735563260331 53.0904786958825, 17.973235759556434 53.08821061710346, 17.947829875767372 53.09068487893518, 17.945083293736122 53.114801477415995, 17.91503019913609 53.12741369170936))"
