id,zonepolygon
12945,"POLYGON ((48.99376630783081 55.83754237010198, 49.113242626190186 55.87376998425122, 49.27117109298706 55.79433344350657, 49.24370527267456 55.73329638198708, 49.107749462127686 55.72246971901109, 48.99376630783081 55.83754237010198))"
