id,zonepolygon
27021,"POLYGON ((37.54657307596925 55.80416433279499, 37.664676103313 55.81111010659497, 37.72029438944581 55.79567337055981, 37.7690462205005 55.77714120721012, 37.88165608378175 55.72999893693643, 37.839084062297374 55.63244261065519, 37.762179765422374 55.590558236255056, 37.66192952128175 55.54862911296603, 37.2197298142505 55.58900610391039, 37.391391191203624 55.754736412910795, 37.44975605936769 55.77791355669708, 37.50812092753175 55.79953312838072, 37.54657307596925 55.80416433279499))"
