id,zonepolygon
27034,"POLYGON ((30.19671003826636 59.96640408321999, 30.43566267498511 59.96021742081507, 30.51806013592261 59.86452104656065, 30.32030622967261 59.781683398795415, 30.079980301938235 59.874861275276295, 30.19671003826636 59.96640408321999))"
