id,zonepolygon
165127,"POLYGON((1.8293952941894531 50.95410145108779,1.8379783630371094 50.94880244389682,1.83746337890625 50.93895982764574,1.8558311462402344 50.93679633595938,1.8763446807861328 50.935606372625436,1.8900775909423828 50.93344272491447,1.9062137603759766 50.93814853005941,1.9057846069335938 50.956804793435694,1.902780532836914 50.96529226627033,1.8991756439208984 50.973183684123065,1.871023178100586 50.976966765129085,1.8501663208007812 50.972156794671776,1.8326568603515625 50.96448142821214,1.8275928497314453 50.959345791853885,1.8293952941894531 50.95410145108779))"
165128,"POLYGON((1.942725021302607 50.95790476815,1.9492052382825875 50.9557151247819,1.9541834182142281 50.95528259043177,1.960406143128779 50.95879681549751,1.9617365188001656 50.96204047967295,1.9654117326550136 50.96341495693855,1.9650684099011073 50.96536098917564,1.9638238649181972 50.96595559387736,1.9604764680676112 50.965036656130465,1.9571719865612636 50.964901516693324,1.943551070624192 50.95986284025354,1.942725021302607 50.95790476815))"
