id,zonepolygon
12961,"POLYGON ((44.577144384384155 48.766599348667675, 44.46247458457947 48.784247149826534, 44.431575536727905 48.74441767602125, 44.43294882774353 48.69639931987781, 44.42951560020447 48.66965226164764, 44.467281103134155 48.656953772242055, 44.535945653915405 48.70863476178833, 44.577144384384155 48.766599348667675))"
