id,zonepolygon
12963,"POLYGON ((77.93163657188416 30.37524478166535, 77.91172385215759 30.304132001763683, 77.97764182090759 30.243645548209475, 78.02158713340759 30.20567424070585, 78.11634421348572 30.194398687117612, 78.17333579063416 30.235340577517945, 78.15891623497009 30.341472652403482, 78.1101644039154 30.37879906428952, 78.05866599082947 30.404859853829365, 77.9838216304779 30.410781790845892, 77.93163657188416 30.37524478166535))"
