id,zonepolygon
12962,"POLYGON ((76.71964824199677 30.7704541073277, 76.72788798809052 30.776058774828872, 76.72891795635223 30.788741816699297, 76.75844371318817 30.799653792964463, 76.77904307842255 30.788151944861664, 76.77595317363739 30.781958072109564, 76.77457988262177 30.77340397302464, 76.78350627422333 30.78107320058149, 76.7986124753952 30.784317689718897, 76.80753886699677 30.777828602000127, 76.7986124753952 30.7704541073277, 76.79483592510223 30.76691414912237, 76.8037623167038 30.764849113369177, 76.81646525859833 30.770159115784214, 76.82882487773895 30.766324143428374, 76.8257349729538 30.744491390358732, 76.83088481426239 30.74006522890485, 76.82916820049286 30.734753566735037, 76.82848155498505 30.724719628231792, 76.83740794658661 30.71616044353754, 76.83225810527802 30.704353424901967, 76.82916820049286 30.701106241421247, 76.81852519512177 30.699039795036246, 76.81543529033661 30.692249731071875, 76.82092845439911 30.685754440307623, 76.8092554807663 30.681620845933267, 76.80788218975067 30.674829556759164, 76.80135905742645 30.673648414243683, 76.79483592510223 30.66980960132695, 76.77183330059052 30.6754201226009, 76.77217662334442 30.682506631052846, 76.76840007305145 30.68545918943501, 76.75638377666473 30.68014451934492, 76.73744201660156 30.691068801620155, 76.73232167959213 30.686935434769325, 76.7221936583519 30.69682569623257, 76.72425359487534 30.702434647871947, 76.71481221914291 30.719111972363244, 76.71773046255112 30.723539096206334, 76.70125097036362 30.743901247248157, 76.69489949941635 30.74316356327571, 76.6918095946312 30.7447864605582, 76.69009298086166 30.74995004273012, 76.69438451528549 30.751425301075358, 76.69386953115463 30.754670789883033, 76.69077962636948 30.75924379298793, 76.69283956289291 30.76425909501596, 76.70159429311752 30.76514412118947, 76.70811742544174 30.770749097966892, 76.71964824199677 30.7704541073277))"
