id,zonepolygon
12966,"POLYGON ((30.08137828357735 31.28722200825608, 30.058032336311726 31.212083002441634, 30.047046008186726 31.210321215028287, 30.02301341541329 31.16626586515834, 29.988681140022663 31.160390269448765, 29.9852479124836 31.14099821868097, 29.95160228260079 31.088090651427677, 29.933749499397663 31.04221358421174, 29.90514811388539 31.005632261568774, 29.807973857857064 30.884583729119456, 29.684377666450814 30.850988809125074, 29.563528057075814 31.035909187337555, 29.956975933052377 31.270957272598608, 30.020147319771127 31.324935794501194, 30.093618389107064 31.34135790208432, 30.08137828357735 31.28722200825608))"
