id,zonepolygon
12967,"POLYGON ((27.14870810508728 31.3741578656902, 27.309383153915405 31.37298536214145, 27.295650243759155 31.305541810759557, 27.19539999961853 31.288526676206647, 27.150768041610718 31.342495135379345, 27.14870810508728 31.3741578656902))"
12968,"POLYGON ((30.001033544540405 31.282071856134568, 30.023006200790405 31.25390019842905, 29.94472861289978 31.18343427334403, 29.884990453720093 31.139954117071454, 29.84859824180603 31.12819929911196, 29.825252294540405 31.149944566863905, 29.864391088485718 31.203404950917395, 30.001033544540405 31.282071856134568))"
12969,"POLYGON ((30.97917079925537 30.147502278499243, 31.48454189300537 30.294646395871705, 31.82237148284912 30.090484220005344, 31.53947353363037 29.873992211235656, 31.21812343597412 29.82158272057502, 30.99015712738037 29.92637417863576, 30.92149257659912 30.09286062952815, 30.97917079925537 30.147502278499243))"
