id,zonepolygon
109071,"POLYGON((20.48151422063903 38.16926269406822,20.48178780595855 38.167714875702664,20.480098014279168 38.16759678466867,20.48002827684478 38.169171123641775,20.48151422063903 38.16926269406822))"
