id,zonepolygon
30462,"POLYGON ((33.00437271812707 40.10308622934037, 33.02359879234582 40.14482729410363, 33.0416232369259 40.186805007128235, 33.149312147719414 40.16828991113706, 33.09523881397918 40.07482865394683, 33.03747476063445 40.094529207209746, 33.03130925268643 40.09657555022633, 33.00437271812707 40.10308622934037))"
30459,"POLYGON ((32.876521850020744 40.03310512882533, 32.877723479659416 40.07607130994761, 32.9264753107141 40.12176702928424, 33.0308454279016 40.09669070679275, 33.09487512150512 40.07488911703611, 33.10139825382934 40.00207906916557, 33.003551268966056 39.959460996013306, 32.876521850020744 40.03310512882533))"
31576,"POLYGON ((32.99833881169621 39.90105440825323, 33.00383197575871 39.95976324079309, 32.8771458795673 40.03288130227719, 32.71046268254582 40.03787572153857, 32.55476581364933 40.01342586728529, 32.503267400563395 39.95739480116759, 32.50944721013371 39.91553884299551, 32.63373004704777 39.8072265622671, 32.78178798466984 39.72325610753895, 32.884527318776286 39.80396268379939, 32.825626008809245 39.812707221732, 32.80697929173771 39.831338195394515, 32.80524122029606 39.836981699409456, 32.80453311711613 39.847105889539534, 32.81018721371952 39.871851971100064, 32.8093181779987 39.91153535523514, 32.8167747190601 39.93546844961594, 32.818394773305094 39.94333872704083, 32.84753429204289 39.95718097966436, 32.86976444035832 39.960256655389934, 32.8982173135883 39.95547038357053, 32.9265843561298 39.9506179791457, 32.99833881169621 39.90105440825323))"
13047,"POLYGON ((32.81831786397399 39.94336653379838, 32.8464703297943 39.95705252626074, 32.869816277059925 39.960210443338205, 32.92646453145446 39.95073625461426, 32.99821898702086 39.90123861453367, 32.94878051045836 39.87067966672884, 32.90758177998961 39.86751761887436, 32.88423583272399 39.80424605824289, 32.82518431905211 39.81268563392207, 32.8105931020111 39.82718873386322, 32.807159874472035 39.83140724274075, 32.804928276571644 39.83733908256084, 32.804928276571644 39.84748793128547, 32.81007811788024 39.87173365029099, 32.809391472372425 39.912036363783955, 32.81694457295836 39.935469523363665, 32.81831786397399 39.94336653379838))"
