id,zonepolygon
27000,"POLYGON ((18.438375180664064 43.841646331694896, 18.460004514160158 43.859720139310205, 18.43871850341797 43.87754099540692, 18.277013486328126 43.84783660850827, 18.26396722167969 43.81836514258574, 18.32885522216797 43.78069974997053, 18.410566037597658 43.79284447653711, 18.394429868164064 43.82084229648723, 18.438375180664064 43.841646331694896))"
