id,zonepolygon
88058,"POLYGON ((-159.50352817295956 22.216249998486767, -159.51425700901913 22.205125310254655, -159.5132270407574 22.199324230177393, -159.51279788731503 22.189231368973918, -159.48992400883603 22.189469791382237, -159.4763198447125 22.210210991450875, -159.49065356968808 22.213548369575545, -159.50352817295956 22.216249998486767))"
26753,"POLYGON ((-159.48690295311673 22.233335831664004, -159.37150359246 22.2371493427109, -159.37255501839383 22.196536080692248, -159.47111010643704 22.209320246161486, -159.50372576805813 22.216153883417356, -159.48690295311673 22.233335831664004))"
26751,"POLYGON ((-159.60366296407787 21.89676751227238, -159.57928704855053 21.92037840997362, -159.5645670854768 21.916954475185545, -159.58280610677807 21.89330318975376, -159.60366296407787 21.89676751227238))"
26748,"POLYGON ((-159.45884409838516 21.897334389660536, -159.4831127255519 21.881923543151235, -159.44322291308242 21.86627206491127, -159.43195763521987 21.87573086067619, -159.45884409838516 21.897334389660536))"
26741,"POLYGON ((-159.29070731818666 22.161836312353767, -159.32452460944643 22.155794965941165, -159.3381716889142 22.10952237602575, -159.36460754096498 22.063194826790927, -159.37960645377626 22.04512694240351, -159.35855647742738 22.02419235864922, -159.3360259217023 22.014783219408095, -159.2934539002179 22.110635640745823, -159.29070731818666 22.161836312353767))"
26737,"POLYGON ((-159.3643745397949 21.998897685279864, -159.3837722753906 21.96837491762424, -159.3678292250061 21.951837353611342, -159.36563651913642 21.94912693000616, -159.36494585031508 21.946018399854843, -159.3536939834976 21.950110848358637, -159.33239187950133 21.95483256658184, -159.32103004211424 21.977966220638557, -159.3364366506958 22.014972226342795, -159.3459853147888 22.018791651212396, -159.3643745397949 21.998897685279864))"
26752,"POLYGON ((-159.64620877942357 21.963969241362093, -159.68193580350194 21.978654872578957, -159.71568872174535 21.963412033043507, -159.65380479535375 21.94072383907464, -159.64620877942357 21.963969241362093))"
