id,zonepolygon
13206,"POLYGON ((133.8549132218286 -23.686060353575616, 133.84804676675049 -23.718125354751617, 133.88924549721924 -23.726784642971438, 133.8988585343286 -23.684661205891402, 133.8768858780786 -23.673971007505997, 133.8549132218286 -23.686060353575616))"
93008,"POLYGON ((130.94447762967397 -25.326907302978416, 130.942503523839 -25.280815544845478, 130.97829492093373 -25.212965187109795, 131.27921731473256 -25.185317345833596, 131.29097611905385 -25.32791584908929, 131.05245263577748 -25.3497914732355, 131.0282483816271 -25.35537610507658, 131.0205236196642 -25.342112183364975, 130.95271737576772 -25.349248509161455, 130.94447762967397 -25.326907302978416))"
