id,zonepolygon
13322,"POLYGON ((149.20335019922538 -35.27893855745721, 149.17227948999687 -35.219990038423504, 149.15511335230156 -35.223005092680275, 149.1234418282537 -35.231699040479434, 149.11859020050008 -35.232577186798636, 149.11206706817586 -35.23341847804132, 149.1038273220821 -35.23608250941714, 149.0863505050872 -35.24117872117679, 149.0889254257415 -35.256178847619005, 149.08738047334893 -35.266410986061075, 149.08876419067383 -35.27127042520436, 149.08514887544854 -35.27860376493871, 149.08909708711846 -35.286030650154856, 149.0885821029876 -35.28897318983149, 149.090813700888 -35.29583869981483, 149.0973368332122 -35.30158286272359, 149.1024866745208 -35.31222950090136, 149.10334498140557 -35.3175522945528, 149.10591990205987 -35.320353624186005, 149.10487998703957 -35.32319270649963, 149.1054808018589 -35.32942509789169, 149.1065966008091 -35.33334635630985, 149.1077123997593 -35.33544695220764, 149.10668243149755 -35.336707283539276, 149.1086565373325 -35.33852772742863, 149.10702575425145 -35.34279860788003, 149.10771239975927 -35.34615914198184, 149.10848487595555 -35.35392984167734, 149.229277488389 -35.3311056605078, 149.20712674951835 -35.286225288942695, 149.20335019922538 -35.27893855745721))"
