id,zonepolygon
88627,"POLYGON ((151.03802169315102 -33.90639245962046, 151.04042495242837 -33.908102086902204, 151.0424848889518 -33.91337322182961, 151.03802169315102 -33.92519647368433, 151.03819335452798 -33.9297543976159, 151.0359617566276 -33.93488177049147, 151.02840865604165 -33.93345753121448, 151.0182806348014 -33.938442264466445, 150.99098647586587 -33.92932710260841, 150.97862685672524 -33.92861493949879, 150.97450698367837 -33.91807422928579, 150.97536529056313 -33.91009660872663, 150.9791418408561 -33.90881442148294, 150.98000014774087 -33.90539516120489, 150.9736486767936 -33.90083593415614, 150.97313369266274 -33.89770132413147, 150.96901381961587 -33.89627646329936, 150.968498835485 -33.88986429494001, 150.97382033817055 -33.88986429494001, 150.97931350223305 -33.89157425363952, 150.98673785678628 -33.894067881959565, 150.9948488568473 -33.899126161155245, 150.99959100238564 -33.90265253040283, 151.00158656589272 -33.90532392515733, 151.00832427493813 -33.905252689050236, 151.0300394391227 -33.90938428486137, 151.03802169315102 -33.90639245962046))"
