id,zonepolygon
67062,"POLYGON ((130.95111928882815 -12.456418660484353, 130.9597023576758 -12.467481379431334, 130.9535225481055 -12.47016317958709, 130.9597023576758 -12.482901351142736, 130.95214925708987 -12.49178417872391, 130.94305120411136 -12.502510205371355, 130.95523916187503 -12.506699938623479, 130.96382223072268 -12.506029585869339, 130.97051702442386 -12.51792808856739, 130.9893997758887 -12.521112101899202, 131.01308904590823 -12.52245272733633, 131.01549230518557 -12.514911618646183, 131.01377569141604 -12.495136109856858, 131.01154409351565 -12.487594203715357, 130.99798284473636 -12.473515390744518, 130.99111638965823 -12.466978538812194, 130.97755514087893 -12.465637625724568, 130.97120366993167 -12.458597718212694, 130.95944486561038 -12.436219600650753, 130.9483727067969 -12.40378048118402, 130.9425362199805 -12.40294220745758, 130.94150625171878 -12.449043252353537, 130.95111928882815 -12.456418660484353))"
13337,"POLYGON ((130.8108517260129 -12.47665134429455, 130.9420010180051 -12.469276511771758, 130.9420010180051 -12.326431690457143, 130.81153837152073 -12.320394273333717, 130.8108517260129 -12.47665134429455))"
