id,zonepolygon
13339,"POLYGON ((144.78904078114832 -37.984262354558346, 144.64347193349207 -37.85751227777822, 144.88379786122644 -37.69251948829603, 145.06369898427332 -37.70990448662008, 145.2545864354452 -37.79242753403353, 145.28689357914803 -37.91102000244557, 145.23333522953865 -37.98465973020137, 145.04519436039803 -38.053900266279065, 144.78904078114832 -37.984262354558346))"
