id,zonepolygon
66404,"POLYGON((55.33298080232338 25.329977850492675,55.50052230622963 25.262620711774282,55.33057754304603 25.112873510014133,55.26397292878822 25.098572670111263,55.17127578523353 25.169438684661042,55.24543350007728 25.27814410736865,55.33298080232338 25.329977850492675))"
66403,"POLYGON((54.30157011865235 24.45125845286678,54.34105223535157 24.443444925306853,54.36577147363282 24.428129006373453,54.401820362792975 24.412498600513267,54.46567839501954 24.389362047897404,54.448512257324225 24.318675550108754,54.46430510400391 24.30741211094758,54.526446522460944 24.271112004974576,54.602320851074225 24.308037883810375,54.63459318994141 24.336194466624193,54.672702015625006 24.412811227602443,54.678952235060095 24.443906858420725,54.67586233027494 24.485781550093495,54.64290334589994 24.485156657079415,54.57046224482572 24.472033186890286,54.484459894972204 24.477423349182303,54.41922857173002 24.51100901235396,54.37064840205228 24.54981660933495,54.31400014765775 24.51139949055668,54.29855062373197 24.467033409746104,54.30157011865235 24.45125845286678))"
66405,"POLYGON((54.917032948704225 24.995132040189194,55.16353868600891 24.846303664606587,55.23906969186829 24.945957601896023,55.26378893014954 25.100883715340917,55.15392564889954 25.181691015887463,54.94655870554016 25.05175163550604,54.917032948704225 24.995132040189194))"
