id,zonepolygon
99049,"POLYGON ((147.22966456634268 -42.82534850544672, 147.28665614349111 -42.77395936653144, 147.33884120208486 -42.729589345556626, 147.53934169036611 -42.87619177141416, 147.57230067474111 -42.94860879932836, 147.27464494617038 -42.98882991597398, 147.22966456634268 -42.82534850544672))"
