id,zonepolygon
13340,"POLYGON ((147.3712805727073 -42.8297794587042, 147.40244772055513 -42.82382521299913, 147.44460119652797 -42.8153520085906, 147.51517523831743 -42.8522879414796, 147.5309680849971 -42.8745587703917, 147.4676250369014 -42.914550584196846, 147.35432852811235 -42.960923671015614, 147.28133001118385 -42.8723164563714, 147.3499945619651 -42.84790531170978, 147.3712805727073 -42.8297794587042))"
