id,zonepolygon
13340,"POLYGON ((147.33145513325417 -42.74814732549622, 147.51517523831743 -42.8522879414796, 147.5309680849971 -42.8745587703917, 147.55139578885453 -42.96733021238808, 147.29321707791703 -42.99056402755529, 147.22639837055885 -42.83330434654958, 147.33145513325417 -42.74814732549622))"
