id,zonepolygon
163231,"POLYGON((151.6084345226479 -32.92714881511928,151.71555122186666 -32.861421163296335,151.82404121210098 -32.91187436986619,151.7402704601479 -33.008088133031116,151.6359003429604 -33.04349374227707,151.57822212030416 -32.952504334683084,151.6084345226479 -32.92714881511928))"
