id,zonepolygon
90197,"POLYGON ((172.33540766420222 -43.577501633868394, 172.3889660138116 -43.558596127188714, 172.44527094545222 -43.62126002447228, 172.37111323060847 -43.642133491580346, 172.33540766420222 -43.577501633868394))"
90198,"POLYGON ((172.44676235805886 -43.63971870881873, 172.4814379562034 -43.61437039416451, 172.5202334273948 -43.62779142171192, 172.49482754360574 -43.666298099422406, 172.4601519454612 -43.655990666829055, 172.44676235805886 -43.63971870881873))"
13438,"POLYGON ((172.71699183633928 -43.389088098953785, 172.68197291544084 -43.391582992983075, 172.63871424844868 -43.46488698105716, 172.46293299844865 -43.44893720962823, 172.4437069242299 -43.466880406672665, 172.48765223672993 -43.60749981073228, 172.6354955976308 -43.562061886526386, 172.64191144159443 -43.570711282732994, 172.66154521158344 -43.562320394844534, 172.68137210062153 -43.5575311832151, 172.69416087320454 -43.54900917716089, 172.70660632303364 -43.54459218897653, 172.70669215372212 -43.53619279754148, 172.7554439847768 -43.55995693538417, 172.71699183633928 -43.389088098953785))"
90201,"POLYGON ((172.60846147215804 -43.42725727981994, 172.6568699804588 -43.432991767615924, 172.63936052000957 -43.464397146397566, 172.58992204344707 -43.45991166206906, 172.60846147215804 -43.42725727981994))"
97779,"POLYGON ((172.75338308721578 -43.55943150067159, 172.74102346807516 -43.57435718683484, 172.70600454717672 -43.594252348593955, 172.67304556280172 -43.58231604054896, 172.57485525518453 -43.61066090715696, 172.54120962530172 -43.59276043953673, 172.63596670537984 -43.56142180584347, 172.64145986944234 -43.57037736547799, 172.67304556280172 -43.558436323430115, 172.70600454717672 -43.54499982191079, 172.70669119268453 -43.536040490020476, 172.75338308721578 -43.55943150067159))"
90200,"POLYGON ((172.7478719372577 -43.56175062441714, 172.74615532348818 -43.571452367633995, 172.7410054821796 -43.57269606786051, 172.74409538696474 -43.598807839656786, 172.80967003296087 -43.59408369173742, 172.80280357788274 -43.55851636277665, 172.7478719372577 -43.56175062441714))"
90199,"POLYGON ((172.55720471157005 -43.27803808990391, 172.57196758998802 -43.341242876549224, 172.62689923061302 -43.33450083458355, 172.61385296596458 -43.271039054335155, 172.55720471157005 -43.27803808990391))"
