id,zonepolygon
97779,"POLYGON ((172.6823152771572 -43.576844441628694, 172.67373220830953 -43.57883417149492, 172.67201559454 -43.58132124136628, 172.67304556280172 -43.58231604054896, 172.5679888001064 -43.59723605575169, 172.5149454346279 -43.59773332589466, 172.48868124395406 -43.579331593687996, 172.50155584722555 -43.5656509860284, 172.63596670537984 -43.56142180584347, 172.6493562927822 -43.56515345082824, 172.67304556280172 -43.558436323430115, 172.6723589172939 -43.5606754491089, 172.6826585999111 -43.57261604735235, 172.6836885681728 -43.574854646012355, 172.6823152771572 -43.576844441628694))"
90200,"POLYGON ((172.7478719372577 -43.56175062441714, 172.74615532348818 -43.571452367633995, 172.7410054821796 -43.57269606786051, 172.74409538696474 -43.598807839656786, 172.80967003296087 -43.59408369173742, 172.80280357788274 -43.55851636277665, 172.7478719372577 -43.56175062441714))"
13438,"POLYGON ((172.66017192056782 -43.47460431002338, 172.65708201578266 -43.468624600161306, 172.65193217447407 -43.465011572084016, 172.64493697336323 -43.460526133343464, 172.63811343362934 -43.4551680898143, 172.6203464811147 -43.44968494914524, 172.58412593057758 -43.4539219651328, 172.55666011026508 -43.47659741516838, 172.5467037504018 -43.50997215375519, 172.56730311563618 -43.53611111212895, 172.58824580362446 -43.54755889763822, 172.6076864545644 -43.547879678198186, 172.61684888055927 -43.54931535569971, 172.62343638589985 -43.550128925553445, 172.62644045999653 -43.54757835727512, 172.63819926431782 -43.549258011934775, 172.64583819559223 -43.54782719795595, 172.65313380411274 -43.53893050551039, 172.66583674600727 -43.52063527913038, 172.6712440793813 -43.50428582936497, 172.66635173013813 -43.484444627652366, 172.66017192056782 -43.47460431002338))"
107350,"POLYGON ((172.67172461318867 -43.50358247352177, 172.68648749160664 -43.46796171784136, 172.71395331191914 -43.462479737282145, 172.7342093543996 -43.47792768155996, 172.74141913223164 -43.53992884669875, 172.72533298572844 -43.565593538827976, 172.70885349354094 -43.593200325798946, 172.67005802234954 -43.55962283951957, 172.66490818104094 -43.52303939468734, 172.67172461318867 -43.50358247352177))"
