id,zonepolygon
69189,"POLYGON((117.76402917480468 39.08026174488305,117.45366540527343 39.137804193269744,117.2270723876953 39.285706519668686,117.05747094726561 39.227753165883605,117.04099145507811 39.15857186374673,116.95928063964843 39.12289029198214,116.97782006835936 39.03760742545506,117.20990624999999 38.94581340503438,117.28818383789061 38.93352960004892,117.6884981689453 38.81859983693671,117.81209436035155 38.8426702819222,117.94255700683593 38.874751545981376,117.8807589111328 39.03547403310454,117.76402917480468 39.08026174488305))"
