id,zonepolygon
110705,"POLYGON ((174.84994687263833 -41.22142524996497, 174.81218136970864 -41.187329138905376, 174.7929552954899 -41.18629564609553, 174.77853573982583 -41.22555690466654, 174.72841061775551 -41.26892351760795, 174.70987118904458 -41.305040372867374, 174.75381650154458 -41.304008740160654, 174.74557675545083 -41.355054966226895, 174.8320940894352 -41.355054966226895, 174.85612668220864 -41.32154427644973, 174.83896054451333 -41.28182468943861, 174.79638852302895 -41.279244659060254, 174.8533801001774 -41.23175389726161, 174.84994687263833 -41.22142524996497))"
