id,zonepolygon
66558,"POLYGON ((-57.63299626853771 -25.374985716283472, -57.6462141945631 -25.339617762180925, -57.6601187660963 -25.32968805609995, -57.66595525291271 -25.30175639108716, -57.571198172834585 -25.22848279401521, -57.49257726219005 -25.218233386875323, -57.55815190818615 -25.315412676503104, -57.63299626853771 -25.374985716283472))"
66555,"POLYGON ((-58.26584182040767 -26.19722218281512, -58.24867568271236 -26.226791856805406, -58.17880950229244 -26.22232608570274, -58.14112983005123 -26.213009011322153, -58.16061339633541 -26.186285661392432, -58.17228636996822 -26.15239133056039, -58.20026717441158 -26.1385996817974, -58.234084465671344 -26.147614519373317, -58.26584182040767 -26.19722218281512))"
66556,"POLYGON ((-58.24325404247736 -26.124034336720236, -58.207205153317204 -26.134976696168405, -58.172014571041814 -26.15177353439054, -58.1658347614715 -26.169492348423482, -58.123262739987126 -26.147150792465865, -58.146780348629704 -26.11339923069504, -58.18257174572443 -26.11771504258344, -58.24085078320002 -26.098755110037835, -58.24325404247736 -26.124034336720236))"
66557,"POLYGON ((-57.7720517794089 -25.27837594597704, -57.767588583608116 -25.321520466326472, -57.69686409630343 -25.33548482502957, -57.709223715444054 -25.311123731268022, -57.7006406465964 -25.3056534489864, -57.70511457123324 -25.301793065703144, -57.708215204854454 -25.299988924822006, -57.70626255669161 -25.29560455656903, -57.7020997683005 -25.294110731169276, -57.707464186330284 -25.290667102501896, -57.70761439003512 -25.28900345530759, -57.729447571416344 -25.27689888616648, -57.736888019223656 -25.269332613960856, -57.75145241417452 -25.25943717311257, -57.7720517794089 -25.27837594597704))"
