id,zonepolygon
13588,"POLYGON ((-68.22631331397228 -29.30540745859127, -68.23438139868908 -29.312442772218127, -68.23008986426525 -29.325164980020737, -68.23043318701916 -29.332348584631845, -68.22940321875744 -29.34596611250035, -68.21223708106213 -29.34476904012875, -68.20348235083752 -29.320974310326278, -68.20914717627697 -29.31154467407761, -68.22631331397228 -29.30540745859127))"
13589,"POLYGON ((-66.87111986030378 -29.395448549065485, -66.9358361994151 -29.392756425225784, -66.9131768976573 -29.42131921610116, -66.89686906684675 -29.447930715816483, -66.84708726753034 -29.438811830089982, -66.83610093940534 -29.438213841750255, -66.8252862726573 -29.420422077762264, -66.81052339423933 -29.39679458426302, -66.84159410346784 -29.385128354066463, -66.87111986030378 -29.395448549065485))"
29273,"POLYGON ((-68.55319019277205 -31.52337418549642, -68.5420322032701 -31.522935198119807, -68.52503772695174 -31.51576477895508, -68.50787158925642 -31.517228174499305, -68.50220676381697 -31.52337418549642, -68.50443836171736 -31.54897821182241, -68.51113315541853 -31.553951893674107, -68.5174846263658 -31.554829574715434, -68.53310581166853 -31.554829574715434, -68.54855533559432 -31.551465085887138, -68.55198856313338 -31.545906099418637, -68.55353351552596 -31.5369817708508, -68.55748172719588 -31.531275605489373, -68.55662342031111 -31.525861741662613, -68.55319019277205 -31.52337418549642))"
13590,"POLYGON ((-65.7772823272482 -28.412853591443376, -65.79822501523648 -28.437611968230414, -65.80028495175992 -28.449687123472845, -65.83049735410367 -28.466891837477164, -65.82054099424039 -28.48499903703227, -65.82431754453336 -28.510343900479715, -65.80509147031461 -28.51758417190856, -65.76217612607633 -28.51456745255272, -65.69110831601773 -28.464779128694087, -65.74020346982633 -28.434894868338436, -65.7772823272482 -28.412853591443376))"
13591,"POLYGON ((-67.52757011307882 -29.133371202625725, -67.54628120316671 -29.150463430640162, -67.52688346757101 -29.16320578536908, -67.49667106522726 -29.19063395831106, -67.48139320267843 -29.187187104437584, -67.47950492753195 -29.175347028544007, -67.4822515095632 -29.16050753632041, -67.4932378376882 -29.143416979306952, -67.52757011307882 -29.133371202625725))"
