id,zonepolygon
33026,"POLYGON ((-65.03754079336186 -42.74334673471599, -65.07719457143803 -42.74977588682405, -65.08371770376225 -42.786195153424295, -65.07238805288334 -42.80307432926645, -64.98621404165287 -42.786699076081014, -64.99496877187748 -42.777123844136185, -65.03754079336186 -42.74334673471599))"
