id,zonepolygon
32081,"POLYGON ((-66.23481666249617 -25.06695875205798, -66.11774360341414 -25.11017821865112, -66.12598334950789 -25.144214454412445, -66.1453810851036 -25.153071645027882, -66.17885505360945 -25.150740867715008, -66.25781928700789 -25.087793062295432, -66.23481666249617 -25.06695875205798))"
32080,"POLYGON ((-65.49715179714254 -24.72064985434207, -65.47157425197652 -24.72454804083529, -65.47277588161519 -24.74762280298085, -65.45251983913472 -24.75962622215037, -65.46968597683004 -24.773342995427047, -65.49577850612691 -24.77692781141307, -65.50951141628316 -24.76726415783946, -65.506421511498 -24.74278993026497, -65.49715179714254 -24.72064985434207))"
32082,"POLYGON ((-66.00240404582541 -26.045626400801265, -65.95571215129416 -26.063515512485285, -65.95845873332541 -26.094352393247675, -65.99485094523948 -26.094044064654433, -66.00240404582541 -26.045626400801265))"
13593,"POLYGON ((-65.4218873932831 -24.745789630117898, -65.3944215729706 -24.749842922130433, -65.39510821847841 -24.749842922130433, -65.39236163644716 -24.772289530196662, -65.36901568918154 -24.799718763021417, -65.3671410729417 -24.84066005833067, -65.49039394159405 -24.888942183229787, -65.50618678827374 -24.86464772884658, -65.51888973016827 -24.813239884100696, -65.43699359445498 -24.74734860422646, -65.4218873932831 -24.745789630117898))"
108408,"POLYGON ((-65.36230176062794 -23.196253580979764, -65.34264653296681 -23.197436959188305, -65.33603756995412 -23.211084497395667, -65.34410565467091 -23.224336264051598, -65.35929768653126 -23.224336264051598, -65.36230176062794 -23.196253580979764))"
108409,"POLYGON ((-66.26693764439564 -23.695405588693866, -65.84396401158314 -23.51923494161779, -65.76568642369251 -23.68786027785201, -65.98541298619251 -23.839939648450095, -66.28067055455189 -23.754495428843896, -66.26693764439564 -23.695405588693866))"
109694,"POLYGON ((-65.51023545333737 -23.742585201903193, -65.5052143580615 -23.737714001016958, -65.49272599288815 -23.747141966857853, -65.49688878127927 -23.750559435946844, -65.51023545333737 -23.742585201903193))"
109798,"POLYGON ((-66.32536428428897 -24.21309480556312, -66.31085889793643 -24.214660393029945, -66.31369131065615 -24.230784824177924, -66.3230468557001 -24.232037121730663, -66.32905500389346 -24.2260885986441, -66.32536428428897 -24.21309480556312))"
