id,zonepolygon
53563,"POLYGON ((-67.78072738647461 -53.72958696716715, -67.70485305786133 -53.755982805785465, -67.68288040161133 -53.784187709533946, -67.62279891967773 -53.80973837269293, -67.63996505737305 -53.828181949583524, -67.79617691040039 -53.812170957377056, -67.78072738647461 -53.72958696716715))"
