id,zonepolygon
32744,"POLYGON ((-71.42864074124347 -41.16251916714585, -71.4300140322591 -41.17492450659715, -71.45816649807941 -41.1705312174952, -71.54193725003253 -41.13071976461284, -71.54605712307941 -41.03730077615591, -71.48185576809894 -41.04247981800707, -71.41628112210284 -41.07768649448125, -71.42658080472003 -41.10019852802555, -71.42864074124347 -41.16251916714585))"
32743,"POLYGON ((-71.31257427165966 -41.16483883203003, -71.42883806487438 -41.161737239964594, -71.42697722757829 -41.10047468706353, -71.31986052835954 -41.1294442169723, -71.32375151258556 -41.12848523834797, -71.32426649671642 -41.15188465587578, -71.31257427165966 -41.16483883203003))"
32742,"POLYGON ((-71.1764312016679 -41.10257656303779, -71.14141230172422 -41.15833619805329, -71.31273033496868 -41.16489494425661, -71.32423164722454 -41.15209994182456, -71.32337334033977 -41.1205541207049, -71.25161888477336 -41.10794447881432, -71.19273903247844 -41.09853416817345, -71.1764312016679 -41.10257656303779))"
32745,"POLYGON ((-71.19190264483076 -41.098306238612835, -71.19224596758467 -41.0421395444388, -71.13250780840498 -41.046541432355404, -71.12976122637373 -41.096236428955585, -71.17645312090498 -41.102445662261594, -71.19190264483076 -41.098306238612835))"
