id,zonepolygon
32742,"POLYGON ((-71.1764312016679 -41.10257656303779, -71.14141230172422 -41.15833619805329, -71.31273033496868 -41.16489494425661, -71.32423164722454 -41.15209994182456, -71.32337334033977 -41.1205541207049, -71.25161888477336 -41.10794447881432, -71.19273903247844 -41.09853416817345, -71.1764312016679 -41.10257656303779))"
32743,"POLYGON ((-71.31257427165966 -41.16483883203003, -71.40858202239392 -41.161737239964594, -71.41383141331619 -41.1326646530298, -71.42158106268252 -41.13121308084478, -71.42778575965625 -41.13338175134107, -71.42703817086337 -41.11667163207492, -71.4273205503322 -41.10086275630089, -71.31986052835954 -41.1294442169723, -71.32375151258556 -41.12848523834797, -71.32426649671642 -41.15188465587578, -71.31257427165966 -41.16483883203003))"
32745,"POLYGON ((-71.19190264483076 -41.098306238612835, -71.19224596758467 -41.0421395444388, -71.13250780840498 -41.046541432355404, -71.12976122637373 -41.096236428955585, -71.17645312090498 -41.102445662261594, -71.19190264483076 -41.098306238612835))"
32744,"POLYGON ((-71.43044318570148 -41.18622941053535, -71.43070067776691 -41.186423191875754, -71.48219909085284 -41.19365728489181, -71.54193725003253 -41.13071976461284, -71.54605712307941 -41.03730077615591, -71.48185576809894 -41.04247981800707, -71.41628112210284 -41.07768649448125, -71.4274391116048 -41.10136273375399, -71.42829741848956 -41.13330565779746, -71.42108764065753 -41.13156019107776, -71.4138778628255 -41.13240060677684, -71.40907134427081 -41.16251916714585, -71.41722525967609 -41.185971034522744, -71.43044318570148 -41.18622941053535))"
