id,zonepolygon
27488,"POLYGON ((-65.66629849865723 -26.871837997446665, -65.68273507550049 -26.83653709786275, -65.73479138806152 -26.83531170624766, -65.75821456562443 -26.86666637574655, -65.66629849865723 -26.871837997446665))"
27487,"POLYGON ((-65.17710335482938 -26.866038232307286, -65.29739506472929 -26.841572558454796, -65.25241978396757 -26.73752491082846, -65.13888971845756 -26.783777826110807, -65.17710335482938 -26.866038232307286))"
