id,zonepolygon
13615,"POLYGON ((-78.64285650916003 26.522308912029064, -78.63461676306628 26.511479895399066, -78.62549211053528 26.514679166114604, -78.59407807855285 26.530883459404237, -78.56182279278141 26.544551652993174, -78.5719123296791 26.556306781911534, -78.64285650916003 26.522308912029064))"
13616,"POLYGON ((-78.70619478175354 26.524716107272933, -78.64135378257504 26.556754891859736, -78.62794772090291 26.547181967822333, -78.62398303496319 26.532693727990765, -78.68374225063174 26.507347506751973, -78.7012727675698 26.500278555830693, -78.72603411882876 26.515635248875274, -78.72567834803772 26.529170206520647, -78.70619478175354 26.524716107272933))"
13617,"POLYGON ((-78.69973849437179 26.499541026170668, -78.64283274791183 26.522198667750324, -78.63459300181808 26.51121603015838, -78.64042948863448 26.50507143910583, -78.65072917125167 26.498465637190638, -78.6608333189319 26.49303309044283, -78.67310710738406 26.491650367331562, -78.68975826094851 26.487809382538206, -78.70314784835085 26.487886203491627, -78.69973849437179 26.499541026170668))"
13618,"POLYGON ((-78.95238915711974 26.68052487968222, -78.96852532655333 26.667026326575375, -79.01830712586974 26.692181435092085, -78.9832882049713 26.723464187881927, -78.95238915711974 26.68052487968222))"
30109,"POLYGON ((-78.77395541852034 26.5337326136621, -78.78477008526839 26.519832732828327, -78.77404124920882 26.512997367548156, -78.76005084698714 26.523211864236504, -78.77395541852034 26.5337326136621))"
