id,zonepolygon
13628,"POLYGON ((90.35543020637294 23.881500091807684, 90.3362041321542 23.84821933233813, 90.31903799445888 23.78665881578954, 90.34444387824794 23.770321535769213, 90.3313976135995 23.755867616000533, 90.34856375129482 23.74204062565383, 90.36092337043544 23.718782832004244, 90.369849762037 23.7106101897161, 90.39937551887294 23.705580616884006, 90.42066152961513 23.708095427535465, 90.44950064094326 23.72318327342, 90.47833975227138 23.763408991827276, 90.47696646125576 23.832517893405008, 90.4522472229745 23.874593467749367, 90.4295879212167 23.897195593739735, 90.3911357727792 23.894684441411005, 90.35543020637294 23.881500091807684))"
85794,"POLYGON ((90.57876934019774 23.789921479850438, 90.57910193411558 23.786112345115004, 90.58409084288328 23.78606325759867, 90.5832647225067 23.790039286361594, 90.57876934019774 23.789921479850438))"
