id,zonepolygon
13628,"POLYGON ((90.35543020637294 23.881500091807684, 90.3362041321542 23.84821933233813, 90.31903799445888 23.78665881578954, 90.34444387824794 23.770321535769213, 90.3313976135995 23.755867616000533, 90.34856375129482 23.74204062565383, 90.36092337043544 23.718782832004244, 90.369849762037 23.7106101897161, 90.39937551887294 23.705580616884006, 90.42066152961513 23.708095427535465, 90.44950064094326 23.72318327342, 90.47833975227138 23.763408991827276, 90.47696646125576 23.832517893405008, 90.4522472229745 23.874593467749367, 90.4295879212167 23.897195593739735, 90.3911357727792 23.894684441411005, 90.35543020637294 23.881500091807684))"
103004,"POLYGON ((90.5802189330658 23.787736575025484, 90.57988097472992 23.78988165457988, 90.58259000583496 23.789042279839908, 90.58237542911377 23.786853007935708, 90.58057298465576 23.786853007935708, 90.5802189330658 23.787736575025484))"
