id,zonepolygon
27060,"POLYGON ((27.38824319953024 53.94795665440799, 27.46789407843649 53.99238446745822, 27.69036722296774 53.9653295292184, 27.732252598944303 53.929767986424025, 28.041243077459928 53.92006412100012, 28.092054845038053 53.874344767332744, 28.039869786444303 53.85004866831156, 27.95953226203024 53.88284506900774, 27.803663731756803 53.805874650195896, 27.777571202459928 53.792086066319214, 27.538961888495084 53.811956407733504, 27.422575474920865 53.83424863723967, 27.38824319953024 53.94795665440799))"
