id,zonepolygon
88008,"POLYGON ((2.368815509277913 6.396096985848614, 2.4134474672857253 6.405650097384038, 2.441943255859944 6.4049677382015435, 2.47275647302303 6.39157625474081, 2.503569690186116 6.37784322285997, 2.4518996157232253 6.347646319583768, 2.4161940493169753 6.32171310226251, 2.3788576998296707 6.346793273964535, 2.4047356524053543 6.364152473922066, 2.3983412661138503 6.368630796478982, 2.3843079485479324 6.3608256947480655, 2.369158832031819 6.347646319583768, 2.340791789490315 6.350248099995571, 2.368815509277913 6.396096985848614))"
