id,zonepolygon
108418,"POLYGON ((-68.1475809107304 -16.500218870139715, -68.11380653481487 -16.500342314197603, -68.11354904274944 -16.530378025030426, -68.14753799538616 -16.530254600158457, -68.1475809107304 -16.500218870139715))"
108415,"POLYGON ((-68.14741367944846 -16.482944303504247, -68.14754242548118 -16.5001243780979, -68.11385388025413 -16.500288970237975, -68.11389679559836 -16.48319121357949, -68.14651245721946 -16.48300603105258, -68.14741367944846 -16.482944303504247))"
