id,zonepolygon
27565,"POLYGON ((-68.10777962347208 -16.535430000298295, -68.0554789289586 -16.506968355930734, -68.04884850827379 -16.51445689140667, -68.08530509320421 -16.55664648134256, -68.10777962347208 -16.535430000298295))"
27374,"POLYGON ((-68.17792197620224 -16.484819083284975, -68.09219655955692 -16.4850209724351, -68.09580144847294 -16.529294665363615, -68.17296323741337 -16.530940332017927, -68.17792197620224 -16.484819083284975))"
