id,zonepolygon
13641,"POLYGON ((-63.19304499506961 -17.692503714458056, -63.259477947950465 -17.729950927556928, -63.28814539790164 -17.839467661079336, -63.267889355421175 -17.87361658370391, -63.23355708003055 -17.884072358135484, -63.179998730421175 -17.894527516905622, -63.12369379878055 -17.894527516905622, -63.06876215815555 -17.839631068660506, -62.96645197749149 -17.752677080739147, -63.06223902583133 -17.652922190838225, -63.15012965083133 -17.609896038010167, -63.19304499506961 -17.692503714458056))"
