id,zonepolygon
13641,"POLYGON ((-63.19304499506961 -17.692503714458056, -63.21518931269656 -17.748262873822963, -63.24969324946414 -17.8071100067349, -63.23390040278445 -17.84257237947323, -63.21982416987429 -17.847474456153673, -63.19922480463992 -17.85564428385593, -63.16042933344851 -17.84159194793551, -63.132620190382106 -17.816752548495504, -63.10206446528445 -17.769025046690288, -63.11648402094851 -17.70427835303045, -63.15493616938601 -17.6678071742036, -63.19304499506961 -17.692503714458056))"
