id,zonepolygon
101965,"POLYGON ((25.855839090303235 -24.596553137094585, 25.95334275241261 -24.582816901680996, 26.034366922334485 -24.575323774543193, 26.065308155604527 -24.6861905052682, 25.901543201991245 -24.735780061863117, 25.85794121224515 -24.67745570852427, 25.845581593104527 -24.623785681893327, 25.841805042811558 -24.61473439374141, 25.819832386561558 -24.58851317293521, 25.855839090303235 -24.596553137094585))"
