id,zonepolygon
101965,"POLYGON ((25.855839090303235 -24.596553137094585, 25.95334275241261 -24.582816901680996, 25.974972085908703 -24.63369585735982, 25.977417530604527 -24.665600362835423, 25.862061085292027 -24.69773197646382, 25.85794121224515 -24.67745570852427, 25.845581593104527 -24.623785681893327, 25.841805042811558 -24.61473439374141, 25.819832386561558 -24.58851317293521, 25.855839090303235 -24.596553137094585))"
