id,zonepolygon
99685,"POLYGON ((-1.5706566003823585 12.435009634804416, -1.5112617639565773 12.436015438976094, -1.4362457422280617 12.42268821782101, -1.4096382288003273 12.363084563403763, -1.4458587793374367 12.291307422656661, -1.5747764734292335 12.323508943914943, -1.6422393945718117 12.416569201969802, -1.5706566003823585 12.435009634804416))"
