id,zonepolygon
86425,"POLYGON ((11.504559405366894 3.915232092275397, 11.562924273530957 3.93372804831258, 11.619915850679394 3.877553882773734, 11.606182940523144 3.8062080504516613, 11.529278643648144 3.760303057583965, 11.449627764741894 3.7842835811625246, 11.416668780366894 3.8719780967679163, 11.44001472763252 3.9227199446433256, 11.504559405366894 3.915232092275397))"
