id,zonepolygon
65086,"POLYGON((101.66102513697511 2.767627044470019,101.70565709498293 2.7943746806847662,101.74479588892824 2.731276726229921,101.7259131374634 2.699383559301292,101.6823111477173 2.6956111936851537,101.66102513697511 2.767627044470019))"
65085,"POLYGON((101.61718620300294 3.1889890487935912,101.73116935729982 3.1934453235569,101.73357261657716 3.1142578928695444,101.73906578063966 3.0611201219375954,101.65632499694826 3.054263442423897,101.61718620300294 3.1889890487935912))"
