id,zonepolygon
165031,"POLYGON((-3.4612883975234743 47.75704560454009,-3.4599580218520876 47.75499714701936,-3.450087492677283 47.75277548925665,-3.4434356143203493 47.75280434256278,-3.4343416747376176 47.75111026708415,-3.432882553033516 47.75194703324215,-3.427389388971016 47.756851943563554,-3.4268744048401567 47.76363149948185,-3.4308226165100786 47.76926201970261,-3.430135971002266 47.77364614902672,-3.437474494867012 47.77468444131212,-3.439920669488594 47.77260783600944,-3.443568473748848 47.768627444050594,-3.440049415521309 47.76493521395714,-3.441851859979317 47.76193508401493,-3.4612883975234743 47.75704560454009))"
111285,"POLYGON((-3.3989702062933635 47.76108095243743,-3.4044633703558635 47.7361496968279,-3.394163687738676 47.73037687060322,-3.3769975500433635 47.73106964354016,-3.3656678991644573 47.7241414994701,-3.346098502191801 47.73961308538405,-3.353565772089262 47.75738818665872,-3.3639942007391643 47.76154252973058,-3.3703027563421917 47.77169619406606,-3.3989702062933635 47.76108095243743))"
