id,zonepolygon
13767,"POLYGON ((-22.988587080210095 16.77498007826238, -22.981892286508923 16.7799107073111, -22.97451084729994 16.77695234523263, -22.96970432874525 16.77169292116811, -22.968331037729627 16.76594025949272, -22.967129408090955 16.754763162248, -22.97124928113783 16.746051145919395, -22.979660688608533 16.7437497920273, -22.987042127817517 16.755913776104677, -22.990647016733533 16.76709080575056, -22.988587080210095 16.77498007826238))"
13770,"POLYGON ((-22.948374680210122 16.773798333716893, -22.951121262241372 16.765251553930085, -22.951121262241372 16.756704390048988, -22.951121262241372 16.75292379124658, -22.95094960086442 16.745033604046917, -22.94888966434098 16.725306706040016, -22.93447010867692 16.725306706040016, -22.926058701206216 16.737307478964883, -22.92348378055192 16.75177315931386, -22.92296879642106 16.762950432200867, -22.936358383823404 16.778564640161648, -22.948374680210122 16.773798333716893))"
13772,"POLYGON ((-22.92845230676403 16.621843011156617, -22.916779333131217 16.637962183934267, -22.899613195435904 16.637304285032325, -22.886910253541373 16.598484256912748, -22.88725357629528 16.590258667441766, -22.905106359498404 16.59519406335464, -22.916092687623404 16.586310259513812, -22.925019079224967 16.58367794253519, -22.929482275025748 16.60473546950728, -22.92845230676403 16.621843011156617))"
