id,zonepolygon
29330,"POLYGON ((-23.487339476196304 14.941174597907269, -23.491588095275894 14.931098507155465, -23.487596968261734 14.929191045827856, -23.48394916400148 14.937650093169065, -23.46571014270021 14.929813045947334, -23.481331328002945 14.897134870900672, -23.546219328491226 14.90103328951928, -23.545790175048843 14.924754059419728, -23.53334472521974 14.922348925704547, -23.53287265643312 14.946481978233892, -23.488498190490738 14.94129899113528, -23.487339476196304 14.941174597907269))"
29334,"POLYGON ((-23.760829548424432 15.288297454902496, -23.762202839440057 15.260642685807396, -23.745337109154413 15.259980251440291, -23.73246250588293 15.279479788191782, -23.733535389488885 15.28916678224011, -23.760829548424432 15.288297454902496))"
29331,"POLYGON ((-23.628984685544136 14.923404068725095, -23.628727193478706 14.907396882492703, -23.588300939206245 14.905903923577227, -23.586755986813667 14.922657646109224, -23.628984685544136 14.923404068725095))"
29332,"POLYGON ((-23.611570374928352 15.043718709235629, -23.612428681813117 15.02763761676496, -23.588052766285774 15.026228391104098, -23.58762361284339 15.043304263312693, -23.611570374928352 15.043718709235629))"
29333,"POLYGON ((-23.67671281872947 15.10597217578949, -23.676626988040994 15.093873563051101, -23.67070467053611 15.08716102177227, -23.655169315921853 15.086332298268083, -23.65448267041404 15.105557851137325, -23.67671281872947 15.10597217578949))"
