id,zonepolygon
13846,"POLYGON ((-24.90964374998555 16.91629271251642, -24.92457828978047 16.89954012641802, -24.920458416733595 16.89592662836934, -24.910072903427935 16.893996663551903, -24.90423641661153 16.89974543672858, -24.90260563353047 16.907752364472696, -24.90964374998555 16.91629271251642))"
13844,"POLYGON ((-24.868498585984064 16.86568997626072, -24.87237169580157 16.864468156244165, -24.875643990799738 16.86201422495462, -24.880879662796808 16.860905325051274, -24.8722322209328 16.846550644945328, -24.871854029461694 16.84628880053531, -24.87103193239863 16.846301636054054, -24.87068156884606 16.846579524821337, -24.870449222490144 16.84670338735053, -24.869887970253778 16.846858696728532, -24.867468617722345 16.846935709595975, -24.85832764939959 16.85400535729296, -24.858241818711114 16.859118750414325, -24.861653588578058 16.86501232915982, -24.868498585984064 16.86568997626072))"
13842,"POLYGON ((-25.007327992744422 16.871946130159067, -24.995998341865516 16.853218154197016, -24.971279103584266 16.858146748805424, -24.965099294013953 16.88081662883795, -24.972995717353797 16.898556375823624, -24.989046056098914 16.913091869232556, -24.999774892158484 16.906604414612996, -25.007327992744422 16.871946130159067))"
