id,zonepolygon
33135,"POLYGON ((-70.4591788167514 -23.09894716966558, -70.4559172505893 -23.108933914070327, -70.43265713401215 -23.10996017773714, -70.43681992240326 -23.095315442143917, -70.4591788167514 -23.09894716966558))"
33136,"POLYGON ((-69.32412514481283 -22.89094190999202, -69.31833157334066 -22.88659292118787, -69.31325683388448 -22.891119820202988, -69.31956016069843 -22.895218024101425, -69.32412514481283 -22.89094190999202))"
13889,"POLYGON ((-70.3831403910657 -23.538525786563405, -70.41318113203249 -23.538997918917286, -70.39923364515505 -23.60637741115334, -70.42185003156862 -23.6952590448358, -70.41318113203249 -23.700092535871615, -70.40262395734987 -23.69612358483036, -70.3679054438611 -23.622459985173222, -70.37243301267824 -23.580027611238975, -70.3831403910657 -23.538525786563405))"
