id,zonepolygon
60744,"POLYGON ((-70.42434905660835 -27.287756438102786, -70.43688033712593 -27.308197338986393, -70.30349944723335 -27.421316824655033, -70.26659225118843 -27.378491374202678, -70.42434905660835 -27.287756438102786))"
