id,zonepolygon
13890,"POLYGON ((-68.9151033438871 -22.41713754984103, -68.9535554923246 -22.43427493361536, -68.96213856117225 -22.4834538137938, -68.92164382643449 -22.498405693352144, -68.88799819655168 -22.49333051992516, -68.87083205885637 -22.44161658806833, -68.88010177321183 -22.418767481488704, -68.9151033438871 -22.41713754984103))"
13891,"POLYGON ((-68.2104916870594 -22.90772438960727, -68.20860341191292 -22.90072726862021, -68.19843247532845 -22.896180923097624, -68.18793967366219 -22.905787369654426, -68.18808987736702 -22.91871348910108, -68.19956973195076 -22.92720176081302, -68.2086892426014 -22.916974266512526, -68.2104916870594 -22.90772438960727))"
33158,"POLYGON ((-70.19386026148553 -22.073275809093417, -70.18812033419366 -22.076715856782997, -70.18507870917077 -22.081855887547835, -70.18109294657464 -22.083496283522884, -70.20048650630463 -22.100698576282436, -70.21203073390473 -22.095569172377193, -70.19795450099457 -22.08781506839232, -70.19386026148553 -22.073275809093417))"
