id,zonepolygon
33154,"POLYGON ((-70.31768747778581 -18.425024085340535, -70.28787793436751 -18.421140307737357, -70.2821487359117 -18.445364823395504, -70.28052868166671 -18.455562526571875, -70.2811402253221 -18.464782682871235, -70.2836078576158 -18.482529580064, -70.28727711954818 -18.493600108374174, -70.33929051676498 -18.48301800080422, -70.33037069879265 -18.467707254620183, -70.30497138863281 -18.459804008431483, -70.30553586173713 -18.441315718287406, -70.31768747778581 -18.425024085340535))"
33155,"POLYGON ((-70.28310406304219 -18.479853583660407, -70.2853571186147 -18.4877496716036, -70.28602230645039 -18.48986608696003, -70.25896418190815 -18.49979660984812, -70.23147690392354 -18.50663368432545, -70.2189885387502 -18.50187217917584, -70.28310406304219 -18.479853583660407))"
