id,zonepolygon
33128,"POLYGON ((-109.35785451277131 -27.14411779748869, -109.35593941553468 -27.140924219797096, -109.35952284677857 -27.1414875181559, -109.35785451277131 -27.14411779748869))"
27444,"POLYGON ((-109.44690741222533 -27.162767382780597, -109.42169854240453 -27.167737908262815, -109.40696375500491 -27.13760809367957, -109.4271339667969 -27.126455780518572, -109.44690741222533 -27.162767382780597))"
