id,zonepolygon
27444,"POLYGON((-109.44690741222533 -27.162767382780597,-109.33432290153539 -27.210797370648596,-109.26627321108265 -27.155881577898874,-109.26826136242678 -27.08137688825156,-109.39898150097659 -27.03108106453737,-109.44690741222533 -27.162767382780597))"
