id,zonepolygon
33133,"POLYGON ((-69.36484327539061 -20.484739283264016, -69.3462180159912 -20.515691398556687, -69.3092249892578 -20.50660739996741, -69.3280648253784 -20.473281396212926, -69.36484327539061 -20.484739283264016))"
13893,"POLYGON ((-70.12350545974681 -20.238340925827195, -70.13148771377513 -20.220502141475134, -70.13020025344798 -20.207494243670023, -70.13612257095286 -20.193397771191, -70.15886770339915 -20.215065536267463, -70.1535462007136 -20.236327621492094, -70.13466344924876 -20.259036181761658, -70.13277517410228 -20.28447870705637, -70.12187467666575 -20.28463972240621, -70.12350545974681 -20.238340925827195))"
33134,"POLYGON ((-69.79025106958622 -20.248127490467596, -69.77701168588871 -20.24778525212927, -69.77252703241581 -20.271116126798407, -69.78632431558842 -20.27157908536953, -69.79025106958622 -20.248127490467596))"
