id,zonepolygon
13894,"POLYGON ((-71.27565443515778 -29.86881948691034, -71.23889744281769 -29.860594675160918, -71.21709644794464 -29.867442529479227, -71.17564022541046 -29.926299791965917, -71.25814497470856 -29.979137503790756, -71.30653202533722 -29.955232010364355, -71.28533184528351 -29.93715965727114, -71.27477467060089 -29.89735916125537, -71.27565443515778 -29.86881948691034))"
33161,"POLYGON ((-71.34004205587412 -29.930592202172743, -71.3690528285792 -29.95974625756439, -71.33085817220713 -29.990155534443762, -71.27463907125498 -29.97119729794424, -71.30620330694224 -29.955321638604442, -71.33287519338633 -29.95669738156261, -71.33525699499155 -29.940373150309828, -71.34004205587412 -29.930592202172743))"
