id,zonepolygon
61816,"POLYGON ((-72.52036167411516 -51.731790810085236, -72.50353885917376 -51.71158599775124, -72.44980884818743 -51.73072762400094, -72.48980594901751 -51.74964859718315, -72.52036167411516 -51.731790810085236))"
13897,"POLYGON ((-70.90977130943743 -53.16644622374835, -70.9533518415114 -53.14946276466943, -70.94206510597672 -53.14153485089363, -70.92850385719744 -53.129794732741246, -70.90910612160172 -53.12031791212024, -70.88507352882829 -53.10850801790805, -70.85331617409197 -53.130760750814865, -70.88923631721941 -53.1644398642105, -70.89923559242693 -53.16373232114965, -70.90534030014483 -53.16495920441189, -70.90977130943743 -53.16644622374835))"
86103,"POLYGON ((-72.98006719155576 -51.23036221772334, -72.9751748423126 -51.23049658348216, -72.97521775765684 -51.23313007315061, -72.98015302224424 -51.23302258672672, -72.98006719155576 -51.23036221772334))"
33132,"POLYGON ((-70.8992287990816 -53.16373509716575, -70.90537642214373 -53.16497650582566, -70.9097645160921 -53.166436562286115, -70.95347379419879 -53.14964613102446, -70.96621965143756 -53.16246149034441, -70.91992472384051 -53.18156805426958, -70.90589140627459 -53.17067173137157, -70.89812372896746 -53.16767146113437, -70.89882110331133 -53.163780122977855, -70.8992287990816 -53.16373509716575))"
