id,zonepolygon
13896,"POLYGON ((-72.95534468671997 -41.4600834227005, -72.97233916303833 -41.4565455616637, -72.99359287388627 -41.47383510536755, -72.97639443629674 -41.48854829968568, -72.96881987803869 -41.489737741662125, -72.95022680514745 -41.48149156648279, -72.92931630366735 -41.4748520703221, -72.92719222089966 -41.46362109074769, -72.95534468671997 -41.4600834227005))"
33130,"POLYGON ((-73.06416798022093 -41.14391027909828, -73.0630092659265 -41.11863288818377, -73.05670071032347 -41.1020130329408, -73.01775503542723 -41.120722197733436, -73.02135992434324 -41.14609977364508, -73.06416798022093 -41.14391027909828))"
33129,"POLYGON ((-72.97692844085798 -41.308804925535114, -72.9960418622981 -41.30695533551775, -73.01000544242959 -41.310908317083324, -73.00986098367777 -41.3177587468876, -72.98497582897258 -41.34078520078329, -72.9629173420341 -41.33791750526753, -72.95991326793742 -41.328411319491074, -72.97692844085798 -41.308804925535114))"
