id,zonepolygon
60394,"POLYGON ((-73.24469459421508 -39.80858107463053, -73.23984516031615 -39.81024588985635, -73.23188972837798 -39.81643914298973, -73.2284162677037 -39.81940371303336, -73.22511446840636 -39.823356960827105, -73.20915532476775 -39.81473327266154, -73.1942690647351 -39.83780014084389, -73.20190799600951 -39.844176254463235, -73.22400939829222 -39.85814561684088, -73.24984443552367 -39.851161291006584, -73.2585133350598 -39.83719050724233, -73.25166297323577 -39.83015461435875, -73.25288069612853 -39.827204927309396, -73.24823511011473 -39.81166342351594, -73.24672234423034 -39.80994095146966, -73.24469459421508 -39.80858107463053))"
60395,"POLYGON ((-73.22264228352148 -39.80094532997073, -73.23388610371191 -39.810901760062386, -73.22633300312599 -39.81980198340348, -73.22015319355566 -39.81980198340348, -73.21568999775488 -39.816505738770275, -73.21345839985449 -39.81222038439219, -73.21208510883888 -39.80701167091727, -73.21393046864111 -39.799494603928174, -73.21871552952368 -39.799494603928174, -73.22264228352148 -39.80094532997073))"
60396,"POLYGON ((-71.78466534703675 -39.769234632992166, -71.78106045812073 -39.76831102166315, -71.98898163438855 -39.684576108284915, -72.22162204893765 -39.66419808341153, -72.21647220762905 -39.70541492225635, -72.09081607969937 -39.83919967890225, -71.90954166563687 -39.894800715854906, -71.78466534703675 -39.769234632992166))"
