id,zonepolygon
62449,"POLYGON ((-75.03310145050864 10.930045001437783, -75.07395685822348 10.940157669429883, -75.00014246613364 10.990378802585148, -74.94486750275473 11.018350628680796, -74.92152155548911 10.99004177644908, -75.03310145050864 10.930045001437783))"
36706,"POLYGON ((-75.54401075799561 10.388533454642571, -75.57593977410889 10.393598836524626, -75.55843031365967 10.411495861089962, -75.55808699090576 10.427028295160097, -75.5052152868042 10.465518376866378, -75.50040876824951 10.436482440959246, -75.50693190057373 10.42297643049249, -75.48255598504639 10.418586850955174, -75.46727812249756 10.402885156619492, -75.48019564111328 10.394443058853799, -75.48376204673953 10.390757195641076, -75.50851976831055 10.39511843507432, -75.5227032895813 10.400057079294928, -75.5358139272461 10.401914326993463, -75.54023420770264 10.390390770867251, -75.54401075799561 10.388533454642571))"
13906,"POLYGON ((-74.84103333693542 11.06565958658803, -74.85339295607605 11.07981071016833, -74.9055780146698 11.025224041160254, -74.86437928420105 10.978042211315707, -74.85201966506042 10.924785093668058, -74.79640137892761 10.860729072270109, -74.70988404494324 10.921414067984905, -74.7682489131073 11.002982119653879, -74.84103333693542 11.06565958658803))"
