id,zonepolygon
13908,"POLYGON ((-73.14571997574313 7.148707586599308, -73.10864111832126 7.1286937298674795, -73.10572287491306 7.091218627541884, -73.14477583816989 7.078527503199228, -73.1685509388779 7.08312701144523, -73.23067089966281 7.110297243500932, -73.22782775810703 7.118430966185253, -73.19563052109226 7.137806530649369, -73.14571997574313 7.148707586599308))"
33964,"POLYGON ((-73.22918064837548 6.632492571677276, -73.22724945788475 6.63684062175594, -73.22317250018212 6.641529652341774, -73.21797974352928 6.640037692909728, -73.2186663890371 6.633174621286282, -73.22282917742821 6.627846083597472, -73.22531826739403 6.6247768197498536, -73.23094017748925 6.6251604787753, -73.22918064837548 6.632492571677276))"
33966,"POLYGON ((-73.8372977727664 7.033271961325671, -73.85618052423125 7.0368497104407695, -73.88313136041289 7.064618919551687, -73.89428934991484 7.081824770914946, -73.864420270325 7.0891498396442465, -73.83352122247344 7.085742845412845, -73.81429514825469 7.0736478125883115, -73.82442316949492 7.040938532804219, -73.8372977727664 7.033271961325671))"
33965,"POLYGON ((-73.13685105259279 6.54635458904651, -73.13127205784181 6.550959205460653, -73.12637970859865 6.550703394552217, -73.11899826938966 6.5566722815656595, -73.14826653416017 6.572787919330388, -73.15375969822267 6.560168310773743, -73.15333054478029 6.551641367241919, -73.14431832249025 6.551556097070269, -73.13685105259279 6.54635458904651))"
