id,zonepolygon
33955,"POLYGON ((-75.83617610822719 6.563966591366951, -75.82518978010219 6.566780429254124, -75.81428928266567 6.563454982769787, -75.82527561079067 6.549044458195299, -75.83188457380336 6.554885460662625, -75.83746356855434 6.561238006108824, -75.83617610822719 6.563966591366951))"
88166,"POLYGON ((-75.82719306483882 5.598785095149423, -75.82590560451168 5.605490623263415, -75.81178645625728 5.601048753373768, -75.8151767684521 5.59160966776048, -75.82719306483882 5.598785095149423))"
88167,"POLYGON ((-75.43696098917883 6.039261720373025, -75.41794949168127 6.037341244518792, -75.41979485148352 6.0258609247183585, -75.42194061869543 6.014849832233476, -75.44442825907629 6.019843262293764, -75.43696098917883 6.039261720373025))"
88165,"POLYGON ((-75.51015700914208 6.054606566779652, -75.50526465989891 6.05255811706658, -75.49698199846092 6.057209793747686, -75.49929942704979 6.064934049056098, -75.50281848527733 6.065232774940627, -75.51015700914208 6.054606566779652))"
13914,"POLYGON ((-75.56803846968842 6.312904448728783, -75.54640913619232 6.312221966441824, -75.52992964400482 6.307103320632491, -75.53645277632904 6.2879932633631785, -75.52615309371186 6.2548902534488775, -75.54194594039154 6.205402466906923, -75.54881239546967 6.184923400469719, -75.55705214156342 6.1740009071819655, -75.56838179244232 6.168880910890692, -75.59413099898529 6.173659575635209, -75.60820723189545 6.182534124330139, -75.63017988814545 6.226222035247255, -75.63052321089936 6.243969212455595, -75.61198378218842 6.284239419516813, -75.59893751753998 6.307785809661525, -75.56803846968842 6.312904448728783))"
88168,"POLYGON ((-75.35077245903716 6.174279449615687, -75.34428608634128 6.1668864415177564, -75.33338558890476 6.16479575428044, -75.32411587454929 6.169062454173595, -75.3270341179575 6.179003731652762, -75.34209740378513 6.181051696958439, -75.34973633505955 6.181051696958439, -75.35063755728855 6.173670451483534, -75.35077245903716 6.174279449615687))"
33912,"POLYGON ((-75.16933696835306 6.23986173057101, -75.17156856625346 6.228769728293779, -75.15174167721537 6.225612730936295, -75.14865177243021 6.237302058561365, -75.16933696835306 6.23986173057101))"
