id,zonepolygon
36696,"POLYGON ((-76.31558832315952 3.6967089554166392, -76.32374223856479 3.6890858855465045, -76.32365640787631 3.684717580071777, -76.31644663004428 3.6782935624770814, -76.30382951883823 3.6735825868079153, -76.29541811136752 3.6708416440634353, -76.2940448203519 3.674781746611726, -76.30279955057651 3.6803492531490676, -76.30297121195346 3.685488459067722, -76.31558832315952 3.6967089554166392))"
36692,"POLYGON ((-76.32080057203785 3.5391296324842387, -76.31788232862965 3.5579761800966763, -76.30208948194996 3.56243076237809, -76.28234842360035 3.5581475105827853, -76.28286340773121 3.5422136392939905, -76.27393701612965 3.5425563060831493, -76.26689889967457 3.527992855813624, -76.2935064131023 3.5045195207090183, -76.30002954542653 3.4998076487645684, -76.30689600050465 3.501435389026313, -76.32131555616871 3.533304258283261, -76.32080057203785 3.5391296324842387))"
36695,"POLYGON ((-76.6399604327977 3.3247715896643237, -76.64184870794418 3.33411134352491, -76.62665667608383 3.344479223279973, -76.62159266546371 3.3222009996753523, -76.63438143804672 3.3160315563970277, -76.6399604327977 3.3247715896643237))"
36694,"POLYGON ((-76.54708012791234 3.2724723065863284, -76.53077229710179 3.2745288819798395, -76.52733906956273 3.2488213868562306, -76.54862508030492 3.24333703631531, -76.55737981052953 3.249164157776164, -76.54708012791234 3.2724723065863284))"
13909,"POLYGON ((-76.57905215943454 3.470537841539107, -76.56755084717865 3.499323623859433, -76.51090259278415 3.4979528923161856, -76.48669833863374 3.4976102091171457, -76.47090549195406 3.4839027785633334, -76.45648593629 3.445520913356208, -76.4616357775986 3.410564653006305, -76.55450458253024 3.4281714585283396, -76.59141177857516 3.4383241407636316, -76.58403033936618 3.4578581111143367, -76.57905215943454 3.470537841539107))"
36699,"POLYGON ((-76.59145099054916 3.4385611799799176, -76.59711581598862 3.380299617062561, -76.55677539240463 3.313979994673268, -76.53033954035385 3.309867002574805, -76.50390368830307 3.326490240465542, -76.47763949762924 3.3405426559662246, -76.46270495783432 3.3520243583582827, -76.46150332819565 3.409944912208424, -76.55883532892807 3.4289654011052026, -76.59145099054916 3.4385611799799176))"
