id,zonepolygon
33956,"POLYGON ((-75.63939083831353 4.859013559005048, -75.63853253142877 4.89048500156291, -75.61793316619439 4.891340183207527, -75.59561718719048 4.8506323288397715, -75.63973416106744 4.848750813884119, -75.63939083831353 4.859013559005048))"
33957,"POLYGON ((-75.58809997927075 5.108594911318177, -75.50776245485669 5.125692631973327, -75.37729980837231 5.035411531570532, -75.45077087770825 4.9827417528077715, -75.56269409548169 5.050459258210367, -75.58809997927075 5.108594911318177))"
33958,"POLYGON ((-75.6965140608756 4.493757847868689, -75.7184867171256 4.51001536488464, -75.7349662093131 4.5324330281166, -75.64055245198888 4.5930085692973215, -75.614459922692 4.56802605599097, -75.6965140608756 4.493757847868689))"
13915,"POLYGON ((-75.67689963199314 4.843997015734275, -75.65767355777439 4.823813020698445, -75.64668722964939 4.790969984640504, -75.6799895367783 4.787548744119959, -75.7246214947861 4.777284919946912, -75.78092642642673 4.801575721389292, -75.74316092349704 4.821760377377245, -75.67689963199314 4.843997015734275))"
