id,zonepolygon
13916,"POLYGON ((-81.73726248697018 12.532101595510694, -81.70601475194668 12.530389218824958, -81.70294094041562 12.543024929434685, -81.69999587491726 12.56487544293702, -81.69838654950833 12.569964728054568, -81.70317161039088 12.574865425866381, -81.68521153882718 12.580729385836207, -81.69512498334622 12.588184798677547, -81.70405137494778 12.595409640948299, -81.70887935117459 12.593483036241645, -81.71441543058131 12.586844515707929, -81.71965110257838 12.582572317025107, -81.72299849942898 12.577964964248274, -81.73270541385388 12.555955861248757, -81.73726248697018 12.532101595510694))"
27701,"POLYGON ((-81.7332049187602 12.53184183289754, -81.70601804818524 12.530396523427534, -81.70889253510013 12.518998051472819, -81.72532827079434 12.476593549897729, -81.73961908042568 12.485057589333152, -81.73216274965155 12.503661563552798, -81.73659396923141 12.528045569874793, -81.73723896111859 12.532135083105443, -81.7332049187602 12.53184183289754))"
