id,zonepolygon
110039,"POLYGON((115.16367786165885 -8.781357360527549,115.16450398203544 -8.780010351800762,115.16701452967338 -8.781123676921016,115.16600601908378 -8.782894387132822,115.16367786165885 -8.781357360527549))"
