id,zonepolygon
39338,"POLYGON((100.17982991249949 5.379522792732531,100.20626576455027 5.383966314312684,100.21656544716745 5.313891632277049,100.19424946816355 5.3084220520587415,100.17982991249949 5.379522792732531))"
39341,"POLYGON((100.31223198528528 5.465209937270054,100.291289297297 5.44402031381599,100.16734978313684 5.43684301381922,100.17224329013038 5.490430575847235,100.28004663485694 5.480178058076756,100.31223198528528 5.465209937270054))"
39340,"POLYGON((100.40512397993166 5.3273486156295595,100.44426277387697 5.333159864215862,100.43602302778322 5.365975292449304,100.41885689008791 5.398447155568803,100.40443733442385 5.422030892826816,100.352595598584 5.414853331013199,100.38967445600588 5.333843536903982,100.40512397993166 5.3273486156295595))"
39339,"POLYGON((100.31117824902344 5.462499494440011,100.28096584667969 5.4351577813910055,100.26860622753907 5.34833964374771,100.24526028027344 5.277235293675853,100.28645901074219 5.25364598703417,100.31186489453125 5.329196972923357,100.33315090527344 5.379787016471272,100.35169033398438 5.4194357338294825,100.31117824902344 5.462499494440011))"
