id,zonepolygon
92474,"POLYGON ((-159.75451154868182 -21.27010225793629, -159.75166840712603 -21.270522173115697, -159.7517005936342 -21.272691715789993, -159.7543828026491 -21.272681717970848, -159.75451154868182 -21.27010225793629))"
