id,zonepolygon
33097,"POLYGON ((18.614667449218775 45.57436773029704, 18.711484465820337 45.58370939544416, 18.78461221240237 45.55655118070621, 18.79834512255862 45.5240883101581, 18.68642190478518 45.513022606216154, 18.577931914550806 45.534189878413194, 18.596471343261744 45.57601990638972, 18.614667449218775 45.57436773029704))"
