id,zonepolygon
30994,"POLYGON ((38.7103215433571 8.989900801994585, 38.72263824715348 8.94606878851111, 38.75349437966081 8.948358018731762, 38.77486622109147 8.948866734602852, 38.789028284690104 8.948866734602852, 38.82911121620866 8.979727498889, 38.82247542243607 9.040208579706057, 38.77784346442826 9.060212452009319, 38.71713166771106 9.052352631369553, 38.7103215433571 8.989900801994585))"
