id,zonepolygon
29326,"POLYGON ((27.567530223976345 68.66222119859883, 27.496805736671657 68.66159657339763, 27.49948794568655 68.637938514242, 27.570555755745144 68.63868885457836, 27.567530223976345 68.66222119859883))"
