id,zonepolygon
33125,"POLYGON ((24.300946331776903 67.53908800125869, 24.3159667022603 67.53013412693983, 24.310559368886278 67.5227192015798, 24.292148686208055 67.52340829683212, 24.239491558827684 67.5423669619972, 24.268673992909715 67.5504312737512, 24.300946331776903 67.53908800125869))"
33030,"POLYGON ((24.795997827205227 67.79396332480222, 24.798572747859524 67.81218677502306, 24.887665002498196 67.80732425448831, 24.922683923396633 67.77643986189335, 24.846466272029446 67.76345105607184, 24.795997827205227 67.79396332480222))"
33126,"POLYGON ((24.14109133539017 67.60813111261265, 24.11559962091263 67.59805851288431, 24.17634866904694 67.59793619063316, 24.184073431009832 67.60467357003611, 24.149192795797656 67.60941049016574, 24.14109133539017 67.60813111261265))"
33029,"POLYGON ((24.945640678132936 67.63694598574102, 24.922466392244264 67.6304791403881, 24.849605651187762 67.68480556658865, 24.869690032291278 67.6863698365573, 24.945640678132936 67.63694598574102))"
