id,zonepolygon
30146,"POLYGON ((27.63601311856003 62.88548902759267, 27.639103023345186 62.89069140432322, 27.64751443081589 62.89471967872995, 27.66193398647995 62.90042871203026, 27.68442162686081 62.90394742538106, 27.68716820889206 62.909654662175974, 27.735748378569795 62.91129626420754, 27.732830135161592 62.89714419852079, 27.707601277167512 62.884598061666246, 27.704170731837465 62.880827106580945, 27.702113477523042 62.87705566683221, 27.660410491759492 62.869794105798945, 27.67906525545807 62.8526217961242, 27.627796171242906 62.84442361631099, 27.615551216537668 62.83421106331652, 27.612919298941804 62.822897311884695, 27.601906148726655 62.82402535805165, 27.596187679106905 62.824399755994264, 27.63601311856003 62.88548902759267))"
