id,zonepolygon
115521,"POLYGON ((28.039164395805763 63.20128238681631, 28.09890255498545 63.18920627460278, 28.141474576469825 63.20004404304256, 28.067316861626075 63.23036821595446, 28.04397091436045 63.25602607645135, 28.04946407842295 63.270853959296744, 28.04946407842295 63.3027178326736, 28.000712247368263 63.31721339240532, 27.98903927373545 63.32738676744904, 27.945780606743263 63.28420226004562, 28.039164395805763 63.20128238681631))"
115520,"POLYGON ((27.734530689944783 62.36053136615372, 27.852633717288533 62.37518059370014, 28.033908131351033 62.32292018438957, 28.01056218408541 62.24883530952766, 27.852633717288533 62.28142957059736, 27.79083562158541 62.279513237215085, 27.734530689944783 62.36053136615372))"
30146,"POLYGON ((27.6317215841362 62.89370288496653, 27.638931361968233 62.894973871662565, 27.62674340420456 62.90257908703946, 27.616615382964326 62.917314684982514, 27.6233101766655 62.92833222557008, 27.630691615874483 62.94239114992791, 27.67944344692917 62.93661218718021, 27.735748378569795 62.91129626420754, 27.732830135161592 62.89714419852079, 27.707601277167512 62.884598061666246, 27.704170731837465 62.880827106580945, 27.702113477523042 62.87705566683221, 27.704355804259492 62.867132464535494, 27.7082476895401 62.85583297854193, 27.72864689492674 62.82974855624233, 27.741764741028263 62.816462396666935, 27.71869418119134 62.81913928227654, 27.706609949479414 62.82777432278555, 27.70602703002335 62.82002313861038, 27.689651263887598 62.812269911769995, 27.636035917336656 62.823026921099036, 27.615551216537668 62.83421106331652, 27.612919298941804 62.822897311884695, 27.601906148726655 62.82402535805165, 27.582626430327608 62.844933655907425, 27.594728557402803 62.897417922032744, 27.62348183804245 62.895580015149044, 27.6317215841362 62.89370288496653))"
115522,"POLYGON ((29.70378531785501 63.16301738679116, 29.82188834519876 63.123311684785186, 29.87681998582376 63.06676151923712, 29.779316323714387 63.023809458520034, 29.620014565901887 63.123311684785186, 29.70378531785501 63.16301738679116))"
