id,zonepolygon
30145,"POLYGON ((22.2922943787178 60.454913040144824, 22.25633132024612 60.44471139633089, 22.25252258344497 60.44355239700616, 22.249228830774683 60.44163122487251, 22.242126341303248 60.438127307172905, 22.225689764459986 60.43188071628728, 22.20715033574905 60.43632756512369, 22.206978674372095 60.44132425020487, 22.28079306646194 60.46303819797946, 22.2922943787178 60.454913040144824))"
