id,zonepolygon
26868,"POLYGON ((23.690347423828108 61.508193842981484, 23.89428113964842 61.508521393875306, 23.8932511713867 61.444255456893174, 23.69154905346678 61.44441956939246, 23.690347423828108 61.508193842981484))"
