id,zonepolygon
30144,"POLYGON ((21.58942898202289 63.116925161270835, 21.608075699094424 63.121300678333604, 21.671697696927676 63.12350274020237, 21.709677776578555 63.109899671038825, 21.75499638009418 63.07400825334096, 21.67684753823627 63.06749721848747, 21.618611416104923 63.074668993372754, 21.594063839200626 63.099105829931595, 21.56470974374164 63.1124228326596, 21.58942898202289 63.116925161270835))"
