id,zonepolygon
30144,"POLYGON ((21.61792477059711 63.112888623152124, 21.64341648507465 63.101047463940525, 21.666419109586368 63.089551101661165, 21.618611416104923 63.074668993372754, 21.594063839200626 63.099105829931595, 21.61792477059711 63.112888623152124))"
