id,zonepolygon
115515,"POLYGON ((22.74221368680268 62.79422195164844, 22.733287295201116 62.77003974208027, 22.81705804715424 62.77538037851159, 22.823924502232366 62.76344114945771, 22.81156488309174 62.75149708513811, 22.83079095731049 62.73766107329996, 22.873362978794866 62.729482199154376, 22.898082217076116 62.73451562055369, 22.942027529576116 62.78260440561057, 22.936534365513616 62.82277535107814, 22.953013857701116 62.83782532946217, 22.903575381138616 62.84534743072303, 22.768992861607366 62.83186896731782, 22.74221368680268 62.79422195164844))"
30144,"POLYGON ((21.58942898202289 63.116925161270835, 21.57909887309719 63.11995807075811, 21.567738795909772 63.118799738107505, 21.56063982683767 63.12160550288468, 21.55450997341026 63.128612856791385, 21.558386435989032 63.13269418114794, 21.55463804889072 63.1353480826919, 21.54628296780933 63.14228380745753, 21.546910604718814 63.149870849269455, 21.567536792043338 63.15701020952395, 21.614770492795596 63.14639622555511, 21.671697696927676 63.12350274020237, 21.709677776578555 63.109899671038825, 21.75499638009418 63.07400825334096, 21.659938892606387 63.06679743851157, 21.62144382882465 63.07719521397537, 21.597110828641544 63.088987818461156, 21.572177013639102 63.078905146521556, 21.541964611295352 63.08799719050608, 21.58942898202289 63.116925161270835))"
115516,"POLYGON ((22.929495568978027 62.9790618918054, 23.066824670540527 63.02301432519045, 23.203467126595214 62.96252364657794, 22.93636202405615 62.90347141720833, 22.8622043092124 62.963460023516475, 22.929495568978027 62.9790618918054))"
115519,"POLYGON ((22.588282826614027 63.667918148255445, 22.695399525832777 63.60067924043012, 22.82792210884059 63.64826609519501, 22.780543568801527 63.78781966985764, 22.692652943801527 63.76764374123684, 22.69608617134059 63.733022862671994, 22.74449467964137 63.72010509779355, 22.7242386371609 63.70870216978064, 22.70054936714137 63.721625141064, 22.683726552199964 63.68299072584128, 22.657977345656995 63.70322713214171, 22.588282826614027 63.667918148255445))"
115518,"POLYGON ((21.926157190422074 62.55121292885149, 22.422601892570512 62.55437789138842, 22.381403162101762 62.29021881975335, 21.856805994133012 62.30011504215341, 21.926157190422074 62.55121292885149))"
115517,"POLYGON ((22.742059403057258 63.28060753667771, 22.91852729856507 63.294805642553776, 22.950456314678352 63.20440500407727, 22.779138260479133 63.18350310972273, 22.742059403057258 63.28060753667771))"
