id,zonepolygon
161135,"POLYGON((4.71730359107065 49.76001786111523,4.72228177100229 49.757578184043275,4.729577379522798 49.757300940245415,4.7310365012269 49.758021770822836,4.726916628180025 49.768223146810264,4.719191866217134 49.76689265428169,4.71678860693979 49.76356626319048,4.71730359107065 49.76001786111523))"
161134,"POLYGON((4.9301997997618185 49.69518421405901,4.951485810504006 49.69862632681561,4.952755913149383 49.70241249313216,4.947606071840789 49.70474392673398,4.93807886541989 49.709128939187394,4.926148399721648 49.70180186108168,4.9301997997618185 49.69518421405901))"
161133,"POLYGON((4.019265956003211 49.25301397373727,4.0420110884495 49.235923879794555,4.050165003854773 49.243825281334495,4.0430410567112185 49.2485879268516,4.0389211836643435 49.257551660436505,4.03377134235575 49.26152879582501,4.029136485178015 49.26158480952754,4.019265956003211 49.25301397373727))"
