id,zonepolygon
66234,"POLYGON ((-149.61820339896633 -17.566978298528603, -149.62318157889797 -17.5749972604477, -149.61451267936184 -17.599870145411582, -149.60189556815578 -17.60240633277725, -149.57528805472805 -17.55683134770337, -149.55322956778957 -17.554376354813957, -149.5201847527261 -17.530315664120533, -149.52413296439602 -17.518857070193548, -149.54696392753078 -17.518365971427606, -149.57168316581203 -17.521639938101483, -149.58884930350735 -17.53473521407554, -149.61623873495202 -17.552183914454048, -149.62224688314538 -17.562331125723198, -149.61820339896633 -17.566978298528603))"
