id,zonepolygon
27604,"POLYGON ((-0.1345253614646502 5.561144389914483, -0.0502396253806658 5.6024894630268065, -0.0965881971580096 5.64212331477062, -0.1736641554099627 5.693028337697126, -0.2696228651267596 5.653739620970852, -0.2244759229880877 5.613764885059673, -0.2455902723533221 5.608468880634963, -0.2617264417869158 5.60129357215752, -0.2747727064353533 5.584379996539646, -0.2661896375876971 5.517062559188965, -0.1896286634666033 5.5338072077383, -0.1345253614646502 5.561144389914483))"
