id,zonepolygon
27604,"POLYGON ((-0.1345253614646502 5.561144389914483, -0.0502396253806658 5.6024894630268065, -0.0965881971580096 5.64212331477062, -0.1736641554099627 5.693028337697126, -0.2696228651267596 5.653739620970852, -0.2244759229880877 5.613764885059673, -0.2455902723533221 5.608468880634963, -0.2617264417869158 5.60129357215752, -0.2747727064353533 5.584379996539646, -0.2661896375876971 5.517062559188965, -0.1896286634666033 5.5338072077383, -0.1345253614646502 5.561144389914483))"
161398,"POLYGON((-0.1078151849896325 5.649865402029585,-0.09670855581327187 5.642378884702079,-0.05018832265897499 5.602702340035624,-0.005197439278918914 5.6057101038067945,0.02999314299647171 5.634752254148803,0.010767068777721711 5.655764198974316,-0.005884084786731414 5.694369521033023,-0.012922201241809539 5.687707725358261,-0.045709524239856414 5.6752380031030665,-0.04931441315587204 5.672163235595053,-0.07746687897618454 5.661572244342193,-0.08399001130040329 5.660547299399115,-0.1078151849896325 5.649865402029585))"
