id,zonepolygon
32821,"POLYGON ((-90.49782767455902 13.90197154649215, -90.5011750714096 13.894264636944715, -90.43718829315033 13.872808916926548, -90.43504252593841 13.878516748923264, -90.49782767455902 13.90197154649215))"
32822,"POLYGON ((-91.54646270131057 14.859021001289575, -91.53736464833206 14.82799155135502, -91.50904052113479 14.827493716407695, -91.49959914540237 14.865657738315383, -91.54646270131057 14.859021001289575))"
32819,"POLYGON ((-91.15884528159687 14.762241335216766, -91.14427552222797 14.749334833580583, -91.12738833427021 14.719410386541927, -91.1431811809499 14.718434971343655, -91.1698745250661 14.74506016427525, -91.17371544837543 14.740059109665987, -91.1800132751424 14.752343652405505, -91.15884528159687 14.762241335216766))"
32820,"POLYGON ((-90.8360372390536 13.911349638811116, -90.7537491218512 13.915506701581933, -90.77074359816956 13.953826896449678, -90.84558795852112 13.951327947212874, -90.8360372390536 13.911349638811116))"
27224,"POLYGON ((-90.54368285020598 14.664458094925777, -90.44978407701262 14.64070886862346, -90.50162581285247 14.534572805621828, -90.61492232164153 14.62212574478297, -90.54368285020598 14.664458094925777))"
32823,"POLYGON ((-91.113430006629 14.95185035344433, -91.11911628974057 14.940199114310023, -91.1088380647955 14.936467267010375, -91.10027645361997 14.946377252264153, -91.113430006629 14.95185035344433))"
27226,"POLYGON ((-90.7510527828559 14.578601592924791, -90.75036613734808 14.587510371961134, -90.69418995174017 14.60155809870397, -90.71414558681097 14.570003968051672, -90.71414558681097 14.538850345976229, -90.75328438075628 14.539431920523747, -90.75118152888861 14.578414691603342, -90.7510527828559 14.578601592924791))"
