id,zonepolygon
27103,"POLYGON ((-58.16794854555155 6.8216665192540935, -58.184878648853555 6.770380801713475, -58.16007357988383 6.761196949624936, -58.14350825700785 6.8145077283924715, -58.16794854555155 6.8216665192540935))"
80942,"POLYGON ((-58.21148565637029 6.524178900642423, -58.253607066740166 6.527579223686561, -58.28154495583929 6.500258735308167, -58.20056370126165 6.48220060164062, -58.187195571531426 6.495109994611383, -58.18212083207525 6.512943813446451, -58.19455555306829 6.521919112060414, -58.21148565637029 6.524178900642423))"
