id,zonepolygon
27103,"POLYGON ((-58.16794854555155 6.8216665192540935, -58.184878648853555 6.770380801713475, -58.16007357988383 6.761196949624936, -58.14350825700785 6.8145077283924715, -58.16794854555155 6.8216665192540935))"
