id,zonepolygon
27459,"POLYGON ((-79.74258657850119 34.280812153570324, -79.89807066523797 34.15044064788372, -79.68671032193237 34.14759937616385, -79.68126588318977 34.27202930241555, -79.74258657850119 34.280812153570324))"
