id,zonepolygon
110363,"POLYGON((4.3084951157818185 50.47061557903991,4.381966185117756 50.380282339430565,4.497322630430256 50.373275960173984,4.537148069883381 50.42404876746555,4.526161741758381 50.49224371034086,5.586498069992594 51.422318745006116,5.508220482101969 51.50445443169158,5.401103782883219 51.49505054933174,5.359905052414469 51.459982618832065,5.372264671555094 51.38890888669688,5.492717029437473 51.34082575018237,4.5261603721847665 50.492243195724726,4.426659052518378 50.48617105174329,4.3084951157818185 50.47061557903991))"
110361,"POLYGON((2.9515653686787013 50.63151938918838,3.074474914577139 50.554801330157005,3.1273466186787013 50.554801330157005,3.2646757202412013 50.68288536165582,3.246136291530264 50.71188107185342,3.144512756374014 50.77488438281695,2.9515653686787013 50.63151938918838))"
110360,"POLYGON((4.276575021318556 50.903468471438494,4.463342599443556 50.94285647664101,4.5381869597951185 50.90866440288562,4.514154367021681 50.81808567055113,4.3898715301076185 50.78640664904855,4.387811593584181 50.76730206930792,4.242242745927931 50.785104311973235,4.2195834441701185 50.85624553269002,4.276575021318556 50.903468471438494))"
110362,"POLYGON((4.698590148293635 52.37245617143288,4.652584899270198 52.32002321637191,4.728802550637385 52.263325759728815,4.826992858254573 52.30281166165863,4.864071715676448 52.33429113730637,4.833859313332698 52.35149045163568,4.698590148293635 52.37245617143288))"
