id,zonepolygon
110386,"POLYGON((5.351414401392525 43.23308159653466,5.357594210962837 43.23001735622136,5.358967501978462 43.20826467556962,5.352959353785103 43.20838979424799,5.343174655298775 43.21170534570673,5.335449893335884 43.213707100835094,5.334591586451118 43.21808571111444,5.3436038087411575 43.228523501021805,5.351414401392525 43.23308159653466))"
