id,zonepolygon
27601,"POLYGON ((-118.44191916655633 34.029337942275426, -118.17131952750819 34.01470174511288, -118.19469036161225 33.875961104104405, -118.41488566083376 33.871774115916175, -118.44191916655633 34.029337942275426))"
27602,"POLYGON ((-118.413343758666 33.87076448473887, -118.19456133373924 33.875325319261655, -118.20327314861962 33.851592062498455, -118.20726427563378 33.79547554229481, -118.21026834973046 33.71569400015412, -118.29695734509178 33.699271776032624, -118.43153986462303 33.72526028297812, -118.413343758666 33.87076448473887))"
27600,"POLYGON ((-118.02908597772878 33.88802622196881, -118.02822767084402 33.831719738434174, -117.97569928949636 33.83218317108821, -117.97677217310232 33.88902372353729, -118.02908597772878 33.88802622196881))"
27599,"POLYGON ((-118.20743774075406 33.76257301540288, -118.20323203701871 33.85179179518683, -118.1907865871896 33.88286456057376, -118.15149110664264 33.8818518980105, -118.15062531237022 33.8474716516451, -118.09783569526333 33.84553290393944, -118.08961647091823 33.80347812964836, -118.10027999803799 33.756693045023134, -118.1177568040173 33.74364032673673, -118.20718024868863 33.7488003663754, -118.20743774075406 33.76257301540288))"
27837,"POLYGON ((-118.25036301485714 34.06274265420519, -118.31868424288449 34.02248808623706, -118.22366967074093 34.01793513070634, -118.23122277132687 34.05392526678851, -118.25036301485714 34.06274265420519))"
