id,zonepolygon
14170,"POLYGON ((-74.82380301999285 40.239716569350136, -74.75307853268816 40.18256014227694, -74.72595603512957 40.19672264741021, -74.73076255368426 40.243385518295604, -74.74243552731707 40.24731631437596, -74.80251700925066 40.24941264561922, -74.82380301999285 40.239716569350136))"
