id,zonepolygon
110596,"POLYGON((28.22863600386441 36.446179808568175,28.22785279883206 36.4448075565834,28.228754021061064 36.44394449258802,28.229301191700102 36.44389270844303,28.229226089847685 36.44616254768766,28.22863600386441 36.446179808568175))"
