id,zonepolygon
66347,"POLYGON ((-88.02647109473997 15.518819521904115, -88.03900237525755 15.51369196354346, -88.03505416358763 15.477630054545301, -87.93600554908568 15.440734533649236, -87.90390487159544 15.473824990903973, -88.01599975074583 15.517496293233476, -88.02647109473997 15.518819521904115))"
