id,zonepolygon
27464,"POLYGON ((-86.77301287636409 15.803485598261314, -86.78175944007602 15.763521541811997, -86.86200921540012 15.7265152409582, -86.8756562948679 15.765259268057127, -86.77301287636409 15.803485598261314))"
