id,zonepolygon
27492,"POLYGON ((-87.15313096285217 14.04537470351812, -87.15643544435852 14.117220832128737, -87.22454209566467 14.117886739110972, -87.22677369356506 14.043959199583302, -87.15313096285217 14.04537470351812))"
80943,"POLYGON ((-87.1995935251264 14.076908998193883, -87.20036600132269 14.076076464647977, -87.19986711044592 14.075072217022115, -87.19855282802862 14.0748796923617, -87.19793055553717 14.075410435627314, -87.19785545368475 14.076555171807515, -87.19868157406134 14.077002658028018, -87.1995935251264 14.076908998193883))"
