id,zonepolygon
66350,"POLYGON ((-86.54045465804379 16.313590679759354, -86.53255823470394 16.31157248105944, -86.50940540648739 16.320386501968947, -86.51798847533504 16.326667279298125, -86.53343799926083 16.33253602010766, -86.54118421889584 16.334306903793333, -86.54534700728695 16.324731585814273, -86.54045465804379 16.313590679759354))"
