id,zonepolygon
66350,"POLYGON ((-86.54045465804379 16.313590679759354, -86.53255823470394 16.31157248105944, -86.50940540648739 16.320386501968947, -86.51798847533504 16.326667279298125, -86.53343799926083 16.33253602010766, -86.54118421889584 16.334306903793333, -86.54534700728695 16.324731585814273, -86.54045465804379 16.313590679759354))"
135893,"POLYGON ((-86.5614607 16.3424411, -86.532965 16.2989486, -86.4268782 16.3454061, -86.4536574 16.3879001, -86.5614607 16.3424411))"
135892,"POLYGON ((-86.5614607 16.3424411, -86.6311553 16.2920285, -86.6115859 16.2514913, -86.532965 16.2989486, -86.5614607 16.3424411))"
135895,"POLYGON ((-86.3532355 16.4295, -86.3237097 16.3787805, -86.1626174 16.3989597, -86.1835601 16.4513203, -86.3532355 16.4295))"
135897,"POLYGON ((-85.9665231 16.4451803, -85.9582834 16.3608669, -85.7893686 16.5044413, -85.8436136 16.5459131, -85.9665231 16.4451803))"
135896,"POLYGON ((-87.0055451 16.1069103, -86.9880357 16.0417551, -86.8488183 16.0983342, -86.8805756 16.1506101, -87.0055451 16.1069103))"
135894,"POLYGON ((-86.4536574 16.3879001, -86.4268782 16.3454061, -86.3237097 16.3787805, -86.3532355 16.4295, -86.4536574 16.3879001))"
