id,zonepolygon
67142,"POLYGON((138.48713926867066 -34.93977364287482,138.51786665514527 -34.93189293379663,138.52258734301148 -34.926826363852896,138.54859404161988 -34.92007045056229,138.5748582322937 -34.90416370889072,138.58687452868043 -34.89205562784204,138.59923414782105 -34.886845788036226,138.63923124865113 -34.89726513729153,138.64249281481324 -34.950326977776534,138.6261849840027 -34.965662069431495,138.55649046495972 -34.97972843678166,138.50224546984253 -34.9819788313799,138.48713926867066 -34.93977364287482))"
67143,"POLYGON((138.46693090874186 -34.84737013417579,138.49302343803873 -34.84173479892018,138.5129361577653 -34.841453022028624,138.53181890923014 -34.81806217770111,138.59739355522623 -34.82989933897786,138.6548011925583 -34.85863964702713,138.61278918145186 -34.8907177750154,138.59937511889225 -34.88694457288685,138.58748220412022 -34.89204880497545,138.58136408535725 -34.89727591399317,138.57730590311772 -34.90306582490601,138.54896031824833 -34.92038032590971,138.52313600985295 -34.92685472947045,138.51791106669194 -34.93248423036935,138.4996398588825 -34.93684682786563,138.4848018786121 -34.94120919332766,138.46693090874186 -34.84737013417579))"
67144,"POLYGON((138.525495914978 -34.938663999405996,138.5302166028442 -34.93613096264939,138.53090324835202 -34.936693866467074,138.5353664441528 -34.93451259265456,138.54103126959225 -34.93486441493492,138.5471252484741 -34.93620132583786,138.5471252484741 -34.94204126005365,138.53991547064206 -34.948302896140945,138.53965797857663 -34.951468709897604,138.53339233831784 -34.949498884595485,138.51667144726028 -34.96037630210763,138.5147831721138 -34.957703246814354,138.52885940502395 -34.94574377409995,138.52036216686477 -34.94074841898846,138.525495914978 -34.938663999405996))"
67145,"POLYGON((138.6560816889411 -34.86057733776693,138.6780543451911 -34.878604922491434,138.68148757273016 -34.94955010293501,138.6231227045661 -34.99512532993284,138.5626978998786 -35.01593520472175,138.49883986765204 -35.02549472362599,138.50089980417548 -34.977685954521824,138.55445815378485 -34.979373798365955,138.62655593210516 -34.96643277326138,138.64303542429266 -34.94729881746729,138.64166213327704 -34.899444389562184,138.62106276804266 -34.88592749969195,138.6560816889411 -34.86057733776693))"
