id,zonepolygon
14177,"POLYGON ((78.37205266508079 17.566073067833592, 78.24433660062766 17.541195536258144, 78.24296330961204 17.474402131191898, 78.27866887601829 17.416756741346518, 78.35419988187766 17.39185878456875, 78.38441228422141 17.203048595648813, 78.55744695219016 17.221413634166016, 78.65907048734641 17.284365619318283, 78.67005681547141 17.352539322087104, 78.67829656156516 17.47178228176798, 78.62199162992454 17.56869155655238, 78.44836324032201 17.611702543972783, 78.37205266508079 17.566073067833592))"
