id,zonepolygon
110015,"POLYGON ((104.02353347344624 1.0959573808224055, 104.00722564263569 1.0623177189470954, 104.01907027764545 1.0585418154569362, 104.0437895159267 1.0024176259004818, 104.09494460625874 1.0020743556714393, 104.10850585503803 1.052706319207031, 104.04310287041889 1.0817120592550162, 104.04001296563374 1.0897786953995248, 104.03434814019428 1.0904652166292992, 104.02353347344624 1.0959573808224055))"
110014,"POLYGON ((103.89534428338122 1.1068900030105222, 103.91680195550036 1.0972787441986094, 103.91783192376208 1.0869809326392026, 103.95491078118395 1.0818320136697581, 104.01876881341052 1.0581468745106797, 104.04983952263903 0.9893216541383218, 103.94169285515856 0.9973885263160553, 103.90203907708239 1.0423566810190599, 103.88229801873278 1.0771979791252928, 103.88092472771716 1.1012262292487411, 103.89534428338122 1.1068900030105222))"
110013,"POLYGON ((103.97177185452689 1.1660167032595201, 103.98550476468314 1.133407608286418, 104.00352920926322 1.1061186619517354, 103.95220245755424 1.0826053431721474, 103.91941513455619 1.092216649020342, 103.91048874295463 1.1584651565947148, 103.97177185452689 1.1660167032595201))"
14179,"POLYGON ((104.02754050462056 1.1909986550824152, 103.99526816575337 1.1897972847805445, 103.98531180589009 1.1343620661773453, 104.00290472292727 1.107032199446072, 104.03414709353274 1.090727367908279, 104.07517416262452 1.0682437187426845, 104.14236634085829 1.0440765984382165, 104.14768784354385 1.0928199516483312, 104.15798752616104 1.144580269383998, 104.1342982561415 1.182166360922086, 104.10904820991884 1.2014199167049682, 104.0834548409423 1.201794804622279, 104.02754050462056 1.1909986550824152))"
