id,zonepolygon
29245,"POLYGON ((-8.086708416240544 51.919746013800385, -8.042162288921208 51.92223399951747, -8.032978405254216 51.91492845801432, -8.047655452983708 51.904815203696884, -8.085163463847966 51.90836304437876, -8.086708416240544 51.919746013800385))"
28137,"POLYGON ((-8.357870944020615 52.02077390445496, -8.321135409352646 52.02087954057426, -8.321478732106552 51.99911323211482, -8.357355959889755 51.999218919380226, -8.357870944020615 52.02077390445496))"
88277,"POLYGON ((-9.536521031122168 52.08816636321033, -9.441077305536231 52.08310317915056, -9.457213474969825 52.02420150199531, -9.553343846063575 52.03687508384205, -9.536521031122168 52.08816636321033))"
83731,"POLYGON ((-8.499007819779028 51.91568539699688, -8.41729700434934 51.912296973390696, -8.400130866654028 51.88306120557156, -8.417983649857153 51.85953167289523, -8.48596155513059 51.829412879102925, -8.543983100540746 51.8724638407046, -8.542953132279028 51.89386794463912, -8.499007819779028 51.91568539699688))"
