id,zonepolygon
31601,"POLYGON ((-9.654797113305657 52.68669907666188, -9.635914361840813 52.689300411684236, -9.635571039086907 52.67816561000136, -9.646385705834954 52.670046862660534, -9.661663568383782 52.673794164292566, -9.661835229760735 52.68399352384623, -9.654797113305657 52.68669907666188))"
31600,"POLYGON ((-9.112407315541258 53.24685011666026, -9.00048409776782 53.25321808350739, -8.958255399037352 53.266156515347426, -8.964091885853758 53.28668567231579, -8.996707547474852 53.29981915874112, -9.060565579701414 53.29940879840947, -9.087344754506102 53.29920361676499, -9.106914151478758 53.285454200937, -9.138499844838133 53.269441843060825, -9.112407315541258 53.24685011666026))"
14322,"POLYGON ((-8.617792508545108 52.69599091008664, -8.680277249756045 52.690580788276336, -8.690576932373233 52.673513704682655, -8.688516995849795 52.66143783787822, -8.674097440185733 52.646859071457655, -8.652124783935733 52.63810947802415, -8.603372952881045 52.63769278705906, -8.575220487060733 52.63769278705906, -8.554621121826358 52.651441493318465, -8.571100614013858 52.67975853330716, -8.617792508545108 52.69599091008664))"
88278,"POLYGON ((-9.537209524730674 52.085585300423325, -9.449318899730674 52.08263167537279, -9.448632254222861 52.0235181171708, -9.539956106761924 52.027743108129776, -9.537209524730674 52.085585300423325))"
14321,"POLYGON ((-9.027132880943673 52.86856966191807, -8.902399432915109 52.87601689728706, -8.905296218651193 52.82663406650359, -9.033312690513986 52.82782686169204, -9.027132880943673 52.86856966191807))"
14323,"POLYGON ((-8.832026020119885 52.68484074663143, -8.83982977381679 52.72159393401807, -8.90694848531462 52.73373113122299, -8.9912143379465 52.68600760377706, -8.915948904417792 52.677734197429096, -8.832026020119885 52.68484074663143))"
