id,zonepolygon
81746,"POLYGON ((-4.069542995928199 5.2904723352527245, -4.033837429521949 5.237139851180899, -3.9409772510984364 5.247045978583802, -3.9304458473419923 5.262789521349069, -3.92797392894376 5.264257442005798, -3.9249011957262114 5.259998945758871, -3.9196140361758802 5.274472984074064, -3.9311454326119866 5.24316122178617, -3.808566378303464 5.219412454800271, -3.903323458381589 5.298728031306018, -3.812686251350339 5.352055203166448, -3.961001681037839 5.4463918579628015, -4.060234788080736 5.543434677834701, -4.115522582623634 5.460037068542986, -4.125491773650927 5.353384180016515, -4.1174301045161155 5.306204093170472, -4.069542995928199 5.2904723352527245))"
