id,zonepolygon
39891,"POLYGON ((142.38375167407318 43.437161049105434, 142.33431319751068 43.31837953512957, 142.37139205493256 43.27240163898603, 142.4016044572763 43.26640195927198, 142.43319015063568 43.32037778550107, 142.49910811938568 43.38827919405957, 142.47576217212006 43.41422141824406, 142.38375167407318 43.437161049105434))"
39882,"POLYGON ((142.3694789590367 43.83069684610273, 142.30630757231796 43.79155225875289, 142.28364827056015 43.76651601103128, 142.3028743447789 43.7593254482897, 142.32622029204452 43.74122124029696, 142.3471629800328 43.74072515752623, 142.36741902251327 43.715915778189654, 142.39351155181015 43.71690835066134, 142.41926075835312 43.71244164506367, 142.4237239541539 43.72385589760464, 142.4347102822789 43.73700440572431, 142.4676692666539 43.762548910877584, 142.46869923491562 43.79031308719347, 142.43642689604843 43.79155225875289, 142.4680125894078 43.81286198814823, 142.42200734038437 43.8445647188135, 142.39385487456406 43.82970616043459, 142.3694789590367 43.83069684610273))"
