id,zonepolygon
30094,"POLYGON ((140.0033646422284 39.83545328115063, 140.15236671742372 39.8539051243667, 140.2773361998456 39.69400057689195, 140.17502601918153 39.562845282314875, 140.02877052601747 39.580840954606025, 140.0033646422284 39.83545328115063))"
