id,zonepolygon
32861,"POLYGON ((131.57932145105667 33.257220796887204, 131.4869676302559 33.207539707981276, 131.51752335535355 33.17421173004486, 131.65347916590042 33.12707123300781, 131.80454117761917 33.2480333589956, 131.69879776941605 33.29683055495975, 131.57932145105667 33.257220796887204))"
14444,"POLYGON ((130.1820972579751 33.640000817197816, 130.26243478238916 33.544481333660066, 130.40937692106104 33.51700706954621, 130.5013874191079 33.544481333660066, 130.5274799484048 33.60169133476787, 130.48628121793604 33.705716177033615, 130.30500680387354 33.741124486467655, 130.1820972579751 33.640000817197816))"
32860,"POLYGON ((130.62676467903236 32.79654311436699, 130.59998550422767 32.79423430950046, 130.55054702766517 32.7619047480346, 130.59380569465736 32.711077427320106, 130.63157119758705 32.711077427320106, 130.66315689094642 32.728985813186064, 130.7661537171183 32.666579751907236, 130.80872573860267 32.91882393216003, 130.64084091194252 32.88711632986989, 130.62676467903236 32.79654311436699))"
32862,"POLYGON ((131.28854440975772 33.27025935601014, 131.30777048397647 33.22604254835879, 131.40458750057803 33.25561860510653, 131.37300180721866 33.30154214384357, 131.28854440975772 33.27025935601014))"
32863,"POLYGON ((129.783784783466 32.78545295728427, 129.85450927077068 32.866521798125774, 129.9181956416203 32.825491748685884, 129.9049777155949 32.77866982669176, 129.89811126051677 32.71572082363244, 129.86892882643474 32.715287534234406, 129.82910338698161 32.717995558439135, 129.81537047682536 32.71674987751691, 129.80146590529216 32.74096532262994, 129.78687468825115 32.76517418882653, 129.7844714289738 32.78444273656884, 129.783784783466 32.78545295728427))"
