id,zonepolygon
39879,"POLYGON ((140.62620637039714 41.80684374431408, 140.7007074079948 41.80658783226509, 140.67530152420574 41.74795705467072, 140.70860383133464 41.72233728249079, 140.77314850906902 41.76562873880256, 140.83700654129558 41.756409336775675, 140.8493661604362 41.76895764178695, 140.80954072098308 41.798398106965614, 140.77005860428386 41.830894912515, 140.74636933426433 41.848287999008924, 140.69349763016277 41.83908048327428, 140.6289529524284 41.83754576849993, 140.62620637039714 41.80684374431408))"
