id,zonepolygon
39900,"POLYGON ((132.3507782926934 34.33930564757722, 132.30854959396294 34.36764941099473, 132.3617646208184 34.475268258084235, 132.4101731291192 34.53128842257164, 132.52243966964653 34.53072275057324, 132.62680978683403 34.477532428845265, 132.55677194503716 34.341573501321385, 132.46888132003716 34.30981796897038, 132.3507782926934 34.33930564757722))"
