id,zonepolygon
30105,"POLYGON ((130.54131868310338 31.454962918401783, 130.564664630369 31.53224911570729, 130.58148744531042 31.58841712044549, 130.61907205944325 31.643012630548494, 130.56791696911122 31.673404999483573, 130.5112687147167 31.599744818783524, 130.48174295788075 31.575470959623573, 130.484489539912 31.542413254024364, 130.48174295788075 31.479190719631493, 130.50226110613661 31.45917075639555, 130.54131868310338 31.454962918401783))"
