id,zonepolygon
39885,"POLYGON ((136.4676504815171 36.48377358994865, 136.49614627009132 36.45782146880886, 136.50987918024757 36.3953903947498, 136.46627719050147 36.36277369501023, 136.41100222712257 36.3179725603515, 136.38937289362647 36.323504958953336, 136.39932925348975 36.36830291190867, 136.37014681940772 36.38709931025319, 136.4676504815171 36.48377358994865))"
30112,"POLYGON ((136.47201344844856 36.48696588035395, 136.49810597774544 36.46101482823846, 136.6065959679798 36.45549220679181, 136.627881978722 36.449416868962864, 136.6217021691517 36.48420554316997, 136.65672109005013 36.52670382896742, 136.68968007442513 36.49469430122095, 136.72332570430794 36.51014882943354, 136.7604045617298 36.53608342306008, 136.7205791222767 36.56807582924932, 136.6992931115345 36.60556729886864, 136.66770741817513 36.615488462861606, 136.5997295129017 36.66287195999569, 136.47201344844856 36.48696588035395))"
