id,zonepolygon
30113,"POLYGON ((130.6788352408288 32.842129723911306, 130.64278635166863 32.785864389359084, 130.6029609122155 32.79394570467713, 130.5473426260827 32.766812669725645, 130.57206186436395 32.715121570724015, 130.59060129307488 32.72003206978603, 130.6297400870202 32.70992192410054, 130.641413060653 32.71367725484173, 130.6469062247155 32.72234279932008, 130.685358373153 32.73331794686621, 130.74166330479363 32.750644376002654, 130.751276341903 32.76594658555846, 130.80689462803582 32.784998490595996, 130.8674052634118 32.83095162876733, 130.8860305228112 32.84631213312885, 130.8710101523278 32.85820928830844, 130.7619193472741 32.8683746840179, 130.7179740347741 32.85352272064156, 130.6788352408288 32.842129723911306))"
