id,zonepolygon
39881,"POLYGON ((132.70084118543926 33.85929479064357, 132.67715191541973 33.81823080194046, 132.68024182020488 33.78599316425674, 132.6864216297752 33.75088883842448, 132.69843792616192 33.73233196496169, 132.75920605360332 33.77372255528655, 132.8127644032127 33.82678742661136, 132.82237744032207 33.870697952005244, 132.75680279432598 33.91458590058618, 132.69981121717754 33.904613350019964, 132.69294476209942 33.870697952005244, 132.70084118543926 33.85929479064357))"
