id,zonepolygon
39894,"POLYGON ((131.43929556667922 31.812125664745125, 131.4602382546675 31.81796046454406, 131.46435812771438 31.86579191399959, 131.47843436062453 31.94069738750716, 131.46813467800735 31.962545466438737, 131.41869620144485 31.95409815873486, 131.37887076199172 31.933704904946648, 131.36410788357375 31.896111199548145, 131.3881404763472 31.887949296695737, 131.36582449734328 31.857627324635637, 131.38539389431594 31.82904556849669, 131.43929556667922 31.812125664745125))"
