id,zonepolygon
39892,"POLYGON ((144.30529137059744 42.998462007441226, 144.35953636571463 42.965308310194, 144.41446800633963 42.94043130514223, 144.44468040868338 42.944703829200094, 144.44914360448416 42.96832302142815, 144.43678398534354 42.973598410568314, 144.43918724462088 42.99293763278085, 144.42717094823416 43.01503215158735, 144.40485496923026 43.03033074742587, 144.37635918065604 43.03585175948743, 144.3296672861248 43.039364872197936, 144.28331871434744 43.02380527465118, 144.25035972997244 43.01602399664754, 144.26306267186698 42.98488902353167, 144.30529137059744 42.998462007441226))"
