id,zonepolygon
39904,"POLYGON ((129.64850609366005 33.205610314745165, 129.7061843163163 33.22198270696005, 129.75733940664833 33.19957760868856, 129.7882384544999 33.17802883690295, 129.79064171377723 33.1403776025434, 129.73021690908973 33.11593876669413, 129.67116539541786 33.15216331457678, 129.63305656973426 33.1725689732033, 129.64266960684364 33.20072672760531, 129.64850609366005 33.205610314745165))"
30114,"POLYGON ((129.81675684051342 32.78200780774905, 129.83855783538647 32.79109963003645, 129.86138879852123 32.80827053638884, 129.8922878463728 32.78677030674928, 129.90378915862865 32.75198376506335, 129.90018426971264 32.72252727386741, 129.8710018356306 32.705628717263494, 129.83924448089428 32.713284015607805, 129.81143533782787 32.71241741103256, 129.799934025572 32.73407999942623, 129.80456888274975 32.75573732415912, 129.81675684051342 32.78200780774905))"
