id,zonepolygon
32859,"POLYGON ((127.71553345618182 26.306033850374124, 127.60446854529314 26.2002673135096, 127.65871354041033 26.03935512041639, 127.84273453650408 26.163911917708056, 127.82762833533221 26.21258860175446, 127.83679076132708 26.297396784353058, 127.82642670569354 26.29804122018014, 127.81513997015887 26.298935729645127, 127.77612992224627 26.301609598507486, 127.71553345618182 26.306033850374124))"
32858,"POLYGON ((127.71425571799216 26.36114845047071, 127.71554317831931 26.305994123496692, 127.83759441733298 26.297068499900224, 127.9235967671865 26.292759332212103, 127.93595638632712 26.308764004866138, 127.93269482016501 26.32484339701661, 127.9085763967031 26.329920636064074, 127.8906377828115 26.3734526624116, 127.71425571799216 26.36114845047071))"
32857,"POLYGON ((127.83063278855833 26.48075536301667, 127.68257485093626 26.442874062908217, 127.71416054429564 26.36107562419932, 127.89062843980345 26.37337984389209, 127.90848122300658 26.330040105539172, 127.93251381578001 26.32469361826703, 127.95980797471556 26.301997148125327, 128.05267677964721 26.402289602964117, 128.00280914964233 26.44760030111065, 127.93397293748411 26.40501874082829, 127.86213265122923 26.47971821150514, 127.85312042893919 26.46886597286211, 127.83063278855833 26.48075536301667))"
32856,"POLYGON ((128.06235482992116 26.65449363131298, 128.2401960164446 26.897249421594296, 128.32053354085866 26.85927649447083, 128.33169153036062 26.75800415107435, 128.246032503261 26.59740766111432, 127.93395211996021 26.40507053794941, 127.86202600301685 26.479923627649093, 127.86520173849048 26.483534404581068, 127.87043741048755 26.49463491290686, 127.85657575429859 26.51011237885438, 127.86872079671802 26.55887387595801, 127.84777810872974 26.642142768030848, 127.86116769613209 26.726884214531456, 127.89275338949146 26.73240364222119, 128.02991082967702 26.718451238579565, 128.06235482992116 26.65449363131298))"
101774,"POLYGON ((127.83066555194286 26.480823622962095, 127.85306736163524 26.468991865037353, 127.86508365802196 26.483512489136437, 127.87036224536327 26.494689815985247, 127.85654350451854 26.51009046847703, 127.84396930865672 26.509706437402233, 127.82594486407665 26.4979544658343, 127.83066555194286 26.480823622962095))"
