id,zonepolygon
30102,"POLYGON ((142.8014999249307 43.18029642936804, 142.800469956669 43.171032690732275, 142.80321653870024 43.166901110961916, 142.81282957580962 43.15475515239932, 142.82141264465727 43.16114147286957, 142.81351622131743 43.178418758069476, 142.8014999249307 43.18029642936804))"
30101,"POLYGON ((143.1039382822775 42.95056453781652, 143.1135513193869 42.89173405235218, 143.12865752055876 42.87462748024318, 143.18358916118376 42.846945041843874, 143.20418852641814 42.888212498792534, 143.22753447368376 42.911350455741015, 143.23165434673064 42.92945236526928, 143.2618667490744 42.9390040066779, 143.252253711965 42.96262538612455, 143.18152922466032 42.97217188119818, 143.1039382822775 42.95056453781652))"
30103,"POLYGON ((143.2705993368614 42.959800229428396, 143.32312771820907 42.96507634949728, 143.32398602509383 42.942147063100315, 143.32089612030867 42.93096201085079, 143.31025311493758 42.925745814431274, 143.29488942170028 42.93215601777783, 143.28107068085555 42.936931814008545, 143.2717151358116 42.94572836385666, 143.26291749024276 42.95427238024554, 143.2705993368614 42.959800229428396))"
