id,zonepolygon
39905,"POLYGON ((134.03951261090663 34.61082608626913, 134.02852628278163 34.66844924890823, 133.9341125254574 34.745782033286986, 133.83351895856288 34.69357621889409, 133.8012466196957 34.65884816911303, 133.84776685285 34.596555347581656, 133.9279327158871 34.582282156749514, 133.96569821881678 34.59471834169637, 134.03951261090663 34.61082608626913))"
39906,"POLYGON ((133.7964085171458 34.65614303494147, 133.84790693023174 34.595685206842404, 133.77512250640362 34.48652378572271, 133.70096479155987 34.46105106743593, 133.685858590388 34.522172525408656, 133.7140110562083 34.595685206842404, 133.7964085171458 34.65614303494147))"
