id,zonepolygon
39893,"POLYGON ((134.002703936221 34.362478690602515, 133.97695472967803 34.295851539559735, 133.99927070868193 34.208731297976044, 134.03806617987334 34.218952020241545, 134.0631287409085 34.23569996735825, 134.09917763006865 34.23172617959177, 134.1287033869046 34.239531656517435, 134.10055092108428 34.34093697545753, 134.079608233096 34.36899680267671, 134.002703936221 34.362478690602515))"
