id,zonepolygon
30129,"POLYGON ((140.94282062143 38.20230100131561, 140.9589567908636 38.30475052544367, 140.89166553109797 38.380147195350276, 140.8271208533636 38.370457734359874, 140.77630908578547 38.30798342069266, 140.83467395394953 38.20230100131561, 140.9146681556097 38.19420673063942, 140.94282062143 38.20230100131561))"
