id,zonepolygon
106559,"POLYGON ((76.98200277863809 43.15107465773567, 76.99710897980997 43.20064801413904, 77.09186605988809 43.20365116652768, 77.13821463166543 43.156334345737996, 77.12207846223184 43.133539095109164, 77.03521780549356 43.123516515445196, 76.98200277863809 43.15107465773567))"
29342,"POLYGON ((76.8940400618324 43.31499414991074, 76.87893386066052 43.27501311552182, 76.84631819903943 43.26463874166787, 76.83155532062146 43.24926141767946, 76.82760710895154 43.242884315206844, 76.84503073871228 43.209675086102266, 76.85490126788709 43.182706647374985, 76.8607377547035 43.17682331656755, 76.86451430499646 43.174444787885015, 76.88133711993787 43.17018824217567, 76.90880294025037 43.1694370562549, 76.93575377643201 43.197600205456546, 76.96888442218396 43.214491858561196, 76.976094200016 43.2345055385198, 76.99566359698865 43.28126188484177, 77.02347274005506 43.31049759579752, 77.04887862384412 43.33272731348539, 77.01832289874646 43.350205646576846, 77.01689236824153 43.38335901637683, 76.9605874366009 43.38410756611278, 76.93621152107356 43.37312791032459, 76.90365309894177 43.343963962385644, 76.8940400618324 43.31499414991074))"
