id,zonepolygon
27030,"POLYGON ((71.44700545212415 51.00912051823196, 71.51155012985852 51.08639033729322, 71.59120100876477 51.160517024194334, 71.55274886032727 51.23409485847267, 71.39962691208508 51.24871036655064, 71.3398887529054 51.166975922261265, 71.35499495407727 51.13811917497905, 71.39688033005383 51.10708882102779, 71.39207381149915 51.05964108075162, 71.43533247849133 51.02898987398653, 71.44837874313977 51.04798737780779, 71.44700545212415 51.00912051823196))"
