id,zonepolygon
14738,"POLYGON ((74.49073438230289 42.93376735856328, 74.58823804441226 42.94683673651579, 74.66376905027164 42.93326463477913, 74.74135999265445 42.8658625313479, 74.67475537839664 42.79889057706439, 74.5628321606232 42.8009058296413, 74.47356824460758 42.824580130669396, 74.41863660398258 42.89303343632927, 74.49073438230289 42.93376735856328))"
