id,zonepolygon
14740,"POLYGON ((128.89224416511536 35.18461342583464, 128.84829885261536 35.15205759000909, 128.83113271492005 35.128474539254164, 128.84074575202942 35.08465932277445, 128.96846181648255 35.041944923311014, 129.0865648438263 35.05215988282269, 129.1030443360138 35.096554363283204, 129.22664052742005 35.179097502066654, 129.25891286628723 35.27752317053559, 129.2238939453888 35.311762752872625, 129.17651540534962 35.32626594479395, 129.12982351081848 35.32906697254125, 129.0920580078888 35.304974962478, 129.01790029304505 35.257330110584064, 128.94648916023255 35.207413114678204, 128.89224416511536 35.18461342583464))"
