id,zonepolygon
14739,"POLYGON ((126.45077682542696 33.52070422953074, 126.4725778203 33.46845267506265, 126.59256912279024 33.49093186586972, 126.57299972581758 33.54531594620379, 126.45077682542696 33.52070422953074))"
31153,"POLYGON ((126.5506382086821 33.263934724527, 126.55347062140183 33.251661608130114, 126.5532131293364 33.244914248402374, 126.55312729864792 33.231417966306864, 126.57012177496628 33.229982069013836, 126.5766449072905 33.23752026677771, 126.5722675421782 33.24182751658339, 126.57758904486374 33.24462711515689, 126.57784653692917 33.250656715228295, 126.5766449072905 33.25252293570569, 126.57939148932175 33.25905439350323, 126.5856142142363 33.26553153834036, 126.58548546820359 33.26755891156713, 126.57293273001389 33.26521756040199, 126.56776143103318 33.26632096359873, 126.56394196539597 33.265370064112986, 126.5506382086821 33.263934724527))"
