id,zonepolygon
111049,"POLYGON((105.7841488482656 21.092046098482587,105.77762571594138 21.019635854125386,105.81539121887107 20.96835068834294,105.8775326373281 20.959373974017883,105.92250791808982 21.007136718853808,105.8332440020742 21.093968014037824,105.78861204406638 21.102616326266908,105.7841488482656 21.092046098482587))"
