id,zonepolygon
14746,"POLYGON ((48.150008316739864 29.170717554006497, 48.16581180431556 29.074893937692387, 48.034319189569466 29.0589895825795, 47.9661576626232 29.17245755118281, 48.15069496224768 29.171317111403493, 48.150008316739864 29.170717554006497))"
14745,"POLYGON ((47.77856226212043 29.346210924076026, 47.77856226212043 29.27076809881301, 47.779248907628244 29.17188967762794, 47.966016485753244 29.172489228178044, 48.15141077286262 29.17188967762794, 48.11539081209207 29.363393695842582, 47.97668841951395 29.409462399430687, 47.89909747713113 29.40288243336999, 47.777188971104806 29.396475141050256, 47.77856226212043 29.346210924076026))"
