id,zonepolygon
101793,"POLYGON ((102.60175745447351 18.18657487117683, 102.59746592004969 18.130627386600647, 102.64123957117273 18.081842238938854, 102.69617121179773 18.105665445964366, 102.69788782556726 18.149713527274315, 102.64604608972742 18.17189650748935, 102.60175745447351 18.18657487117683))"
14747,"POLYGON ((102.57587607315565 18.019113716469118, 102.51669523457588 18.001682234757716, 102.50193235615791 17.97229332661524, 102.58055326680244 17.967394699579454, 102.61419889668525 17.937020181633123, 102.66192075947822 17.934080435359355, 102.67668363789619 17.98502912102778, 102.64303800801338 18.024863362296365, 102.57587607315565 18.019113716469118))"
