id,zonepolygon
14752,"POLYGON ((35.47084665464319 33.78705012037809, 35.488699437846314 33.78705012037809, 35.50620889829554 33.78762079654861, 35.55324411558069 33.78762079654861, 35.55496072935022 33.83725506082362, 35.55927927134701 33.90954772389658, 35.534388371688806 33.917667847475755, 35.47465021250912 33.90612849303382, 35.45885736582943 33.901284347868355, 35.46915704844662 33.879339773378625, 35.47087366221615 33.84484403771517, 35.46775674985803 33.78590875662713, 35.47084665464319 33.78705012037809))"
14753,"POLYGON ((35.63407428229311 34.01386201293239, 35.65707690680483 34.018699752193896, 35.65742022955874 34.00432801399514, 35.65845019782046 33.99465062211282, 35.640254091863426 33.97813958584168, 35.62325961554507 33.971021770645464, 35.6154416106084 33.942713340591034, 35.58145265797168 33.88501790479427, 35.55604677418262 33.88216773553706, 35.559136678967775 33.90952542948392, 35.60050707081348 33.97563003795366, 35.63407428229311 34.01386201293239))"
