id,zonepolygon
30725,"POLYGON ((24.09877218051065 54.912254432633425, 23.877672326995025 54.94026870526364, 23.83510030551065 54.9134385290484, 23.817247522307525 54.88185070168887, 23.87202652847577 54.80961027987165, 24.0341511855479 54.832104551654865, 24.042429090255837 54.88010058459774, 24.09877218051065 54.912254432633425))"
30726,"POLYGON ((25.320019698714827 54.81760263221976, 25.01377580223045 54.639970209003934, 25.237622237777327 54.53253861554128, 25.517773604964827 54.699532067243936, 25.320019698714827 54.81760263221976))"
