id,zonepolygon
14757,"POLYGON ((21.43878233699195 41.96968774012563, 21.47517454890601 41.95283835042455, 21.517746570390386 41.96049771625439, 21.528046253007574 41.997760154823375, 21.525986316484136 42.0334707804622, 21.453888538163824 42.04061049933192, 21.41474974421851 42.04112044855752, 21.35981810359351 42.044180057967644, 21.32685911921851 42.01612812383583, 21.32136595515601 42.00184238401864, 21.34539854792945 41.998270447794475, 21.385910632890386 41.99163632000567, 21.43878233699195 41.96968774012563))"
