id,zonepolygon
111604,"POLYGON ((33.73380522686995 -13.91739164339044, 33.75869612652815 -13.83706591505234, 33.83439879376448 -13.916058663526057, 33.83439879376448 -13.957377462963962, 33.77294402081526 -14.008848991690366, 33.726595449037916 -13.95138003164743, 33.73380522686995 -13.91739164339044))"
