id,zonepolygon
14758,"POLYGON ((102.4923288098446 2.08466885199248, 102.4923288098446 2.195827808839982, 102.51704804812584 2.328933174685096, 102.28496186648522 2.4867221563657758, 102.13664643679772 2.473002107238138, 102.03776948367272 2.4359572680544455, 101.95674531375084 2.38244626105374, 102.16411225711022 2.195827808839982, 102.4923288098446 2.08466885199248))"
