id,zonepolygon
14762,"POLYGON ((101.61313306249212 3.155687145409287, 101.55545483983587 3.155001540878347, 101.55270825780462 3.0806107838030274, 101.61416303075384 3.0850675205677933, 101.61313306249212 3.155687145409287))"
14759,"POLYGON ((101.65414988994598 3.234440995327402, 101.67955577373505 3.233755443394223, 101.7617815732956 3.2347837711201994, 101.76366984844208 3.189193578110107, 101.76332652568817 3.149086247402099, 101.76418483257294 3.114462436875807, 101.7650431394577 3.0877224766937226, 101.76607310771942 3.038354632009135, 101.74375712871552 2.9951559144600104, 101.65380656719208 2.998584446689634, 101.61140620708466 3.0374975313262547, 101.61398112773895 3.139830489468738, 101.61398112773895 3.1634839294799955, 101.611573201827 3.233325945038284, 101.65414988994598 3.234440995327402))"
14760,"POLYGON ((101.52573544028598 3.027343685961823, 101.54496151450473 3.033514853675816, 101.55886608603794 3.0492854554132163, 101.5568061495145 3.0688269670799415, 101.55265044626799 3.080354981268712, 101.54761876687485 3.093658778850882, 101.517749687285 3.104971858017827, 101.49268712624985 3.104971858017827, 101.46762456521469 3.074465937896133, 101.47277440652329 3.048067810026609, 101.49388875588852 3.0286973428769013, 101.52573544028598 3.027343685961823))"
14761,"POLYGON ((101.46726334274172 3.074762746201142, 101.43001282394289 3.070991625989966, 101.41782486617922 3.03499390153442, 101.44237244308351 3.013051842262831, 101.48065293014406 3.0229943928655207, 101.49421417892336 3.0283084773944298, 101.47275650680422 3.048193207155512, 101.46726334274172 3.074762746201142))"
