id,zonepolygon
14766,"POLYGON ((103.11695984587004 5.3988206231415745, 103.07816437467864 5.356777801126103, 103.07713440641692 5.31199730585618, 103.10254029020598 5.2542222451418565, 103.12622956022551 5.237128002186705, 103.19455078825285 5.253538484418361, 103.16227844938567 5.3294313221408665, 103.11695984587004 5.3988206231415745))"
