id,zonepolygon
99395,"POLYGON ((110.26943673745421 1.5923789366656225, 110.2913530673149 1.6974808684186182, 110.29272635833053 1.807292751729627, 110.36207755461959 1.8175872815760727, 110.38954337493209 1.72699344171406, 110.42336066619185 1.6061091787559618, 110.38246234313277 1.6104848194533818, 110.33420403853683 1.6156326200081255, 110.30220528498916 1.6041613185305972, 110.26971300498275 1.592475458898552, 110.26943673745421 1.5923789366656225))"
14767,"POLYGON ((110.26942912691537 1.5923802124945874, 110.28196040743295 1.4461761736083691, 110.34187022798959 1.4578453990216158, 110.3865021859974 1.4612775126540136, 110.42426768892709 1.5244274547111991, 110.42323772066537 1.6061077734211204, 110.33423129671517 1.6156312146798613, 110.26942912691537 1.5923802124945874))"
