id,zonepolygon
14770,"POLYGON ((99.65904235839844 6.361193190396346, 99.66324806213379 6.37705916290143, 99.67646598815918 6.378850451552093, 99.68470573425293 6.375182568078038, 99.68247413635254 6.362387420441897, 99.65904235839844 6.361193190396346))"
14771,"POLYGON ((99.81153666973114 6.319734630751923, 99.81702983379364 6.341573299892973, 99.84689891338348 6.339184740454661, 99.87127482891083 6.3350900413976925, 99.86543834209442 6.313251098236298, 99.86234843730927 6.296188782911237, 99.81153666973114 6.319734630751923))"
14768,"POLYGON ((99.71424624323845 6.367932023573459, 99.7444586455822 6.35053029919447, 99.75338503718376 6.2693145000042785, 99.72780749201775 6.25591949864819, 99.72626253962517 6.2722152830303575, 99.72059771418571 6.294311893971991, 99.70274493098259 6.310777097323455, 99.71424624323845 6.367932023573459))"
14772,"POLYGON ((99.66144561767578 6.427362132525759, 99.66324806213379 6.422201988397591, 99.67065095901489 6.418768970968622, 99.67968463897705 6.424910004444782, 99.67919111251831 6.429494408203956, 99.67569351196289 6.431221544948352, 99.66927766799927 6.427340809723828, 99.66332602078796 6.430675852795147, 99.66144561767578 6.427362132525759))"
14769,"POLYGON ((99.79053497314453 6.428876049177739, 99.82079029083252 6.415527840109201, 99.81701374053955 6.43919614958974, 99.82739925384521 6.447255916837421, 99.82950210571289 6.4545053334927305, 99.82924461364746 6.457618286451964, 99.82937335968018 6.4599210064606085, 99.82757091522217 6.461029719764782, 99.82091903686523 6.454121543446611, 99.81808662414551 6.4526929890526, 99.81579065322876 6.453098101901948, 99.81529712677002 6.4547611933618745, 99.81398820877075 6.455891239571037, 99.80924606323242 6.451349717813238, 99.8059630393982 6.448322014025482, 99.79053497314453 6.428876049177739))"
