id,zonepolygon
14784,"POLYGON ((-102.32097839155398 21.9117945468192, -102.32269500532351 21.87229247825415, -102.29831908979617 21.787357899568317, -102.25969527998171 21.78432928243777, -102.24956725874148 21.856679774446107, -102.25312923231326 21.893956258139546, -102.26044629850588 21.91521860566519, -102.27308486738406 21.934566972235885, -102.3208925608655 21.92907325897435, -102.32097839155398 21.9117945468192))"
