id,zonepolygon
14787,"POLYGON ((-90.6203842163086 19.7880262834436, -90.49644470214844 19.79254892024401, -90.48717498779297 19.79610233046305, -90.4669189453125 19.85165442011808, -90.47481536865234 19.864570726333074, -90.49747467041016 19.88297464503447, -90.61592102050781 19.811284189548694, -90.6203842163086 19.7880262834436))"
14785,"POLYGON ((-90.69756982426162 19.586763158803482, -90.67396638493057 19.582558171258498, -90.67061898807998 19.56436224861092, -90.67842958073135 19.544708345300325, -90.70847032169814 19.54737753439993, -90.71871062742434 19.568474103219152, -90.69756982426162 19.586763158803482))"
14786,"POLYGON ((-90.43891026783514 19.686455627460617, -90.45770718861151 19.666654997738057, -90.45672013569403 19.645235236599362, -90.43273045826483 19.634766803819364, -90.40462090778875 19.6417593075893, -90.39981438923405 19.668554347897803, -90.4135472993903 19.687950677675932, -90.43891026783514 19.686455627460617))"
