id,zonepolygon
14787,"POLYGON ((-90.53936004638672 19.798525064679453, -90.49644470214844 19.79254892024401, -90.4885482788086 19.79626384722477, -90.4669189453125 19.85165442011808, -90.47481536865234 19.864570726333074, -90.48957824707031 19.876517373059805, -90.53189277648926 19.855125780744178, -90.5906867980957 19.814837181389315, -90.55395126342773 19.80789262329381, -90.53936004638672 19.798525064679453))"
