id,zonepolygon
14784,"POLYGON ((-102.36423705854617 21.965296005295187, -102.3937628153821 21.941732366404583, -102.3937628153821 21.922305349653342, -102.40062927046023 21.900327331845407, -102.38620971479617 21.860822086727385, -102.30312560835085 21.839153278076267, -102.21729491987429 21.83277947381924, -102.25162719526492 21.94427997512432, -102.30861877241335 21.965296005295187, -102.36423705854617 21.965296005295187))"
