id,zonepolygon
27358,"POLYGON ((-106.09402948538967 28.739415905466867, -106.16338068167873 28.7177394441746, -106.10519952057562 28.57105374654068, -105.99975604539486 28.638822966861294, -106.09402948538967 28.739415905466867))"
