id,zonepolygon
28453,"POLYGON ((-103.73969103922045 19.263996663438807, -103.74831702341234 19.244792638892207, -103.711243894769 19.223403027019074, -103.67639663524751 19.230656388830074, -103.63889792102466 19.276001679676572, -103.64912106959481 19.2905528497081, -103.72329737772142 19.278094388917214, -103.73969103922045 19.263996663438807))"
