id,zonepolygon
31156,"POLYGON ((116.21820569236431 39.99804942688087, 116.08980298240337 39.84006235054077, 116.23056531150493 39.64788222093988, 116.59448743064556 39.661627145367504, 116.77301526267681 39.89750647727732, 116.56702161033306 40.016983377191224, 116.34454846580181 40.05378435683524, 116.21820569236431 39.99804942688087))"
