id,zonepolygon
109331,"POLYGON((-28.827923255320798 38.5434189511991,-28.673943000193844 38.57375589154032,-28.633774237986813 38.549594764459265,-28.60939832245947 38.54127071791524,-28.540390448924313 38.56999802746746,-28.685615973826657 38.66951499743426,-28.843887763377438 38.61803019274776,-28.827923255320798 38.5434189511991))"
109330,"POLYGON((-28.76976818619312 38.554494752428454,-28.674496121984134 38.573420367762374,-28.633812375646244 38.54905775008042,-28.640249677281986 38.54247909883797,-28.649691053014408 38.540196569016125,-28.65389675674976 38.51971769459449,-28.759296842198978 38.51152451291135,-28.76976818619312 38.554494752428454))"
109329,"POLYGON((-28.653636079561124 38.519807226947535,-28.64951620651425 38.53995040404871,-28.640160661470304 38.542232941682514,-28.633465867769132 38.54908011995543,-28.620591264497648 38.544649667281874,-28.620591264497648 38.54216580925662,-28.62556944442929 38.53766779397905,-28.62651358200253 38.53511655582989,-28.6262560899371 38.53296807457948,-28.626942735444914 38.53189380989382,-28.626170259248624 38.529006644071366,-28.618617158662687 38.5258507721682,-28.620934587251554 38.52303051421869,-28.625097375642667 38.52279548773417,-28.653636079561124 38.519807226947535))"
