id,zonepolygon
27510,"POLYGON ((-86.92654738416586 20.558884252601555, -86.9124711512557 20.553700668314033, -86.91943822391289 20.50482053074964, -86.94439349658745 20.521021313127694, -86.93903241394845 20.538274877428183, -86.92654738416586 20.558884252601555))"
60602,"POLYGON ((-86.99249763048573 20.446336802277095, -86.98219794786854 20.442134625503268, -87.00911075470887 20.397838759053666, -87.02357322571717 20.40327900545617, -87.00668359475794 20.432988385657698, -86.99331302202626 20.446206114299834, -86.99249763048573 20.446336802277095))"
27512,"POLYGON ((-86.95849377321856 20.5057590396228, -86.9355555217232 20.487991334073445, -86.95318390928938 20.469577817640836, -86.97504927717878 20.47920675288677, -86.96724359398529 20.492604069800507, -86.95849377321856 20.5057590396228))"
27513,"POLYGON ((-86.97591394130188 20.479567248995476, -86.9529542321344 20.469556383746376, -86.98218024100913 20.442051032194687, -86.99299490775718 20.446615116038608, -86.98501232400463 20.463252895534808, -86.97591394130188 20.479567248995476))"
85890,"POLYGON ((-86.87279129736136 20.39156664916607, -86.86609650366019 20.38842899074366, -86.87184715978812 20.38400397930395, -86.87759781591605 20.387383090410626, -86.87313462011527 20.39084257981428, -86.87279129736136 20.39156664916607))"
27514,"POLYGON ((-87.02592374326103 20.40415297653378, -87.00910092831963 20.397837884003202, -86.99139930169206 20.334753858211066, -87.02210523049455 20.313344277237096, -87.02590276202427 20.359077178701686, -87.02592374326103 20.40415297653378))"
27511,"POLYGON ((-86.95119388356993 20.50005347394858, -86.95794062366774 20.50534254699448, -86.95679348710118 20.511734532733023, -86.94439180150816 20.52102513375617, -86.92233331456968 20.506685933645176, -86.93619497075865 20.48839572796147, -86.95119388356993 20.50005347394858))"
