id,zonepolygon
62317,"POLYGON ((-97.02394116357422 15.814823221264747, -97.0269452376709 15.834229009206307, -97.02613366935496 15.852213769208566, -97.03463090751417 15.878468207531744, -97.0447589287544 15.892337095832664, -97.0678473839546 15.903728681996938, -97.09874643180616 15.900591932778001, -97.11969483873062 15.881642728362959, -97.02746022180176 15.808299155140347, -97.02394116357422 15.814823221264747))"
95635,"POLYGON ((-96.10471806511231 15.77259242748083, -96.11068329796143 15.762102082977979, -96.10716423973389 15.754089407412767, -96.08772358879395 15.764456262598362, -96.07008538231202 15.769123239712952, -96.0965212343628 15.781347732759246, -96.10471806511231 15.77259242748083))"
62315,"POLYGON ((-95.20282487594977 16.161045407096353, -95.1686642619361 16.166321428191736, -95.1825688334693 16.229952325303337, -95.22016267502204 16.225831775238916, -95.23286561691657 16.209678387530968, -95.20282487594977 16.161045407096353))"
62316,"POLYGON ((-96.50335299579642 15.671379788609894, -96.50472628681204 15.656689985065027, -96.49554240314505 15.65683461556326, -96.47528636066458 15.666008112335087, -96.48648726551077 15.67803220723111, -96.49706589786551 15.677185172181916, -96.50335299579642 15.671379788609894))"
29634,"POLYGON ((-96.12758991253679 15.790990291900922, -96.15771648419206 15.785869553777594, -96.15016338360613 15.76728514344855, -96.1400353623659 15.75208596039608, -96.12412181628054 15.748895226547903, -96.1105525208742 15.762370314723551, -96.12758991253679 15.790990291900922))"
