id,zonepolygon
28455,"POLYGON ((-101.62067526119522 17.662014396630212, -101.61642664211563 17.676816849678506, -101.63213365810684 17.694071209534762, -101.64844148891738 17.69010530665364, -101.64899938839248 17.663731870774974, -101.62067526119522 17.662014396630212))"
28454,"POLYGON ((-101.62049646893031 17.661683783470128, -101.6163336805392 17.676281817876617, -101.60236991748141 17.682528427181587, -101.56048454150485 17.680770244376237, -101.46710075244235 17.644703260714067, -101.44607410561301 17.599859975900166, -101.56443462502219 17.610740787018866, -101.60036197031609 17.63392376610765, -101.62049646893031 17.661683783470128))"
