id,zonepolygon
14796,"POLYGON ((-106.41643968158247 23.26585618069308, -106.38968543847557 23.241731447323673, -106.4183757155136 23.183274381296414, -106.43828843524017 23.191006346668466, -106.47056077410735 23.26711864697652, -106.45678010516646 23.26877363955703, -106.41643968158247 23.26585618069308))"
27702,"POLYGON ((-106.46773852231846 23.26824777417514, -106.44094861867771 23.271596379762393, -106.44440756206079 23.302487760624487, -106.4805572689174 23.319675372330654, -106.49540597802384 23.305605396655547, -106.46773852231846 23.26824777417514))"
