id,zonepolygon
33127,"POLYGON ((-103.73969103922045 19.263996663438807, -103.75904585947191 19.231259339252407, -103.72034194774751 19.20865218644829, -103.69648101635103 19.24540525386373, -103.73591448892748 19.271126699166242, -103.73969103922045 19.263996663438807))"
