id,zonepolygon
33127,"POLYGON ((-103.73969103922045 19.263996663438807, -103.75904585947191 19.231259339252407, -103.72034194774751 19.20865218644829, -103.69648101635103 19.24540525386373, -103.73591448892748 19.271126699166242, -103.73969103922045 19.263996663438807))"
102804,"POLYGON ((-104.39985131797184 19.1251451297386, -104.39710473594059 19.110872095763632, -104.35281610068668 19.110872095763632, -104.35762261924137 19.090758002280193, -104.34903955039371 19.08621577185694, -104.34011315879215 19.10308628514389, -104.30921411094059 19.081673416833606, -104.3425164180695 19.048575357409806, -104.3318734126984 19.007355800845183, -104.31299066123356 19.001512831835058, -104.26114892539371 19.069019056754616, -104.2765984493195 19.108601272193674, -104.348009582132 19.145579372720416, -104.39985131797184 19.1251451297386))"
