id,zonepolygon
28905,"POLYGON ((-89.70380434922873 20.94809174783483, -89.66775546006858 20.89213123359831, -89.65086827211081 20.89361469719228, -89.5686860527677 20.948738607507703, -89.56078962942786 21.003155536452592, -89.56551031729407 21.021143223182236, -89.57490877768225 21.02919491445206, -89.62374643942542 21.049142006674337, -89.6501822914762 21.047459824938908, -89.66550306936927 21.007161890501482, -89.68492159776389 20.97870884978598, -89.70380434922873 20.94809174783483))"
81465,"POLYGON ((-89.76820838089856 20.36514629370252, -89.7737444603053 20.36353697045, -89.77473151322278 20.358226084681608, -89.77052580948742 20.35400138600658, -89.76438891526135 20.355168219097774, -89.76177107926281 20.358226084681608, -89.76207148667248 20.362893236451043, -89.76820838089856 20.36514629370252))"
81462,"POLYGON ((-89.24122571067477 21.348838753527772, -89.24225567893649 21.340484671155398, -89.2940544994321 21.335128214832913, -89.2940544994321 21.3445218708741, -89.24122571067477 21.348838753527772))"
81464,"POLYGON ((-88.21191051378683 20.712148703147122, -88.22873332872824 20.700587456862664, -88.22873332872824 20.689185920118344, -88.20627606442206 20.668950097574275, -88.17623532345526 20.675374460467403, -88.16936886837713 20.694967088118204, -88.18739331295721 20.71279096874973, -88.21191051378683 20.712148703147122))"
81461,"POLYGON ((-89.70365567578412 21.28487298175702, -89.69953580273724 21.26615742415191, -89.65807958020307 21.274075835192257, -89.64014096631146 21.278314809438307, -89.6447758234892 21.292390526854263, -89.70365567578412 21.28487298175702))"
81463,"POLYGON ((-88.59394002303318 20.712664912794345, -88.60604215010838 20.693154864699512, -88.59591412886815 20.674164280336722, -88.56381345137791 20.67043012272129, -88.55033803328709 20.687213034572153, -88.56432843550877 20.70808870717144, -88.59394002303318 20.712664912794345))"
