id,zonepolygon
60748,"POLYGON ((-96.13534976665375 15.730987042711755, -96.07119132701752 15.776090330408216, -96.1014466447055 15.796903851494081, -96.15925361339447 15.781872078441124, -96.13534976665375 15.730987042711755))"
27207,"POLYGON ((-96.74199231602495 17.074666334961474, -96.70852907635515 17.069969055106455, -96.70766211104015 17.105565462305975, -96.72635174345592 17.10751375772651, -96.72472096037487 17.08975275283128, -96.74782447362624 17.08861928979969, -96.74199231602495 17.074666334961474))"
60747,"POLYGON ((-96.56098747857989 15.660477977209672, -96.54870296129168 15.664858088591236, -96.54713118680895 15.668845561169327, -96.5509023726839 15.67252305755287, -96.55865932115496 15.67124213936167, -96.5652575553316 15.66721339268356, -96.56098747857989 15.660477977209672))"
60745,"POLYGON ((-97.11410398209497 15.876400547629768, -97.07324857438013 15.908553774237356, -97.0374571772854 15.880487057725295, -97.0744502040188 15.849485300174129, -97.11410398209497 15.876400547629768))"
27205,"POLYGON ((-96.72105572262713 16.996970799931372, -96.70933983365008 16.99770953307552, -96.70857869513803 17.070015450981654, -96.74196683295541 17.074651194031063, -96.72105572262713 16.996970799931372))"
62088,"POLYGON ((-96.7478170288317 17.08863496091348, -96.72472857363151 17.08978353665172, -96.72644518740104 17.108036736252355, -96.75674342043327 17.11049770493403, -96.7478170288317 17.08863496091348))"
83499,"POLYGON ((-96.71259614722135 17.008282574728685, -96.71286436812284 17.00814920009711, -96.71288582579496 17.007841412123334, -96.71257468954923 17.007666998713706, -96.71236011282804 17.007800373688625, -96.71239229933622 17.00810816172983, -96.71259614722135 17.008282574728685))"
