id,zonepolygon
88016,"POLYGON ((-98.19866916323653 19.07083722043652, -98.18794032717696 19.04885226995317, -98.20862552309981 19.022482713005722, -98.31848880434981 19.069214814490557, -98.41273090029708 19.1439101168336, -98.42393180514327 19.16405827744035, -98.40936204577437 19.17636082281354, -98.38208934451094 19.17423277110362, -98.19866916323653 19.07083722043652))"
