id,zonepolygon
88016,"POLYGON((-98.11558505679122 19.079922400201884,-98.13232204104415 19.01866892291468,-98.19283267642012 18.968594676032055,-98.27454349184981 18.996839377302734,-98.31848880434981 19.069214814490557,-98.41273090029708 19.1439101168336,-98.42393180514327 19.16405827744035,-98.40936204577437 19.17636082281354,-98.38208934451094 19.17423277110362,-98.14854404116622 19.1435046959959,-98.11558505679122 19.079922400201884))"
