id,zonepolygon
88015,"POLYGON ((-100.74985593874587 20.930499275348794, -100.76221555788649 20.91959615265552, -100.76298803408278 20.91302182772116, -100.75552076418532 20.90660757436378, -100.75500578005446 20.90163633933258, -100.74831098635329 20.89642438379549, -100.7376679809822 20.906447214514923, -100.73234647829665 20.918233206542507, -100.74985593874587 20.930499275348794))"
28270,"POLYGON ((-100.35489624546896 20.57976420358975, -100.35609787510764 20.612143144097452, -100.41875427769553 20.609170674502387, -100.4020172934426 20.5709250851772, -100.35489624546896 20.57976420358975))"
