id,zonepolygon
107652,"POLYGON ((-100.47930518195973 20.71336075701345, -100.48818865821706 20.659842877300488, -100.46128073737965 20.636109109576164, -100.41956702278004 20.642454540565268, -100.41476050422536 20.67586408675229, -100.43690482185231 20.7144044288868, -100.47930518195973 20.71336075701345))"
88015,"POLYGON ((-100.74985593874587 20.930499275348794, -100.76221555788649 20.91959615265552, -100.76298803408278 20.91302182772116, -100.75552076418532 20.90660757436378, -100.75500578005446 20.90163633933258, -100.74831098635329 20.89642438379549, -100.7376679809822 20.906447214514923, -100.73234647829665 20.918233206542507, -100.74985593874587 20.930499275348794))"
28270,"POLYGON ((-100.1537091116799 20.614151536665872, -100.16280716465842 20.647808253285874, -100.42012756871115 20.642105610374525, -100.46304291294943 20.635760164829872, -100.4684931616677 20.583098828896905, -100.41437691258322 20.53234839977115, -100.1537091116799 20.614151536665872))"
