id,zonepolygon
14838,"POLYGON ((-110.27526574923962 23.47959398484013, -110.2372427542445 23.49742378389193, -110.1883950598013 23.451680791802975, -110.2330270178091 23.410099144489003, -110.27526574923962 23.47959398484013))"
14834,"POLYGON ((-109.72702708210755 23.035578151514006, -109.69333853688052 23.01792346223646, -109.82390983581415 22.916812029895674, -109.84450920104855 22.933610425502234, -109.72713437046815 23.035617644870857, -109.72702708210755 23.035578151514006))"
14835,"POLYGON ((-109.88914025909781 22.922136844913943, -109.92643369324088 22.89886360017663, -109.91137040741324 22.877735375156387, -109.90632785446525 22.87067149023544, -109.85461450873606 22.894705417989456, -109.88914025909781 22.922136844913943))"
14839,"POLYGON ((-109.98276295388206 22.927046739192622, -109.92645802224143 22.898961244654974, -109.90901293480857 22.874369309130273, -109.93675770485862 22.860193316294573, -109.99932827675804 22.886329770016705, -109.98276295388206 22.927046739192622))"
14836,"POLYGON ((-109.82417640468347 22.916972875709003, -109.84456119319665 22.933573635532795, -109.88892794626427 22.922125758993364, -109.85423089044762 22.8943357549808, -109.82396182796228 22.91685429153668, -109.82417640468347 22.916972875709003))"
14841,"POLYGON ((-109.7058957985468 23.12775157487133, -109.70025243077947 23.148075177367954, -109.70147551809026 23.16776442750386, -109.7105950287409 23.169934408239477, -109.72417773519231 23.16957932288952, -109.74966944966985 23.128383034126184, -109.7214740685053 23.032791715131367, -109.71450032506658 23.029089084964795, -109.62701739583684 23.070750145444187, -109.63523568425848 23.08752939343165, -109.67963160787298 23.081449625471112, -109.70503749166204 23.12885662661674, -109.7058957985468 23.12775157487133))"
75706,"POLYGON ((-109.59953466265516 23.61674873445955, -109.60534969179945 23.6085893734055, -109.59011474459486 23.600134559935714, -109.58319365289455 23.6086869544821, -109.59953466265516 23.61674873445955))"
