id,zonepolygon
61918,"POLYGON ((-99.19273763895035 19.400413043155403, -99.1881000995636 19.393635262676593, -99.19159065932035 19.381775681625932, -99.19092580676079 19.375130915247148, -99.16534893214703 19.368682933414185, -99.15599372237921 19.36195665678256, -99.09670634195209 19.346264043014106, -99.0412699431181 19.447648526651676, -99.03010055422783 19.486065990950635, -99.11533445119858 19.522061368797022, -99.15702976752073 19.502883882612863, -99.19644698733464 19.48414927708546, -99.21565845608711 19.441389953709493, -99.21309560537338 19.436773959275456, -99.19711500406265 19.421703404849197, -99.19136434793472 19.406079951572732, -99.19273763895035 19.400413043155403))"
