id,zonepolygon
27041,"POLYGON ((-92.6608598480136 16.73005691012502, -92.66043069457122 16.74846828613892, -92.62833001708098 16.748714854990496, -92.62833001708098 16.730796687216667, -92.6608598480136 16.73005691012502))"
102802,"POLYGON ((-93.1197900107483 16.78604528210966, -93.19566433936158 16.777170344240293, -93.20390408545533 16.733775796419216, -93.10537045508424 16.68609615230516, -93.0315560629944 16.737721164068237, -93.06657498389283 16.774211939503548, -93.1197900107483 16.78604528210966))"
