id,zonepolygon
27041,"POLYGON ((-92.6608598480136 16.73005691012502, -92.66043069457122 16.74846828613892, -92.62833001708098 16.748714854990496, -92.62833001708098 16.730796687216667, -92.6608598480136 16.73005691012502))"
