id,zonepolygon
27101,"POLYGON ((-96.1429554071045 19.217828781624238, -96.08776627441407 19.1461670279298, -96.09737931152344 19.131409269713537, -96.10355912109375 19.126300507654648, -96.21016083618164 19.127597986001945, -96.2235718812561 19.167449931738105, -96.16870461364746 19.219530774233508, -96.1429554071045 19.217828781624238))"
88014,"POLYGON ((-96.10384079252343 19.12631225606529, -96.1191615704165 19.126393348754785, -96.11117931638817 19.09918451889643, -96.09701725278954 19.102104309689587, -96.10384079252343 19.12631225606529))"
