id,zonepolygon
14843,"POLYGON ((106.82326480899543 47.88460157993122, 106.85691043887823 47.8514362409286, 106.97295352969854 47.865257711316985, 107.02857181583136 47.88690394042332, 106.99904605899542 47.942129892277585, 106.91664859805792 47.96374399400301, 106.82875797305792 47.957306696325816, 106.77931949649543 47.92832893001948, 106.79236576114387 47.9057794362845, 106.82326480899543 47.88460157993122))"
