id,zonepolygon
32035,"POLYGON ((-5.599785565957613 33.94481866912119, -5.620384931191988 33.889547168359165, -5.620384931191988 33.82568395091721, -5.496960401162691 33.821833526077796, -5.4384238716216755 33.88441706751146, -5.47876429520566 33.93883740218529, -5.599785565957613 33.94481866912119))"
107604,"POLYGON ((-7.774704222423865 33.578299689437706, -7.651794676525427 33.47469375409989, -7.49867272828324 33.52336393343503, -7.460907225353552 33.57543931452613, -7.445114378673865 33.60861383478523, -7.510345701916052 33.66006627203429, -7.695053343517615 33.61261679331004, -7.774704222423865 33.578299689437706))"
14856,"POLYGON ((-5.2780714633263415 35.16819811078966, -5.280560553292162 35.166093176755865, -5.2719774844445055 35.162795337226946, -5.261849463204271 35.16258482104909, -5.25438219330681 35.16875940608875, -5.257214606026537 35.17303924105211, -5.26562601349724 35.17289892216627, -5.268801748970873 35.17444241659097, -5.268029272774584 35.178160714645294, -5.270346701363451 35.182650515741926, -5.27412325165642 35.18286096873191, -5.278586447457201 35.18580725337048, -5.28236299775017 35.18475502111842, -5.283650458077318 35.18124748188237, -5.28510957978142 35.17816072213866, -5.286482870797045 35.17528431778347, -5.282019674996263 35.17275861053209, -5.278414786080248 35.171285245067104, -5.276440680245287 35.16939087880971, -5.2780714633263415 35.16819811078966))"
14857,"POLYGON ((-4.970813943465146 34.0299757878812, -4.964634133894833 34.04164059217528, -4.940601541121396 34.03964915377392, -4.935108377058896 34.05358824059004, -4.937168313582333 34.068378234531956, -4.966007424910458 34.07577226353994, -5.012012673933896 34.07747848627475, -5.059047891219052 34.05927700524648, -5.0597345367268645 34.047045689269574, -5.065571023543271 34.04334750215979, -5.066944314558896 34.037088664266584, -5.079303933699521 34.02769954149155, -5.071407510359677 34.004649108125946, -5.070892526228825 33.994544785288625, -5.112091256697575 33.98999033138111, -5.105911447127262 33.95710562659752, -5.053383065779606 33.92406576603063, -4.982486917097965 33.90454913816154, -4.913479043562809 33.93588753402701, -4.963775888158011 33.990787368297575, -4.94008661813848 34.007865151377736, -4.970813943465146 34.0299757878812))"
