id,zonepolygon
32096,"POLYGON ((-9.660468300271596 30.436737789581287, -9.545798500466908 30.465890327207116, -9.47610398142394 30.371149738698108, -9.53000565378722 30.362559329053585, -9.611716469216908 30.36522539901144, -9.660468300271596 30.436737789581287))"
32097,"POLYGON ((-9.449166038419765 30.342470793580926, -9.451225974943203 30.316393373767653, -9.363678672697109 30.31402235495598, -9.363335349943203 30.34276708799208, -9.449166038419765 30.342470793580926))"
14855,"POLYGON ((-9.75300481811928 31.532083819902667, -9.740301876224748 31.51993887395084, -9.747168331302873 31.50910951837712, -9.748541622318498 31.486275955201638, -9.777895717777483 31.490081936252924, -9.776865749515764 31.51628044825572, -9.75300481811928 31.532083819902667))"
32099,"POLYGON ((-9.780659702034521 30.597084854441743, -9.732594516487646 30.533526969764413, -9.666504886360693 30.56043329602266, -9.690365817757177 30.593243002491242, -9.709076907845068 30.616587291261602, -9.780659702034521 30.597084854441743))"
32098,"POLYGON ((-9.699335113290667 30.516494107659856, -9.641141906503558 30.525958181958014, -9.637880340341448 30.48987145860882, -9.68302728248012 30.488244282683187, -9.699335113290667 30.516494107659856))"
