id,zonepolygon
14898,"POLYGON ((-5.933395441343578 35.789539461316814, -5.954681452085765 35.72573890744381, -5.88739019232014 35.71849194299368, -5.803619440367015 35.704832410598456, -5.749148190850519 35.73369080111689, -5.725458920830988 35.807509105465094, -5.739535153741144 35.822264542516834, -5.776270688409113 35.79609264109243, -5.902613461846613 35.813912745123005, -5.933395441343578 35.789539461316814))"
