id,zonepolygon
107603,"POLYGON ((-5.294047459208273 35.18228084742817, -5.266924961649679 35.18761217945389, -5.242549046122336 35.16895098731602, -5.247698887430929 35.15421544137112, -5.2780829511516325 35.15337332954524, -5.294047459208273 35.18228084742817))"
158968,"POLYGON ((-6.054220278261724 35.45194966153464, -6.0289860558496144 35.44313952765489, -6.013193209169927 35.47907322188733, -6.028814394472661 35.48089045302138, -6.041174013613286 35.46893791026188, -6.054220278261724 35.45194966153464))"
158969,"POLYGON ((-5.419311514645848 35.56755385873897, -5.407981863766942 35.58319140339224, -5.390472403317723 35.58654190863204, -5.376396170407567 35.58039920860248, -5.363693228513036 35.59408003282269, -5.338630667477879 35.60217574596251, -5.326271048337254 35.603013186789454, -5.316314688473973 35.585425089129146, -5.346527090817723 35.56978798058801, -5.356483450681004 35.55833744765138, -5.373306265622411 35.55945464484032, -5.384979239255223 35.56392327787129, -5.403518667966161 35.5630854281573, -5.407638541013036 35.56504039719679, -5.420341482907567 35.56196828157898, -5.419311514645848 35.56755385873897))"
158972,"POLYGON ((-5.266451066055833 35.60677047298754, -5.302242463150559 35.605584151602734, -5.312756722488938 35.64416546691556, -5.346616929092942 35.69276674657894, -5.32945079139763 35.69890081561085, -5.31571788124138 35.680706349056095, -5.317391579666673 35.67629652891885, -5.316662018814622 35.674187398361454, -5.313786690750657 35.67152040141203, -5.309881394424973 35.67038733652042, -5.294861023941575 35.67192132821343, -5.289839928665696 35.673838776372484, -5.285162156143723 35.67722034541019, -5.2804414682775125 35.674884637771, -5.283445542374192 35.66606411041594, -5.280698960342942 35.65692878210304, -5.265678589859544 35.60963152866614, -5.266451066055833 35.60677047298754))"
14898,"POLYGON((-5.933395441343578 35.789539461316814,-5.954681452085765 35.72573890744381,-5.946785028745913 35.71180185228636,-5.9002647955916165 35.698838203395155,-5.803619440367015 35.704832410598456,-5.749148190850519 35.73369080111689,-5.725458920830988 35.807509105465094,-5.739535153741144 35.822264542516834,-5.776270688409113 35.79609264109243,-5.902613461846613 35.813912745123005,-5.933395441343578 35.789539461316814))"
