id,zonepolygon
14899,"POLYGON ((32.544452879714754 -25.920911794508548, 32.53724310188272 -25.948699068968505, 32.547199461746004 -25.965985620025222, 32.59183141975382 -25.98573856864845, 32.61380407600382 -25.954873128657972, 32.64298651008585 -25.925234689836536, 32.65019628791788 -25.912883139762215, 32.58908483772257 -25.893735680419237, 32.559356689453125 -25.899997297677864, 32.544452879714754 -25.920911794508548))"
