id,zonepolygon
14901,"POLYGON ((96.19676394083149 16.760706316829843, 96.23315615274555 16.791605134779587, 96.29152102090961 16.826442451125498, 96.26397403800388 16.910603190337646, 96.21522220694919 16.975630479960483, 96.14432605826754 16.95937576597386, 96.10274108970064 16.925917826597235, 96.122975674509 16.89834647892336, 96.1323955925693 16.91117802490941, 96.14398273551363 16.926040995567284, 96.14243778312105 16.911752857727734, 96.14707264029879 16.90620975391825, 96.1451843651523 16.902965936084595, 96.12990650260348 16.89270032207169, 96.12389835441012 16.896067505043536, 96.10432895743746 16.928175911578446, 96.0572937401523 16.911588619958565, 96.06072696769138 16.845553455262962, 96.12446682126188 16.772633824043034, 96.19676394083149 16.760706316829843))"
99200,"POLYGON ((96.05953506058567 16.875372441382623, 96.08537009781712 16.879314865155926, 96.09506896561497 16.85574123169715, 96.08931830948704 16.854180504115497, 96.06159499710911 16.86436607286425, 96.05927756852024 16.874633227763088, 96.06305411881321 16.875372441382623, 96.05953506058567 16.875372441382623))"
99198,"POLYGON ((96.44450544852472 17.348795008049866, 96.50973677176691 17.350105819526068, 96.51179670829035 17.314382857948548, 96.47883772391535 17.314055092188486, 96.46922468680597 17.269801352772316, 96.44381880301691 17.317660483399187, 96.44450544852472 17.348795008049866))"
99197,"POLYGON ((96.22376956081986 16.77074512568508, 96.24917544460892 16.792439419901612, 96.29380740261674 16.74181554940417, 96.26771487331986 16.718142627066594, 96.22376956081986 16.77074512568508))"
