id,zonepolygon
14900,"POLYGON ((96.06601590255013 21.826186150994797, 96.14429349044076 21.83957142890782, 96.17450589278451 21.959982466618705, 96.13674038985482 22.034471571651483, 96.06189602950326 22.037017515788417, 96.01383084395638 21.977175731542964, 95.9870516691517 21.866338224786034, 96.06601590255013 21.826186150994797))"
