id,zonepolygon
30995,"POLYGON ((7.07180239035456 8.97127532249311, 7.050859702366279 8.957371022957297, 7.0544645912822945 8.932104532584267, 7.089998496311591 8.926847525748544, 7.110597861545966 8.942279169130188, 7.115576041477607 8.962797154393506, 7.07180239035456 8.97127532249311))"
30996,"POLYGON ((7.318032099493483 9.196475052154208, 7.389443232305983 9.189018959849099, 7.425835444220046 9.142923273233766, 7.537758661993483 9.106991611892058, 7.554238154180983 9.023589142590161, 7.493813349493483 8.901502036576076, 7.256234003790358 8.926601065196689, 7.241127802618483 9.125974827363288, 7.318032099493483 9.196475052154208))"
