id,zonepolygon
14921,"POLYGON ((4.054168572951458 6.558431113110082, 4.015716424513958 6.641135154290747, 3.931087365676067 6.643010755519735, 3.9128912597190357 6.608396237774658, 3.9425886779319264 6.57855419117858, 4.054168572951458 6.558431113110082))"
14925,"POLYGON ((3.3764090093761023 6.45841285071722, 3.3879103216319617 6.466088531266592, 3.445931867042118 6.471120303061157, 3.4620680364757117 6.466600239161028, 3.466531232276493 6.452272222460776, 3.452981642789248 6.449328140147651, 3.4502666679662486 6.438298464413953, 3.45198328173578 6.409043368849298, 3.404389800258669 6.390508369320585, 3.401455906265638 6.404889365045227, 3.40265753590431 6.438494474165061, 3.3764090093761023 6.45841285071722))"
14924,"POLYGON ((3.4523175084128743 6.409209014037872, 3.450573629883933 6.438076444409499, 3.453363127259421 6.449036014954635, 3.466795630006003 6.452021070947191, 3.4663664765636204 6.463319909253562, 3.4845625825206517 6.4718483532364575, 3.554686255006003 6.471976278800445, 3.555758942105509 6.406288780872165, 3.4523175084128743 6.409209014037872))"
14923,"POLYGON ((3.4695669911154825 6.609701237316919, 3.4463927052268106 6.664605747152633, 3.5615774891623575 6.665117251028405, 3.5825770292258063 6.527405307193881, 3.4648173246359626 6.520071663778546, 3.4695669911154825 6.609701237316919))"
14922,"POLYGON ((3.4110254400412776 6.546225350131384, 3.339957629982684 6.561914983923977, 3.322162628173828 6.4925417457847825, 3.3878511541526057 6.467769808823414, 3.4110254400412776 6.546225350131384))"
14919,"POLYGON ((3.2679547579856116 6.47762360204845, 3.2720746310324866 6.440609536087514, 3.3311261447043616 6.439074332087461, 3.3223714144797523 6.491780338921173, 3.2679547579856116 6.47762360204845))"
14920,"POLYGON ((3.3143761414084683 6.605545091678435, 3.3601265753368015 6.651344066398331, 3.384159168110239 6.592686515824083, 3.3673363531688327 6.557386326778808, 3.309829791889536 6.571540809864086, 3.3143761414084683 6.605545091678435))"
14927,"POLYGON ((3.554921283569894 6.472122773554242, 3.5827681552627633 6.516674160439817, 3.6298033725479195 6.520767397743178, 3.663449002430732 6.407167730231071, 3.5559889804580758 6.406144194158987, 3.554921283569894 6.472122773554242))"
14926,"POLYGON ((2.850439537899483 6.4413154029837365, 2.8552460564541704 6.381268501989158, 3.0406403435635454 6.381609697507485, 3.0354905022549517 6.469289378098506, 2.8686982461958266 6.46612791529777, 2.850439537899483 6.4413154029837365))"
