id,zonepolygon
27318,"POLYGON ((14.599131542726628 67.24489377038807, 14.666937786623112 67.24555773565812, 14.669341045900456 67.22323845314861, 14.622477489992253 67.22436820021387, 14.599131542726628 67.24489377038807))"
27321,"POLYGON ((14.409164829569905 67.3071734747119, 14.49070398362264 67.27834812908527, 14.433197422343342 67.26349121056806, 14.354404850321858 67.25977554381495, 14.331058903056233 67.2742368666948, 14.382900638896077 67.2878941499468, 14.392599506693928 67.2979995099599, 14.409164829569905 67.3071734747119))"
