id,zonepolygon
27484,"POLYGON ((10.326610023783788 63.45049329229462, 10.639720375346288 63.47012883178295, 10.518870765971288 63.396426048270996, 10.315623695658788 63.33270497488798, 10.326610023783788 63.45049329229462))"
