id,zonepolygon
27783,"POLYGON ((18.98551783963061 69.67389479824912, 18.97006831570483 69.65146252362146, 18.917196611603266 69.62243248918799, 18.90312037869311 69.62303021438663, 18.89110408230639 69.65301445424184, 18.9053519765935 69.66816966140095, 18.913763384064204 69.67532584120863, 18.92835460110522 69.6908226230539, 18.98551783963061 69.67389479824912))"
