id,zonepolygon
27609,"POLYGON ((5.2977702729370435 59.43561959209875, 5.293135415759309 59.43103651072934, 5.345778236278704 59.41718164750566, 5.346579320958256 59.38444303180861, 5.296711690953373 59.3740818394407, 5.274774797926796 59.38417347684501, 5.2579019155203355 59.38748812477673, 5.247148045728238 59.396792904285746, 5.226781138826766 59.40609512971343, 5.242180595287493 59.42285817009832, 5.253753433990198 59.42323657098877, 5.236708890206785 59.4291012456131, 5.260863076892122 59.44439118801228, 5.281977426257356 59.44714002608249, 5.2977702729370435 59.43561959209875))"
