id,zonepolygon
27779,"POLYGON ((7.806662022877897 63.10603086655797, 7.7680239075121404 63.10991307976695, 7.740200458894431 63.11488155586682, 7.735737263093649 63.11829689031624, 7.731188236604392 63.12136258714155, 7.729557453523337 63.12093573735577, 7.738912998567282 63.11402765950708, 7.732304035554587 63.108049682157365, 7.715137897859274 63.10603086655797, 7.704494892488181 63.11488155586682, 7.7268967021805635 63.12497115731867, 7.748783527742087 63.121090956185576, 7.754276691804587 63.11627878667909, 7.800539432893454 63.10999071874074, 7.797993123341764 63.10735087724481, 7.806662022877897 63.10603086655797))"
