id,zonepolygon
27779,"POLYGON ((7.806662022877897 63.10603086655797, 7.767508923381281 63.100594896634696, 7.740200458894431 63.11488155586682, 7.735737263093649 63.11829689031624, 7.749727665315329 63.101643341397384, 7.708786426912009 63.100128909045424, 7.706125675569235 63.1041672199779, 7.7043232311112275 63.10610851590525, 7.715137897859274 63.10603086655797, 7.671192585359274 63.116511651947185, 7.6925644267899385 63.13707405290165, 7.848347126374899 63.13971119379264, 7.896412311921774 63.11162108926742, 7.836931644807517 63.10719558498204, 7.813099324513639 63.10486610145079, 7.806662022877897 63.10603086655797))"
