id,zonepolygon
27609,"POLYGON ((5.247988473620637 59.43125476677452, 5.274252664294465 59.433480898036926, 5.3132770138293495 59.400000731312666, 5.280575521519779 59.39785978634251, 5.277521379958046 59.40305170819293, 5.273866423576976 59.40715079828451, 5.263123283275775 59.41491077197889, 5.253753433990198 59.42323657098877, 5.24816013499759 59.43112381331643, 5.247988473620637 59.43125476677452))"
