id,zonepolygon
270923,"POLYGON((53.966721259 17.007447944,53.987778381 16.960165612,54.022110656 16.985997259,53.990524963 17.019704393,53.982742994 17.017515796,53.976792052 17.015764912,53.970383375 17.012700801,53.966721259 17.007447944))"
270922,"POLYGON((53.99232741794043 17.017974038015467,54.02377005279492 16.985798886110754,54.101489741030754 16.998918591614423,54.148482042791976 17.007933582731297,54.142159196433575 17.031843763077184,54.144648286399395 17.033156819176227,54.140921802347414 17.03664458156386,54.13487788970654 17.043168574071142,54.11887761720237 17.05912882804336,54.02974959811621 17.040296404460637,53.99232741794043 17.017974038015467))"
270929,"POLYGON((53.739128625 16.894473146,53.75815269373435 16.866045516418044,53.838591220890585 16.883928414733955,53.82701925 16.910678714,53.739128625 16.894473146))"
270927,"POLYGON((54.185134755367166 17.190388914365396,54.187652427 17.124998867,54.183074818 17.109249332,54.193145591 17.092623391,54.304839898906266 17.10093656713117,54.286529379937484 17.19126352761595,54.185134755367166 17.190388914365396))"
270925,"POLYGON((54.34716353523631 17.058275753000018,54.35809263569143 17.025669826020973,54.42109236187695 17.034533072842088,54.42006239341212 17.0593971611646,54.40255293275978 17.078022543523115,54.34716353523631 17.058275753000018))"
270928,"POLYGON((53.9895370661094 17.121626452376077,54.00384220910548 17.102704645646924,54.01528627265237 17.074372995102387,54.13041385000388 17.089031606341596,54.09940034812502 17.144920625357457,53.9895370661094 17.121626452376077))"
270930,"POLYGON((54.682557324 17.011459359,54.67408871 16.969213193,54.72856257311719 16.95607773110774,54.729706996 17.014523481,54.682557324 17.011459359))"
270926,"POLYGON((54.283163340828125 17.045736679340962,54.28798416464455 17.029652180904883,54.29223278344532 17.026109576328587,54.35879805978601 17.02561716247264,54.345361979992205 17.057197408587214,54.283163340828125 17.045736679340962))"
