id,zonepolygon
86419,"POLYGON ((56.662176074182376 24.371227315341887, 56.73770708004175 24.39999516567399, 56.79469865719019 24.325560555273338, 56.713674487268314 24.28112914954901, 56.662176074182376 24.371227315341887))"
86415,"POLYGON ((58.63030866802894 23.63019171099184, 58.69210676373206 23.62704631617789, 58.673567335021126 23.479127685358364, 58.62172559918128 23.47031026235637, 58.63219694317542 23.550904746587477, 58.61520246685706 23.631449847765005, 58.63030866802894 23.63019171099184))"
86418,"POLYGON ((58.50568641200962 23.642108695663282, 58.50431312099399 23.474369268119286, 58.614863047751804 23.47468417654296, 58.61966956630649 23.56943741329626, 58.59975684657993 23.627011485585953, 58.50568641200962 23.642108695663282))"
86416,"POLYGON ((58.49696667585837 23.64247792187869, 58.50383313093649 23.64247792187869, 58.501773194413055 23.474424057663537, 58.15982373152243 23.47568368632512, 58.15364392195212 23.72170946383613, 58.282046631913055 23.629897069847864, 58.49696667585837 23.64247792187869))"
32919,"POLYGON ((57.62143374833983 19.715770821289826, 57.76082278642577 19.70284244303157, 57.74708987626952 19.462832194923347, 57.553455843066395 19.490668395104638, 57.62143374833983 19.715770821289826))"
86412,"POLYGON ((58.0217770837149 23.739493114230097, 58.14743321164459 23.745149898364236, 58.15189640744537 23.463112948136168, 58.01937382443756 23.469411511071083, 58.0217770837149 23.739493114230097))"
107279,"POLYGON ((57.56336475393678 23.80866287259563, 57.56396556875612 23.797511647866116, 57.587998161529555 23.796569246979363, 57.58808399221803 23.808976977737423, 57.56559635183717 23.809683711528415, 57.56336475393678 23.80866287259563))"
