id,zonepolygon
85910,"POLYGON ((72.78530226027618 33.67779786144996, 72.82238111769806 33.486736934231274, 73.04897413527618 33.632073300986676, 73.21926222121368 33.75889909325085, 73.11695204054962 33.78686694383834, 72.78530226027618 33.67779786144996))"
85911,"POLYGON ((73.22818861281525 33.755759274859905, 73.03043470656525 33.61806529584103, 72.8244410542215 33.48587792247015, 73.07438001906525 33.438905652448426, 73.22372541701446 33.484446217268754, 73.22235212599884 33.75747191732941, 73.22818861281525 33.755759274859905))"
