id,zonepolygon
85910,"POLYGON((72.78530226027618 33.67779786144996,72.82238111769806 33.486736934231274,73.04897413527618 33.632073300986676,73.21926222121368 33.75889909325085,73.11695204054962 33.78686694383834,72.78530226027618 33.67779786144996))"
85911,"POLYGON((73.22818861281525 33.755759274859905,73.03043470656525 33.61806529584103,72.8244410542215 33.48587792247015,73.07438001906525 33.438905652448426,73.22372541701446 33.484446217268754,73.22235212599884 33.75747191732941,73.22818861281525 33.755759274859905))"
262651,"POLYGON((72.9907182 33.6146872,73.074489 33.5653533,73.1095079 33.5806569,73.1476167 33.5858052,73.1186059 33.6229783,73.0696824 33.6899921,72.9510644 33.6326978,72.9907182 33.6146872))"
262648,"POLYGON((72.9334628 33.7072968,72.9494347 33.6824506,72.9660399 33.6640235,72.9761179 33.6491668,72.9816455 33.650129,73.00383 33.661662,73.0745204 33.6928118,73.1459577 33.7316375,73.1229606 33.7584668,73.103388 33.7841541,72.9334628 33.7072968))"
262649,"POLYGON((72.8180674 33.6657646,72.7510868 33.5965363,72.8012518 33.5384552,72.8641754 33.5339609,72.8920827 33.56766,72.8891519 33.6017807,72.9759462 33.6491668,72.9332911 33.7072968,72.838654 33.6752829,72.8239794 33.6693429,72.8180674 33.6657646))"
262650,"POLYGON((72.8113581 33.6644096,72.8965021 33.6964073,72.9212191 33.7041212,72.9445674 33.7129729,72.8683497 33.7680732,72.9716898 33.787193,72.9565836 33.832835,72.9112766 33.8341341,72.8666331 33.8148664,72.7450967 33.7986059,72.721214 33.7987362,72.6822687 33.7623649,72.7574564 33.6784101,72.8113581 33.6644096))"
262652,"POLYGON((73.1851352 33.6921295,73.1592922 33.6569077,73.1499446 33.6142532,73.214146 33.5855141,73.2728542 33.6795597,73.2361187 33.7189768,73.1851352 33.6921295))"
