id,zonepolygon
85910,"POLYGON ((72.78530226027618 33.67779786144996, 72.82238111769806 33.486736934231274, 73.04897413527618 33.632073300986676, 73.21926222121368 33.75889909325085, 72.78530226027618 33.67779786144996))"
85911,"POLYGON ((73.22818861281525 33.755759274859905, 73.03798780715118 33.61692168467033, 72.83130750929962 33.48702326959167, 73.07438001906525 33.438905652448426, 73.22818861281525 33.755759274859905))"
