id,zonepolygon
262651,"POLYGON((72.9907182 33.6146872,73.074489 33.5653533,73.1095079 33.5806569,73.1476167 33.5858052,73.1186059 33.6229783,73.0696824 33.6899921,72.9510644 33.6326978,72.9907182 33.6146872))"
262648,"POLYGON((72.9334628 33.7072968,72.9494347 33.6824506,72.9660399 33.6640235,72.9761179 33.6491668,72.9816455 33.650129,73.00383 33.661662,73.0745204 33.6928118,73.1459577 33.7316375,73.1229606 33.7584668,73.103388 33.7841541,72.9334628 33.7072968))"
262649,"POLYGON((72.8180674 33.6657646,72.7510868 33.5965363,72.8012518 33.5384552,72.8641754 33.5339609,72.8920827 33.56766,72.8891519 33.6017807,72.9759462 33.6491668,72.9332911 33.7072968,72.838654 33.6752829,72.8239794 33.6693429,72.8180674 33.6657646))"
262650,"POLYGON((72.8113581 33.6644096,72.8965021 33.6964073,72.9212191 33.7041212,72.9445674 33.7129729,72.8683497 33.7680732,72.9716898 33.787193,72.9565836 33.832835,72.9112766 33.8341341,72.8666331 33.8148664,72.7450967 33.7986059,72.721214 33.7987362,72.6822687 33.7623649,72.7574564 33.6784101,72.8113581 33.6644096))"
262652,"POLYGON((73.1851352 33.6921295,73.1592922 33.6569077,73.1499446 33.6142532,73.214146 33.5855141,73.2728542 33.6795597,73.2361187 33.7189768,73.1851352 33.6921295))"
262898,"POLYGON((73.032460322 33.532776897,73.0592013483203 33.47113008512393,73.08506499952342 33.46371552566125,73.175702217 33.498905212,73.255620123 33.552807423,73.191342471 33.591583497,73.110089413 33.580302094,73.074994195 33.565204949,73.032460322 33.532776897))"
