id,zonepolygon
262646,"POLYGON((74.3531496 31.4694688,74.382679 31.4592214,74.3933212 31.4535095,74.404648 31.4425249,74.4417269 31.420847,74.5021517 31.4753251,74.457863 31.5490836,74.4314272 31.5958842,74.4108278 31.5841863,74.4060213 31.5759968,74.3888552 31.5508391,74.3775168 31.5010808,74.3531496 31.4694688))"
262647,"POLYGON((74.2443415 31.5105952,74.2615077 31.5006429,74.3531496 31.4694688,74.3775168 31.5010808,74.3806231 31.5198853,74.3837306 31.5398603,74.3888552 31.5508391,74.3919703 31.5615107,74.4108278 31.5841863,74.4314272 31.5958842,74.4153163 31.6147374,74.3617579 31.6205846,74.2924067 31.605381,74.2443415 31.5105952))"
262645,"POLYGON((74.1455514 31.3926797,74.1524179 31.3627822,74.2080362 31.3586779,74.2547281 31.3440181,74.3288858 31.3762666,74.3803842 31.4002991,74.3893106 31.4547892,74.322706 31.4782161,74.2499216 31.5051497,74.1455514 31.3926797))"
