id,zonepolygon
14936,"POLYGON((74.29351597675782 31.609882747694932,74.40131932148438 31.61923863598894,74.47341709980469 31.609882747694932,74.51392918476563 31.592922803541462,74.49813633808594 31.546120743388247,74.46037083515625 31.478216052060176,74.41642552265625 31.43194238562508,74.39445286640625 31.39267972110919,74.3587473 31.367472640402582,74.31823521503907 31.353987007173625,74.27772313007813 31.350468697767187,74.21798497089844 31.341085895880042,74.1664865578125 31.339912979840264,74.14245396503907 31.382714939527787,74.13970738300782 31.43194238562508,74.15962010273438 31.474702398688553,74.29351597675782 31.609882747694932))"
100747,"POLYGON((72.80729072045865 33.505261207605045,72.80523078393522 33.55334197020038,72.98566598089742 33.71219624354542,73.21843880804586 33.667061451219034,73.29259652288961 33.542961716393,73.10857552679586 33.43358339848971,72.93897408636617 33.43530245011526,72.85177010687399 33.46337547221987,72.80729072045865 33.505261207605045))"
262646,"POLYGON((74.3531496 31.4694688,74.382679 31.4592214,74.3933212 31.4535095,74.404648 31.4425249,74.4417269 31.420847,74.5021517 31.4753251,74.457863 31.5490836,74.4314272 31.5958842,74.4108278 31.5841863,74.4060213 31.5759968,74.3888552 31.5508391,74.3775168 31.5010808,74.3531496 31.4694688))"
262647,"POLYGON((74.2443415 31.5105952,74.2615077 31.5006429,74.3531496 31.4694688,74.3775168 31.5010808,74.3806231 31.5198853,74.3837306 31.5398603,74.3888552 31.5508391,74.3919703 31.5615107,74.4108278 31.5841863,74.4314272 31.5958842,74.4153163 31.6147374,74.3617579 31.6205846,74.2924067 31.605381,74.2443415 31.5105952))"
262645,"POLYGON((74.1455514 31.3926797,74.1524179 31.3627822,74.2080362 31.3586779,74.2547281 31.3440181,74.3288858 31.3762666,74.3803842 31.4002991,74.3893106 31.4547892,74.322706 31.4782161,74.2499216 31.5051497,74.1455514 31.3926797))"
