id,zonepolygon
14935,"POLYGON ((66.9104991929687 24.97158130891722, 66.9709239976562 25.01701220408585, 67.00044975449214 25.044387093901744, 67.01555595566401 25.066158211573008, 67.07392082382808 25.0767313587772, 67.13091240097651 25.062426294646325, 67.16455803085933 25.03194471930185, 67.19683036972651 24.997721683749607, 67.23940239121089 24.991498289084067, 67.28540764023433 24.99025357233624, 67.31218681503901 24.96597907713067, 67.31218681503901 24.953528760094663, 67.29914055039058 24.937964093349677, 67.27991447617183 24.920529332215178, 67.25588188339839 24.8881439504914, 67.23596916367183 24.87381693700579, 67.2181163804687 24.863849339151383, 67.22154960800776 24.84702719555931, 67.22223625351558 24.820854870545244, 67.21605644394526 24.806520062968126, 67.1796642320312 24.798417047041205, 67.17691764999995 24.78781999650601, 67.13777885605464 24.778468906065385, 67.12541923691401 24.77223445434556, 67.0807872789062 24.80340358105236, 67.08284721542964 24.793430312507216, 67.09452018906245 24.780339180523377, 67.10962639023433 24.766623180118597, 67.1027599351562 24.756646955478477, 67.08284721542964 24.744175548166318, 67.07323417832026 24.74604633904143, 67.02448234726558 24.796547045088122, 66.99770317246089 24.802156966350207, 66.98534355332026 24.81025973784695, 66.98809013535151 24.78906675532195, 66.93933830429683 24.858242212177224, 66.91805229355464 24.909319969579887, 66.9104991929687 24.97158130891722))"
