id,zonepolygon
14936,"POLYGON ((74.29351597675782 31.609882747694932, 74.40131932148438 31.61923863598894, 74.47341709980469 31.609882747694932, 74.51392918476563 31.592922803541462, 74.49813633808594 31.546120743388247, 74.46037083515625 31.478216052060176, 74.41642552265625 31.43194238562508, 74.39445286640625 31.39267972110919, 74.3587473 31.367472640402582, 74.31823521503907 31.353987007173625, 74.27772313007813 31.350468697767187, 74.21798497089844 31.341085895880042, 74.1664865578125 31.339912979840264, 74.14245396503907 31.382714939527787, 74.13970738300782 31.43194238562508, 74.15962010273438 31.474702398688553, 74.29351597675782 31.609882747694932))"
100747,"POLYGON ((72.80729072045865 33.505261207605045, 72.80523078393522 33.55334197020038, 72.98566598089742 33.71219624354542, 73.21843880804586 33.667061451219034, 73.29259652288961 33.542961716393, 73.10857552679586 33.43358339848971, 72.93897408636617 33.43530245011526, 72.85177010687399 33.46337547221987, 72.80729072045865 33.505261207605045))"
