id,zonepolygon
262654,"POLYGON((66.9587278 24.804417,67.1750212 25.0304676,67.1251005 25.1106819,66.957559 25.0845656,66.8799681 25.0130282,66.9587278 24.804417))"
262655,"POLYGON((67.0406518 24.8588401,67.0161042 24.8577498,67.0134435 24.840148,67.0367036 24.8351629,67.0468316 24.8452107,67.0406518 24.8588401))"
262653,"POLYGON((66.9587278 24.804417,66.9910002 24.7788591,66.9923735 24.8150126,67.061038 24.7751185,67.0788908 24.7414478,67.1200895 24.7638959,67.0898771 24.8175056,67.1297026 24.7713777,67.1832609 24.80878,67.2670317 24.8150126,67.3549223 24.7950672,67.3988676 24.8760757,67.3288298 24.9420895,67.3974943 25.0142905,67.3508024 25.0653035,67.1750212 25.0304676,67.09365366826172 24.944657645202128,67.01408593568043 24.862005168829334,67.01622901852876 24.85805776098288,67.04094288808291 24.859040980942197,67.04694029882202 24.845119512305267,67.03683371801758 24.835110678854168,67.01331609213867 24.84001787011615,67.01597683486325 24.857775528190707,67.0138310590332 24.861747296325557,66.9587278 24.804417))"
