id,zonepolygon
14946,"POLYGON ((-79.88692146858318 8.625249623641626, -79.89996773323162 8.613369040172314, -79.89550453743084 8.591643579980554, -79.88142830452068 8.583496211344368, -79.85911232551678 8.617442425139908, -79.87421852668865 8.627625695511213, -79.88692146858318 8.625249623641626))"
75716,"POLYGON ((-79.90956930144812 9.365674755422164, -79.90390447600866 9.349118140413388, -79.89939836486364 9.340521940048003, -79.89141611083532 9.342342827791214, -79.88793996795202 9.355469876203847, -79.89291814788366 9.365674755422228, -79.89922670348669 9.36851174329234, -79.90956930144812 9.365674755422164))"
14940,"POLYGON ((-79.71748044984412 9.11932722262191, -79.69284704225136 9.130005036530985, -79.62426832215858 9.03974204940948, -79.63439634339882 9.031689318929342, -79.71748044984412 9.11932722262191))"
26864,"POLYGON ((-79.39164546006859 9.04418107486918, -79.51053169244469 8.97060937538487, -79.51761808866203 8.90702348315683, -79.52195790284813 8.900414662694944, -79.54584029191673 8.926891622920325, -79.56749108308495 8.9475164583068, -79.58416369432152 8.973905215830975, -79.5917597102517 9.003640607803673, -79.51215174668968 9.060497696194544, -79.3879547404641 9.111307564153503, -79.3584718989724 9.12245171625504, -79.32990100854576 9.110873231793008, -79.33961060517967 9.09361603857105, -79.3509617137307 9.072575756868506, -79.39164546006859 9.04418107486918))"
27739,"POLYGON ((-79.66807970520597 8.98608428748315, -79.58525309082609 8.974215281132514, -79.55134996887784 8.92164787803585, -79.5767558526669 8.880775727548174, -79.68301424500089 8.967941506593702, -79.66807970520597 8.98608428748315))"
14943,"POLYGON ((-80.1804282485952 8.389544261213489, -80.18171570892234 8.324899475696098, -80.04275582427879 8.408394314640708, -80.0604798614492 8.434714927168951, -80.1804282485952 8.389544261213489))"
14944,"POLYGON ((-80.24175403570462 7.423452739467839, -80.21428821539212 7.409834722895121, -80.11541126226712 7.423452739467839, -79.99593494390774 7.4602192756289245, -80.02889392828274 7.581390717916621, -80.05635974859524 7.648088564717195, -80.21978137945462 7.522851436626768, -80.24175403570462 7.423452739467839))"
