id,zonepolygon
14944,"POLYGON ((-80.24175403570462 7.423452739467839, -80.21428821539212 7.409834722895121, -80.11541126226712 7.423452739467839, -79.99593494390774 7.4602192756289245, -80.02889392828274 7.581390717916621, -80.05635974859524 7.648088564717195, -80.21978137945462 7.522851436626768, -80.24175403570462 7.423452739467839))"
149438,"POLYGON ((-79.52812785576823 8.982089390368055, -79.52782744835856 8.97327235418269, -79.51907271813396 8.97437449542716, -79.52083224724772 8.98259805899132, -79.52812785576823 8.982089390368055))"
75716,"POLYGON ((-79.91300252898718 9.364319767965062, -79.90643648131872 9.291735549354893, -79.75477365478064 9.276615468917708, -79.66581014617468 9.353776091332742, -79.70503477080847 9.46472267592436, -79.85026029571081 9.44730297097985, -79.91300252898718 9.364319767965062))"
26864,"POLYGON ((-79.397481946885 9.028753770806006, -79.51053169244469 8.97060937538487, -79.51761808866203 8.90702348315683, -79.52195790284813 8.900414662694944, -79.54584029191673 8.926891622920325, -79.5676627444619 8.946668594980444, -79.58519366258324 8.974244335978964, -79.60377600663841 8.99516319676889, -79.37443640702904 9.133468406637455, -79.31969788545311 9.07869939023872, -79.34134867662132 9.064778037856842, -79.38855555528343 9.036891332202455, -79.397481946885 9.028753770806006))"
14940,"POLYGON ((-79.71748044984412 9.11932722262191, -79.69010046022011 9.138818229333717, -79.56315687196327 9.023636408546396, -79.60521390931679 8.99439011820541, -79.71748044984412 9.11932722262191))"
27739,"POLYGON ((-79.66807970520597 8.98608428748315, -79.58559641357999 8.974554400990689, -79.55134996887784 8.92164787803585, -79.5767558526669 8.880775727548174, -79.66730722900968 8.880266916838464, -79.7056735467587 8.93911466377241, -79.66807970520597 8.98608428748315))"
14943,"POLYGON ((-80.47019265289207 8.261135887458932, -80.38221619720359 8.214140003845525, -79.72964547271629 8.572741295435542, -79.71928141708274 8.832952903392325, -79.90461133117576 8.848134074042395, -80.21246455306907 8.770610269816501, -80.433800440978 8.576305891691998, -80.48392556304832 8.382751224871551, -80.47019265289207 8.261135887458932))"
