id,zonepolygon
60419,"POLYGON ((-54.620587178722 -25.513891615512986, -54.594151326671216 -25.454542175124395, -54.496304341807935 -25.478719374236114, -54.543682881847 -25.587146920829877, -54.53681642676887 -25.6335858362451, -54.5931213584095 -25.651537378123617, -54.62470705176887 -25.571353581096737, -54.60754091407356 -25.557261686159556, -54.61406404639778 -25.535423718081358, -54.620587178722 -25.513891615512986))"
60418,"POLYGON ((-57.72607908492063 -25.307174500284344, -57.526951887655 -25.489536583331123, -57.39442930464719 -25.53043708540387, -57.27289304976438 -25.489536583331123, -57.20972166304563 -25.310898927873513, -57.49261961226438 -25.06857354905342, -57.72607908492063 -25.307174500284344))"
60417,"POLYGON ((-54.74941337426106 -25.57321853658605, -54.73911369164387 -25.43067699135729, -54.59491813500325 -25.453618999983284, -54.62135398705403 -25.514673029259164, -54.6086510451595 -25.55773308879935, -54.65122306664387 -25.591179147118012, -54.74872672875325 -25.57445728590874, -54.74941337426106 -25.57321853658605))"
