id,zonepolygon
30799,"POLYGON ((30.01166430043942 -1.8731529135676224, 29.99741640615231 -1.9263386895631276, 30.008574395654264 -1.9856989152643179, 30.08410540151364 -2.0550069963078736, 30.120840936181608 -2.05432079226109, 30.132857232568327 -2.032876767750735, 30.165644555566374 -2.013662679719271, 30.190363793847624 -1.9884438457110973, 30.194998651025358 -1.9513869020174348, 30.17096605825192 -1.9033489100375092, 30.087538629052702 -1.8343777469209703, 30.01166430043942 -1.8731529135676224))"
