id,zonepolygon
39365,"POLYGON ((39.995880278441284 21.319374162381223, 39.927902373167846 21.27235183321012, 39.87537399182019 21.275871031480335, 39.80327621349988 21.28642812123577, 39.765854033324096 21.298583831276506, 39.732208403441284 21.341760457485474, 39.71435562023816 21.3590275505695, 39.69856277355847 21.37725171907657, 39.69066635021863 21.38812119558534, 39.687233122679565 21.409218462054234, 39.68963638195691 21.423281614631748, 39.75795760998425 21.443415134354662, 39.755897673460815 21.462267816011934, 39.769630583617065 21.471533494593334, 39.771347197386596 21.506034973757455, 39.753151091429565 21.562242065544574, 39.79778304943738 21.589060501983475, 39.81769576916394 21.555978309772, 39.80739608654675 21.53011185919568, 39.81597915539441 21.482198860726605, 39.84962478527722 21.486671408415834, 39.874000700804565 21.511906779700045, 39.91931930432019 21.537137770889434, 39.967384489867065 21.519252963471526, 39.98146072277722 21.483476745516867, 39.98695388683972 21.478684619718717, 39.97905746349988 21.423084442004786, 39.996910246703 21.378972688525117, 40.0024034107655 21.341243394390386, 39.995880278441284 21.319374162381223))"
15040,"POLYGON ((39.78447675704956 24.57709974428943, 39.692466259002686 24.610814807343612, 39.48784589767456 24.65450599548674, 39.37523603439331 24.604571962313898, 39.38896894454956 24.49589664436146, 39.453513622283936 24.35335226414775, 39.486472606658936 24.305801724699204, 39.634788036346436 24.280767961842773, 39.77623701095581 24.347096633808512, 39.857261180877686 24.479649723637884, 39.78447675704956 24.57709974428943))"
