id,zonepolygon
15061,"POLYGON ((103.75397736895638 1.2576895961102144, 103.8260751472767 1.2288572743534731, 103.89061982501107 1.251511268014561, 104.03275544512826 1.281029814094656, 104.04992158282357 1.3592866183177104, 103.99361665118295 1.3997869600870407, 103.94211823809701 1.3984140784862837, 103.91671235430795 1.4272444222483334, 103.87414033282357 1.4347951671356838, 103.83980805743295 1.4725485150949618, 103.80478913653451 1.473921352161185, 103.76084382403451 1.4505830075710064, 103.72376496661263 1.4595065209034004, 103.69561250079232 1.4430323149464541, 103.6722665535267 1.426557989663582, 103.64754731524545 1.3771343114712558, 103.59124238360482 1.2762244923513173, 103.60909516680795 1.2000246413629811, 103.66814668047982 1.2089490605836055, 103.75397736895638 1.2576895961102144))"
