id,zonepolygon
111833,"POLYGON((19.21273429746835 47.44561385678945,19.27865226621835 47.450257364933,19.301311567976164 47.41518874172861,19.21925742979257 47.41240082889537,19.21273429746835 47.44561385678945))"
111832,"POLYGON((19.056018727493296 47.51360305405243,19.0603960926056 47.51383493892793,19.059022801589975 47.512240709715606,19.0549029285431 47.51142908351264,19.056018727493296 47.51360305405243))"
