id,zonepolygon
86111,"POLYGON ((21.147994359729406 -28.312253383942018, 21.218718847034093 -28.31074210773712, 21.328582128284093 -28.254809798434508, 21.345726808307287 -28.40998727905365, 21.299844940898534 -28.422990274981082, 21.28126226156723 -28.4282044712494, 21.277056222555753 -28.418774855969907, 21.271219065187093 -28.40874634367082, 21.267441173789617 -28.401861955235496, 21.27044390678179 -28.400130170936716, 21.26872595190775 -28.397416828000797, 21.252149900195715 -28.375443270072473, 21.247933467624303 -28.37702914319615, 21.247928103206274 -28.383731083228867, 21.248223146197912 -28.391640715354594, 21.248410900828954 -28.402664134555863, 21.248684486148473 -28.414158225264316, 21.251811941859838 -28.41531888922533, 21.25959839463007 -28.42317426818272, 21.272503843305227 -28.420912073153872, 21.275523340103742 -28.425631018559454, 21.276689765749094 -28.42787719098168, 21.28051694273722 -28.428538237110782, 21.345748265979406 -28.410138266397155, 21.383170446155187 -28.480173162786215, 21.13220151304972 -28.471723136500454, 21.065940221545812 -28.39775658952992, 21.147994359729406 -28.312253383942018))"
