id,zonepolygon
27195,"POLYGON ((-55.19561374421997 5.779932402223842, -55.16711795564575 5.768489446565591, -55.15544498201294 5.778309907649815, -55.16668880220337 5.807001756192428, -55.16565883394165 5.814857603070356, -55.161538960894774 5.822201012918251, -55.143557431658934 5.827793894416193, -55.12540424104614 5.8350944421405435, -55.117035748919676 5.839577187502947, -55.110040547808836 5.8459383550639314, -55.10171497102661 5.857465118708332, -55.09802425142212 5.86984545170262, -55.10004127260132 5.873559497998636, -55.12214267488403 5.892470866515316, -55.13248527284546 5.9002828240702785, -55.13722741838379 5.904444887667371, -55.14540279146118 5.907070173240952, -55.16231143709106 5.908606919997233, -55.18093669649048 5.897337344796828, -55.226426961383055 5.9031429121581676, -55.24221980806274 5.911338903697438, -55.2443012022583 5.855373242221189, -55.22801482911987 5.854903636218912, -55.22024715181274 5.7919728744475645, -55.229431035479735 5.781298709836946, -55.19561374421997 5.779932402223842))"
