id,zonepolygon
30781,"POLYGON((1.4170176935499157 38.73020925050939,1.4184634042089428 38.73028666900718,1.4203275394742931 38.72900820685061,1.425026769668385 38.72689900814803,1.4291359138792004 38.723852277872034,1.436259861022755 38.71842810687857,1.444199199706837 38.71524707436034,1.4492846679990734 38.72135787999758,1.4404119205778088 38.726087117447356,1.439778919250294 38.7317534198298,1.4503575516050304 38.73461569419126,1.462727899581715 38.72556817216662,1.4726091575925793 38.72897472799253,1.4735050154035534 38.71961258675995,1.4798940372770275 38.711052917748006,1.4811707687681164 38.70243780038458,1.49081599238567 38.6935034386349,1.5028644752805675 38.68674540598708,1.5126491737668957 38.680849401386546,1.529343242675587 38.674751885718955,1.5605212402646984 38.69135132155605,1.5676666450803722 38.69287539559399,1.5739752006833996 38.688520812198746,1.5833736610715832 38.67796822245605,1.586399192840382 38.664348056930486,1.5724946213071789 38.65042366013359,1.5506721687620129 38.650825846737646,1.5333558273618664 38.651311819205326,1.5232385349576916 38.653054589911044,1.5144462538068737 38.661734297132426,1.5044952583616222 38.668469561236314,1.4841319275205578 38.67791796830597,1.4645196152036632 38.68424133838126,1.451065654784962 38.68384771443309,1.4456154060667004 38.68396077685264,1.4399934959714855 38.68069026952994,1.43089544299297 38.66525698629838,1.4190293503110851 38.66011949881448,1.4014126015012707 38.64177610206007,1.3826585960691418 38.63954700804653,1.3849116516416515 38.66747271507588,1.3775516701047863 38.69465064968755,1.3876796913450207 38.69498559834961,1.3845897865598644 38.71022410319153,1.3748050880735363 38.71836113923185,1.3894821358030285 38.72766904028786,1.3954044533079113 38.73704267908213,1.4022709083860363 38.73202123983831,1.411540622741505 38.73108386541556,1.4170176935499157 38.73020925050939))"
