id,zonepolygon
101304,"POLYGON ((120.17983426183879 22.918395310826376, 120.29519070715129 22.95854942472436, 120.31441678137004 23.063147012501172, 120.20386685461223 23.10357385995483, 120.12627591222942 22.994267082042494, 120.17983426183879 22.918395310826376))"
27031,"POLYGON ((120.22325581468347 22.70512392009693, 120.3619582072616 22.747557346917137, 120.39766377366784 22.591692543848467, 120.39423054612878 22.52828232111204, 120.32831257737878 22.48197446558005, 120.20128315843347 22.591058585987636, 120.22325581468347 22.70512392009693))"
