id,zonepolygon
97871,"POLYGON ((36.639586144803715 -3.3281180202608938, 36.70138424050684 -3.316121917057781, 36.78927486550684 -3.4023192210958406, 36.64778297555323 -3.454914223599029, 36.70370166909571 -3.420161791849485, 36.73726146829004 -3.38496898555444, 36.72933285844202 -3.367436363970816, 36.70782154214258 -3.3652621683375608, 36.68393781196947 -3.3576270081914426, 36.681940907357884 -3.3621160022747096, 36.67290588629122 -3.362690345687982, 36.66395669591303 -3.3627934329314875, 36.65320103776331 -3.384412059257432, 36.63078849923487 -3.398313700564344, 36.66338270318384 -3.4183946852834075, 36.703540736554814 -3.420381341225703, 36.64774542462702 -3.454445690002644, 36.60533970010157 -3.435048196489721, 36.63872783791895 -3.3646195480095606, 36.639586144803715 -3.3281180202608938))"
15108,"POLYGON ((36.65327613961573 -3.384454899753192, 36.63130348336573 -3.3981637609701174, 36.66426246774073 -3.418383975536713, 36.70305793893213 -3.4200975334859556, 36.73678939950342 -3.3850546664947907, 36.729236298917485 -3.367489915526152, 36.70760696542139 -3.3654335336867844, 36.6839606107461 -3.3578077464970226, 36.68211525094385 -3.3623489527908057, 36.67473381173487 -3.3627773673877623, 36.6640049756753 -3.362863050284562, 36.65327613961573 -3.384454899753192))"
