id,zonepolygon
79070,"POLYGON ((37.29354401068613 -3.27879187634546, 37.40890045599863 -3.328148200864154, 37.34298248724863 -3.4104032295937796, 37.24959869818613 -3.376131146402509, 37.29354401068613 -3.27879187634546))"
15110,"POLYGON ((36.872007507626066 -3.3712390942330877, 37.06289495879794 -3.4288157892143647, 37.233932292582566 -3.3221384215125287, 36.98056010019975 -3.2816935918705674, 36.872007507626066 -3.3712390942330877))"
65081,"POLYGON ((36.648337557477326 -3.3801509959560443, 36.67099685923514 -3.3259988667810068, 36.747214510602326 -3.3321682477236276, 36.749274447125764 -3.4164792141551428, 36.677863314313264 -3.4651431603406606, 36.636664583844514 -3.4466374456354796, 36.631858065289826 -3.40058122710486, 36.648337557477326 -3.3801509959560443))"
