id,zonepolygon
62820,"POLYGON ((39.24095328228255 -6.829126378511896, 39.25159628765364 -6.844636482852442, 39.301893071100906 -6.818388319340077, 39.29901774303694 -6.810377229563123, 39.28755934612532 -6.796229659299403, 39.27459891216536 -6.7917978046250855, 39.24095328228255 -6.829126378511896))"
158056,"POLYGON ((39.213569504640745 -6.732514677483406, 39.272964341066526 -6.727656040196544, 39.27240644159143 -6.747686950850992, 39.26669870080774 -6.760642673227723, 39.24446855249231 -6.788598574253525, 39.23622880639856 -6.843141992918127, 39.198806626222776 -6.783314351358036, 39.213569504640745 -6.732514677483406))"
15109,"POLYGON ((39.27325238996242 -6.727985320520739, 39.27239408307766 -6.747675273060663, 39.271192453438985 -6.749976643874283, 39.26690091901516 -6.760460527967967, 39.24484243207668 -6.787691992794167, 39.236516855294454 -6.8433007558933125, 39.19849386029934 -6.782791294930358, 39.18175687604641 -6.867246752241964, 39.217290781075704 -6.971708724296774, 39.39664981832928 -6.853105357604565, 39.313195287467586 -6.812203720535369, 39.251541751478946 -6.844762960574796, 39.24087164444541 -6.82942779732508, 39.27467312202338 -6.791668611192082, 39.287539818454 -6.795970378681576, 39.287016927482235 -6.7723168838778856, 39.29406859476853 -6.751176684432232, 39.28506314789412 -6.772654440421111, 39.29150722494549 -6.760720723850045, 39.291448495919454 -6.750147115351221, 39.29797162824367 -6.737873015660872, 39.283895395333516 -6.732076805009691, 39.27788724714016 -6.73122441525119, 39.27325238996242 -6.727985320520739))"
