id,zonepolygon
79070,"POLYGON ((37.29354401068613 -3.27879187634546, 37.40890045599863 -3.328148200864154, 37.34298248724863 -3.4104032295937796, 37.24959869818613 -3.376131146402509, 37.29354401068613 -3.27879187634546))"
165690,"POLYGON((36.771420448121766 -3.347796978523317,36.771420448121766 -3.392009030684246,36.93140885144208 -3.3961216773306555,36.93140885144208 -3.3484824519953156,36.771420448121766 -3.347796978523317))"
15110,"POLYGON((36.93174566680575 -3.3957438814373386,37.00950827056552 -3.407096413247317,37.04813208037997 -3.4314717737894824,37.105466980282316 -3.3854193875529623,37.1813413088956 -3.3503324239221364,37.17282084238725 -3.319396451304871,37.13926104319292 -3.306886115750626,37.08201197397905 -3.3159689778434287,37.03351763498979 -3.3228239128745374,36.98262003672319 -3.3313925146919425,36.93246361348322 -3.3313514539351967,36.93140234405185 -3.365241324824992,36.93174566680575 -3.3957438814373386))"
110359,"POLYGON((36.735429237057666 -3.4173775956951324,36.73259682433794 -3.41742043472612,36.72532267348955 -3.4170991419471077,36.71919382589052 -3.4172410462711014,36.696431259085635 -3.417526193575674,36.6732655227382 -3.4168121537748886,36.676273871605495 -3.347995869598337,36.678938897718886 -3.332129856331835,36.679436698948244 -3.3280454739228773,36.68044948430846 -3.323789701984376,36.66239067392538 -3.324875005485883,36.62713136004398 -3.3942211467331895,36.60551912563036 -3.458421861752734,36.67500711457918 -3.4733853088704727,36.764407823254565 -3.447910628438797,36.77134938018511 -3.3975429192911317,36.749419639279346 -3.4172919176274204,36.735429237057666 -3.4173775956951324))"
65081,"POLYGON((36.67649002329764 -3.348962477464436,36.68039531962332 -3.323599652651275,36.70035095469412 -3.320686313364837,36.72764511362967 -3.318115712738729,36.77133293406424 -3.3415936161232973,36.771247103375764 -3.3974156381147362,36.749274447125764 -3.4171646390631256,36.673571779889436 -3.416993282882028,36.674086764020295 -3.3947549994292974,36.67546005503592 -3.364042764871492,36.67649002329764 -3.348962477464436))"
