id,zonepolygon
62820,"POLYGON ((39.24095328228255 -6.829126378511896, 39.25159628765364 -6.844636482852442, 39.301893071100906 -6.818388319340077, 39.29901774303694 -6.810377229563123, 39.28755934612532 -6.796229659299403, 39.27459891216536 -6.7917978046250855, 39.24095328228255 -6.829126378511896))"
15109,"POLYGON ((39.254712961251485 -6.695593186794505, 39.22810544782375 -6.640947904884114, 39.178838632638204 -6.68996696519687, 39.15223111921047 -6.719205560413278, 39.11120405011867 -6.761398100025817, 39.217290781075704 -6.971708724296774, 39.39664981832928 -6.853105357604565, 39.313195287467586 -6.812203720535369, 39.251541751478946 -6.844762960574796, 39.24087164444541 -6.82942779732508, 39.27467312202338 -6.791668611192082, 39.287539818454 -6.795970378681576, 39.287016927482235 -6.7723168838778856, 39.29406859476853 -6.751176684432232, 39.2863573836369 -6.734808936648831, 39.254712961251485 -6.696275148642658, 39.25505628400539 -6.693888278005372, 39.254712961251485 -6.695593186794505))"
