id,zonepolygon
79070,"POLYGON ((37.29354401068613 -3.27879187634546, 37.40890045599863 -3.328148200864154, 37.34298248724863 -3.4104032295937796, 37.24959869818613 -3.376131146402509, 37.29354401068613 -3.27879187634546))"
15110,"POLYGON ((36.872007507626066 -3.3712390942330877, 37.06289495879794 -3.4288157892143647, 37.233932292582566 -3.3221384215125287, 36.98056010019975 -3.2816935918705674, 36.872007507626066 -3.3712390942330877))"
110359,"POLYGON ((36.74727387206743 -3.332209851851793, 36.74954838531206 -3.4169063662280563, 36.67760081069658 -3.4654203615595094, 36.636968026329974 -3.447227902945776, 36.632229904105166 -3.400047712317408, 36.65815932156632 -3.366946201955418, 36.67198233718167 -3.348852711189365, 36.697478326429824 -3.3261318473699077, 36.747071281467775 -3.3325011325551763, 36.72868633123229 -3.3176202686293697, 36.66239067392538 -3.324875005485883, 36.62713136004398 -3.3942211467331895, 36.60551912563036 -3.458421861752734, 36.67500711457918 -3.4733853088704727, 36.764407823254565 -3.447910628438797, 36.77182144897173 -3.365198243223226, 36.74727387206743 -3.332209851851793))"
65081,"POLYGON ((36.648337557477326 -3.3801509959560443, 36.67202682749686 -3.348962477464436, 36.697776034039826 -3.3259988667810068, 36.747214510602326 -3.3321682477236276, 36.749274447125764 -3.4164792141551428, 36.677863314313264 -3.4651431603406606, 36.636664583844514 -3.4466374456354796, 36.631858065289826 -3.40058122710486, 36.648337557477326 -3.3801509959560443))"
