id,zonepolygon
88216,"POLYGON ((100.45311629489309 7.02741776010234, 100.46307265475637 7.021539895550423, 100.4702824325884 7.021795456423573, 100.4699391098345 7.024862175948613, 100.4757755966509 7.0250325486625735, 100.48023879245169 7.030995554310389, 100.48169791415579 7.031165924775976, 100.48169791415579 7.030527035207868, 100.48019587710745 7.029504810071508, 100.48066794589407 7.028525175538887, 100.48186957553274 7.028738139743401, 100.48178374484426 7.027843689428663, 100.48041045382864 7.026991830385697, 100.48075377658255 7.026480714210534, 100.48208415225393 7.026778865381007, 100.48186957553274 7.026480714210534, 100.4812687607134 7.025458480174344, 100.48234164431936 7.024776989568204, 100.48387211520698 7.022391764581577, 100.48370045383002 7.021028773382928, 100.48412960727241 7.0189842790978965, 100.48430126864936 7.018302779006706, 100.49726170260932 7.019495403511334, 100.50206822116401 7.0301437010452945, 100.50266903598335 7.0381510600503985, 100.50738972384956 7.037639956155024, 100.49620654271887 7.008225533384275, 100.4855707025121 6.97738594568262, 100.48267372248816 6.987353466519284, 100.48067912769415 6.979615649533414, 100.47801837635137 6.977826558766719, 100.47492847156622 6.979615649533414, 100.47510013294317 6.987112717395904, 100.47115192127325 6.980552789586623, 100.47149524402715 6.987112717395904, 100.47055110645391 6.980212011602635, 100.46746120166875 6.979871233370411, 100.46643123340704 6.982597452278895, 100.4617963762293 6.984130943433628, 100.46316966724493 6.987879456198352, 100.45801982593633 6.988390614701317, 100.46231136036016 6.98975370130956, 100.46351298999883 6.9924798625979205, 100.46188220691778 6.993076208259232, 100.4572044343958 6.9943540892554354, 100.44997319889166 6.997208010854598, 100.45815930080511 6.997016330099635, 100.45810565662481 6.999124814074949, 100.45721376550685 6.9996905004447125, 100.45589272094651 7.003152666811856, 100.44847303194882 7.004628170206265, 100.4528121472724 7.004911010140131, 100.45182975991042 7.006130938641557, 100.45119069530239 7.008202758940827, 100.45098544969224 7.0126232349825095, 100.45247909068229 7.014090398044191, 100.45208445652581 7.017090939329107, 100.45254812925415 7.018089556677724, 100.4525826485401 7.0193437341035265, 100.45262789666211 7.020917359865432, 100.45112819239154 7.02180948534987, 100.45010288968537 7.023849290930362, 100.45311629489309 7.02741776010234))"
