id,zonepolygon
67430,"POLYGON ((102.81624279542727 16.516946658519842, 102.8289457373218 16.527150218118056, 102.84988842531008 16.51859243039431, 102.85023174806399 16.511680094324305, 102.86911449952883 16.515959188666244, 102.87975750489993 16.49160000216724, 102.88537825704421 16.466043138921982, 102.8682121193489 16.468677059935573, 102.87988509298171 16.45550709703006, 102.90460433126296 16.440360534257433, 102.91696395040358 16.413357209753652, 102.91078414083327 16.394913760025727, 102.89705123067702 16.38700888955318, 102.88263167501296 16.384373861449685, 102.86752547384108 16.377127350457126, 102.83731307149733 16.36724531049461, 102.80504073263015 16.384373861449685, 102.75766219259108 16.39952478630015, 102.75628890157546 16.429164489216, 102.76452864766921 16.47065247720629, 102.7913078224739 16.507523234495444, 102.81624279542727 16.516946658519842))"
67431,"POLYGON ((102.7536192627405 17.780171775703092, 102.76357562260378 17.77657557566612, 102.7675238342737 17.78049869939018, 102.77404696659792 17.778864074972873, 102.7836600037073 17.783277526576597, 102.78812319950808 17.775758247382562, 102.78777987675417 17.76938295849603, 102.78417498783816 17.766930863769087, 102.78022677616823 17.76774823241461, 102.77250201420534 17.764478735415118, 102.76855380253542 17.765786541388362, 102.7646055908655 17.76333439734314, 102.7616873474573 17.766767389591617, 102.75602252201784 17.760391780109327, 102.74932772831667 17.75924741588946, 102.75190264897097 17.771508080055717, 102.74675280766238 17.778700611708665, 102.75276095585573 17.783440985653225, 102.7536192627405 17.781806388156273, 102.7536192627405 17.780171775703092))"
