id,zonepolygon
15145,"POLYGON ((32.56581222004625 0.4028701758641533, 32.60460769123765 0.4083632022742605, 32.63516341633531 0.4083632022742732, 32.68031035847398 0.3869060470228025, 32.668465723464216 0.3197877288381409, 32.67086898274156 0.2720665039426021, 32.6348200935814 0.2116422403836677, 32.61593734211656 0.2257183707333675, 32.577828516432966 0.2758430110653998, 32.5414363045189 0.2679466766429749, 32.50779067463609 0.3070849770453837, 32.56581222004625 0.4028701758641533))"
15144,"POLYGON ((33.194833793856795 0.7019024415548125, 33.321176567294295 0.6607066246083483, 33.38572124502867 0.6098979822237567, 33.37198833487242 0.5481030449134616, 33.285471000888045 0.3833136235439262, 33.194833793856795 0.4094055282800194, 33.046518364169295 0.5947926158660626, 33.04789165518492 0.6689458160054479, 33.194833793856795 0.7019024415548125))"
15146,"POLYGON ((32.49726290633404 0.0869452382799188, 32.494001340171934 0.078877162017183, 32.48820970971276 0.0427014887990332, 32.43911455590417 0.016437301852788, 32.41928766686608 0.0303418721932795, 32.404267296382685 0.047679667180686, 32.46361727645123 0.111149456084246, 32.49726290633404 0.0869452382799188))"
