id,zonepolygon
30980,"POLYGON ((106.64927680471882 20.880289982074952, 106.64069373587117 20.864972158382123, 106.64687354544148 20.835775753929102, 106.6647263286446 20.820052266934518, 106.69356543997273 20.819731362354826, 106.70489509085164 20.819731362354826, 106.71073157766804 20.818126829204775, 106.75124366262898 20.828074659279032, 106.75536353567585 20.849572563297063, 106.73201758841023 20.858876673900397, 106.71564840129628 20.87328219372317, 106.70680784038319 20.877372219863172, 106.69114248249531 20.871053582517767, 106.68633596394062 20.869208997139932, 106.68165819141865 20.867203987354397, 106.67663709614277 20.867284188259372, 106.67008029638612 20.87295884715114, 106.65786164014683 20.880489756488533, 106.64927680471882 20.880289982074952))"
