id,zonepolygon
31964,"POLYGON ((-83.03223129659003 42.377159648752496, -83.03480621724432 42.37969580541079, -83.02896973042792 42.384641016275246, -83.00562378316229 42.391741150693946, -82.99034592061346 42.39338928132897, -82.98708435445135 42.39288216882011, -82.96030517964667 42.35331476946969, -82.99446579366034 42.34202334582163, -83.00817290971096 42.33620560122427, -83.03223129659003 42.377159648752496))"
31962,"POLYGON ((-83.00689434408221 42.33415063012183, -83.05839275716815 42.31536703910247, -83.0281803548244 42.27422662847448, -82.9677555501369 42.2643184419888, -82.91031413633335 42.273210475896, -82.92473369199742 42.294292284770194, -82.97211223203648 42.28641918149628, -83.00689434408221 42.33415063012183))"
65873,"POLYGON ((-83.07345737947044 42.59618057594192, -82.98419346345482 42.60325673649532, -82.97458042634544 42.4909543965422, -83.06933750642357 42.48589097758818, -83.07345737947044 42.59618057594192))"
65874,"POLYGON ((-84.51445218970547 42.770967341333865, -84.58174344947109 42.745255525575395, -84.58174344947109 42.72609076601906, -84.5055257981039 42.71045197033596, -84.49591276099453 42.67764815120403, -84.40458890845547 42.67613371047383, -84.4121420090414 42.78709479791916, -84.5055257981039 42.80472939373731, -84.51445218970547 42.770967341333865))"
65872,"POLYGON ((-83.74266764256848 42.32462299941885, -83.68464609715832 42.32919182502723, -83.68258616063488 42.29669518877284, -83.67400309178723 42.28526660392927, -83.67468973729504 42.265960285663475, -83.68292948338879 42.25732133376623, -83.68189951512707 42.22326217508424, -83.70146891209973 42.229363674367, -83.78180643651379 42.228092577313525, -83.77288004491223 42.22987210602173, -83.77288004491223 42.31370723954777, -83.74266764256848 42.32462299941885))"
31963,"POLYGON ((-83.08915394245723 42.357899418064974, -83.15781849323848 42.329732568255196, -83.15781849323848 42.31551747665454, -83.13962238728145 42.286823674053736, -83.1094099849377 42.27640941548361, -83.09670704304317 42.29317298691844, -83.07507770954707 42.31399424064039, -83.06134479939082 42.3203408141411, -83.08915394245723 42.357899418064974))"
15169,"POLYGON ((-83.08867908854347 42.35691015760094, -83.03222629883966 42.3769494631424, -83.0068204150506 42.33355168737393, -83.05829502482277 42.315910333927526, -83.08867908854347 42.35691015760094))"
