id,zonepolygon
161300,"POLYGON((2.2757628436712674 49.89495992724705,2.2790244098333767 49.88583599215212,2.2865775104193142 49.881079802795476,2.2922423358587674 49.87942055673202,2.307777690473025 49.879365247547874,2.3221972461370877 49.8846193371522,2.3249438281683377 49.89097878585988,2.290525722089236 49.89883016651293,2.2757628436712674 49.89495992724705))"
