id,zonepolygon
165122,"POLYGON((0.958452154933096 47.425095302083655,0.9655761020766507 47.40761361537021,0.9675502079116116 47.39773767280954,0.9818839328871976 47.39564605919276,0.9936427372084866 47.39744717588323,1.0003375309096585 47.40011968719354,1.0012816684829007 47.40825258317387,0.99630348855126 47.41638422355132,0.9890078800307522 47.42323705960655,0.9820555942641507 47.43055351000896,0.958452154933096 47.425095302083655))"
