id,zonepolygon
112752,"POLYGON((98.28313228901204 7.95229436702811,98.2837009173232 7.954610755090613,98.28687665279683 7.953750080319738,98.2866191607314 7.95074301724951,98.28381893451986 7.951061788230873,98.28313228901204 7.95229436702811))"
