id,zonepolygon
15862,"POLYGON ((39.26222181590762 -5.729145524449654, 39.31990003856387 -5.695666977873307, 39.52465692639861 -6.102780581828056, 39.58844907976285 -6.419229758270749, 39.50193174577848 -6.511678470391769, 39.439103681813634 -6.4168415607444595, 39.47240598894254 -6.38903529521084, 39.48531973152374 -6.4184180905110155, 39.537848112871394 -6.412447566194281, 39.52618152346101 -6.311765993941387, 39.42549405305751 -6.1744887908323225, 39.26222181590762 -5.729145524449654))"
15861,"POLYGON ((39.19763509018775 -6.23005771708692, 39.272951519325936 -6.196097753215431, 39.309214985207284 -6.320706373983786, 39.266986286476815 -6.331967031912456, 39.19763509018775 -6.23005771708692))"
15864,"POLYGON ((39.17221816782999 -5.89448930471629, 39.18959888224649 -6.152608057988592, 39.21307357554483 -6.154698793222488, 39.26266225581217 -6.1607362783706, 39.22859269585579 -6.035098794099736, 39.20236237582965 -5.89031988261721, 39.17221816782999 -5.89448930471629))"
15863,"POLYGON ((39.19252444480662 -6.153429067756585, 39.1845421907783 -6.163242636421924, 39.198961746442365 -6.229116836530941, 39.272690795041854 -6.195827829123517, 39.26273443517857 -6.161182983580966, 39.203511260129744 -6.154356145920678, 39.19252444480662 -6.153429067756585))"
