id,zonepolygon
163230,"POLYGON((99.83334790132909 19.950317872541998,99.86974011324315 19.940635988962242,99.8391843881455 19.850888996124777,99.79146252535253 19.83990925625636,99.767773255333 19.864774049898966,99.79609738253026 19.91239377225101,99.83334790132909 19.950317872541998))"
