id,zonepolygon
107990,"POLYGON ((1.2218512114257907 6.216253082584158, 1.2667564379474205 6.201576801070576, 1.3175682055255455 6.181438912996766, 1.3227180468341393 6.157204167145615, 1.198778532673983 6.10921918984346, 1.202898405720858 6.184657277686267, 1.2218512114257907 6.216253082584158))"
