id,zonepolygon
27445,"POLYGON ((-60.849486163749866 11.144090628739272, -60.773611835136585 11.132890179369161, -60.80999460080503 11.1754908459329, -60.844241045507175 11.173975184731894, -60.849486163749866 11.144090628739272))"
27447,"POLYGON ((-60.71911155106029 11.163812070714114, -60.70898352982005 11.17450610796871, -60.730913270725814 11.19509312428473, -60.75213842823191 11.184289880896008, -60.71911155106029 11.163812070714114))"
27446,"POLYGON ((-60.776940008272554 11.137932348481353, -60.81469626645118 11.1813071373774, -60.7807502291587 11.21397547302234, -60.73869319180518 11.170697555421626, -60.776940008272554 11.137932348481353))"
