id,zonepolygon
15906,"POLYGON ((69.32558558299206 41.36350597217988, 69.22396204783581 41.3846318719459, 69.16628382517956 41.33051524480699, 69.14568445994519 41.27274125352909, 69.17315028025769 41.23040999187699, 69.23220179392956 41.225762206959324, 69.30910609080456 41.23299195184838, 69.36747095896862 41.261386828275, 69.36884424998425 41.31710803834369, 69.35923121287487 41.353198216677065, 69.32558558299206 41.36350597217988))"
83570,"POLYGON ((66.97544011493122 39.714023436611356, 66.91707524676715 39.70953361276229, 66.8539038600484 39.70372281871598, 66.81682500262653 39.7116465074452, 66.80309209247028 39.69025045950356, 66.82712468524372 39.67888936830605, 66.91913518329059 39.59084368729479, 66.96170720477497 39.57205669231744, 66.98779973407184 39.567822300182144, 67.03002843280231 39.58581668067471, 67.04273137469684 39.6392430226425, 67.05577763934528 39.694477365091615, 66.97544011493122 39.714023436611356))"
