id,zonepolygon
79071,"POLYGON ((28.241241098798366 -15.291819672407891, 28.241927744306178 -15.185239515758722, 28.318145395673366 -15.291985256062594, 28.342692972577662 -15.307135606605042, 28.431785227216334 -15.244126139974465, 28.489463449872584 -15.339833444275593, 28.48654520646438 -15.370953720074743, 28.46611750260696 -15.386512116271495, 28.48311197892532 -15.418452837877481, 28.454015375531764 -15.481947318932608, 28.2348896278511 -15.552533607004959, 28.150947214521022 -15.398593898623684, 28.156783701337428 -15.26598702083691, 28.241241098798366 -15.291819672407891))"
