id,zonepolygon
27785,"POLYGON ((25.838890079519334 -17.8812313857656, 25.878286365530077 -17.878535772186506, 25.90462684985818 -17.84667542355101, 25.88385582324685 -17.81137730104375, 25.807809833256616 -17.812848195749744, 25.80523491260232 -17.83964904017063, 25.80901146289529 -17.856315823690135, 25.824804309574976 -17.859420248111565, 25.82720756885232 -17.864158475631115, 25.836133960453882 -17.869386718058053, 25.838890079519334 -17.8812313857656))"
27784,"POLYGON ((25.848692075955455 -17.925312298466167, 25.83307089065272 -17.963037202967033, 25.800283567654674 -17.956178727845327, 25.806806699978893 -17.92947713085439, 25.820024626004283 -17.900811302686883, 25.83804907058436 -17.899994544513742, 25.848692075955455 -17.925312298466167))"
