id,zonepolygon
15929,"POLYGON ((31.104374052202274 -17.922848158427534, 31.024723173296024 -17.90553423165273, 30.98112118354993 -17.89148584121651, 30.955715299760868 -17.84541239090874, 30.970821500932743 -17.80880653671804, 30.992794157182743 -17.77742410897554, 31.025753141557743 -17.76696207435974, 31.069698454057743 -17.77219316820755, 31.122570158159306 -17.78984697955595, 31.150035978471806 -17.804884034991773, 31.160335661088993 -17.821227223020816, 31.144542814409306 -17.866326642942447, 31.136989713823368 -17.888545339663487, 31.104374052202274 -17.922848158427534))"
