id,zonepolygon
15930,"POLYGON ((25.280092131647297 -17.798425224984822, 25.30695713714046 -17.768267023549026, 25.26982128277702 -17.743008680284593, 25.23257076397819 -17.768021814059182, 25.280092131647297 -17.798425224984822))"
95684,"POLYGON ((25.813131082144817 -17.828891664948745, 25.839652764884075 -17.824234209298318, 25.85827802428349 -17.801925760764547, 25.88471387633427 -17.806502080278875, 25.90342496642216 -17.84506924883314, 25.897073495474896 -17.872355375739684, 25.861582505789837 -17.935051330155204, 25.84731315383061 -17.930547221818287, 25.85123990782841 -17.921878085766, 25.846905458060345 -17.901475742950716, 25.84659834512814 -17.89934770515996, 25.845819163409313 -17.897852639654555, 25.845336030510506 -17.89729637380338, 25.844724151578983 -17.89682688853455, 25.844058293191036 -17.896577070178694, 25.842421475139698 -17.896235364041864, 25.841616141882977 -17.89616931992272, 25.836432772961697 -17.897499769176353, 25.831362056819042 -17.898636226561145, 25.828496787038883 -17.89930144318535, 25.825588601914486 -17.899354086121033, 25.82080219992741 -17.898479254217, 25.791158425894817 -17.864095137468833, 25.805234658804974 -17.8379972061831, 25.813131082144817 -17.828891664948745))"
15931,"POLYGON ((25.825531007947333 -17.898736451109947, 25.838834764661215 -17.90094170518686, 25.84123802393856 -17.915642698260104, 25.843641283215902 -17.93164905948968, 25.83849144190731 -17.946347504477867, 25.834028246106527 -17.95777878413928, 25.821668626965902 -17.964637197176405, 25.80553245753231 -17.970515625070444, 25.807935716809652 -17.933608922679877, 25.819308283032782 -17.89755213668039, 25.825531007947333 -17.898736451109947))"
