id,zonepolygon
62744,"POLYGON ((107.57033407985381 16.428403039235516, 107.61123240291289 16.440381183790592, 107.62106001674346 16.425233440998042, 107.57522642909697 16.415148011847094, 107.57033407985381 16.428403039235516))"
16029,"POLYGON ((108.11588644981384 16.082104341674295, 108.23742270469666 16.107174176562896, 108.28480124473572 16.05109253962652, 108.30471396446228 15.9606689068922, 108.18798422813416 15.94416383244066, 108.11863303184509 16.02601563609192, 108.11588644981384 16.082104341674295))"
16028,"POLYGON ((108.29263865947723 15.877139289594098, 108.31186473369598 15.91114960943625, 108.35512340068817 15.910489269620406, 108.39597880840302 15.880111294258798, 108.36507976055145 15.856003770070583, 108.30808818340302 15.855673509998681, 108.29263865947723 15.877139289594098))"
16027,"POLYGON ((107.5324353294966 16.496113468193133, 107.54307833486769 16.455124820433, 107.57037249380323 16.428452854887855, 107.58135882192823 16.431581238013045, 107.61105624014112 16.440472157095677, 107.64624682241651 16.473562554333373, 107.62599077993605 16.49413831063908, 107.5902852135298 16.513395236441855, 107.55955782705519 16.512901493071915, 107.54101839834425 16.505659778745216, 107.5324353294966 16.496113468193133))"
