id,zonepolygon
16026,"POLYGON ((109.37501192052599 18.33667904335656, 109.54720820512246 18.305026965608064, 109.53330363358926 18.22678134201748, 109.5111593159623 18.201833144353785, 109.34533442582558 18.277319008183063, 109.37501192052599 18.33667904335656))"
