id,zonepolygon
16030,"POLYGON ((108.48984557979064 11.927921191955756, 108.49465209834533 11.927921191955756, 108.48881561152892 11.94018162464973, 108.47319442622619 11.962181831665143, 108.44435531489806 11.963189431897604, 108.42547256343322 11.96402909588998, 108.40985137813048 11.959159008443699, 108.40401489131408 11.943372605208486, 108.40367156856017 11.936990606509807, 108.41740447871642 11.919187395011356, 108.43748885981994 11.91482039114133, 108.4599765002008 11.914820391141355, 108.48023254268126 11.923554328624238, 108.48984557979064 11.928257101607958, 108.48984557979064 11.927921191955756))"
110476,"POLYGON ((108.42119005578364 11.912851690944994, 108.39526918786372 11.896894618093215, 108.40041902917231 11.85775383533145, 108.45346239465083 11.864473682725237, 108.43955782311762 11.910332215423116, 108.42119005578364 11.912851690944994))"
110479,"POLYGON ((108.5480486013196 11.901201155147078, 108.52521763818484 11.883227615356288, 108.56006489770633 11.849965039888051, 108.58341084497195 11.853493081086965, 108.57963429467898 11.901369126552824, 108.5480486013196 11.901201155147078))"
110477,"POLYGON ((108.41323250875513 11.97477877724803, 108.4250771437649 11.96470303789612, 108.47314232931177 11.96235197800679, 108.48979348287622 11.939344099574118, 108.51434105978052 11.934809469594208, 108.48996514425318 11.983846621370322, 108.41117257223169 11.975114628756106, 108.41323250875513 11.97477877724803))"
110478,"POLYGON ((108.3379667199703 11.93798722087675, 108.37744883666952 11.938323118057271, 108.38294200073202 11.915145236445294, 108.32320384155233 11.897004644391632, 108.3379667199703 11.93798722087675))"
