id,zonepolygon
30979,"POLYGON ((105.694234973281 10.125810830257633, 105.68445027479467 10.111953548494867, 105.68822682508764 10.105024683414792, 105.68290532240209 10.076800691084307, 105.69749653944311 10.064631500557732, 105.71414769300756 10.068518930758122, 105.74527696273657 10.050089539681894, 105.7279391636643 10.014253761883985, 105.73429063461157 9.994305717102517, 105.73866799972387 9.971088033125266, 105.74785188339087 9.969397343988858, 105.76707795760962 9.992220906834307, 105.78493074081274 10.006421426673914, 105.79231218002172 10.001011778005267, 105.80518678329321 10.021973664448206, 105.7935138096604 10.035834812859248, 105.79866365096899 10.04293419569636, 105.78847596249528 10.058938126986112, 105.77474305233903 10.072121628595692, 105.75156876645036 10.078206139962564, 105.72871375681157 10.095493891635986, 105.694234973281 10.125810830257633))"
