id,zonepolygon
91852,"POLYGON ((108.36832977426437 11.741536427688704, 108.36996055734542 11.733889161398295, 108.37970234048751 11.735695952236846, 108.37832904947189 11.741830549079603, 108.36832977426437 11.741536427688704))"
16030,"POLYGON ((108.47508270137267 11.929936643628455, 108.49636871211486 11.915492242462546, 108.52074462764222 11.959159008443699, 108.47851592891175 11.98401232900616, 108.44212371699768 11.99140071298968, 108.40950805537659 11.986027362881615, 108.40470153682189 11.97796713713358, 108.39302856318908 11.9500903361325, 108.39611846797423 11.943372605208458, 108.42015106074767 11.90810178651632, 108.45722991816955 11.927585281887538, 108.47508270137267 11.929936643628455))"
