id,zonepolygon
16030,"POLYGON ((108.49636871211486 11.914484464857347, 108.49636871211486 11.915492242462546, 108.52074462764222 11.959159008443699, 108.47851592891175 11.98401232900616, 108.44212371699768 11.99140071298968, 108.40950805537659 11.986027362881615, 108.40470153682189 11.97796713713358, 108.39302856318908 11.9500903361325, 108.39611846797423 11.943372605208458, 108.42015106074767 11.90810178651632, 108.46169311397033 11.891976457719196, 108.49430877559142 11.896679777401896, 108.49636871211486 11.914484464857347))"
