id,zonepolygon
27608,"POLYGON ((-117.69821370817871 34.099738233833946, -117.59454096533509 34.09940507751351, -117.52324784971924 34.098441137839195, -117.52337659575196 33.982777673447174, -117.6506635067627 33.981923613684586, -117.69722665526123 33.98403205816546, -117.69821370817871 34.099738233833946))"
