id,zonepolygon
27834,"POLYGON ((-118.217235797911 34.20832808023605, -118.06926369097741 34.180640600519155, -118.06754707720788 34.13419042800347, -118.2198107185653 34.13198802721655, -118.217235797911 34.20832808023605))"
27832,"POLYGON ((-118.2855484228658 34.2054265039028, -118.27464792542928 34.10421317460281, -118.22048876100057 34.12013123367538, -118.21739885621541 34.20847877463735, -118.2855484228658 34.2054265039028))"
16123,"POLYGON ((-118.5436527738782 34.20716948941611, -118.43893933393679 34.03436253312624, -118.22127270796022 34.024404019229515, -118.11861920454226 34.20447209766199, -118.5436527738782 34.20716948941611))"
27831,"POLYGON ((-118.38003654011511 34.22682167423829, -118.37797660359168 34.15333953395178, -118.28098792561316 34.15646471518764, -118.28733939656043 34.22103772195593, -118.38003654011511 34.22682167423829))"
27833,"POLYGON ((-118.28255008415081 34.03775911487488, -118.23830436424115 34.017770573740954, -118.22414230064251 34.0180551411681, -118.23633025840618 34.07509163489044, -118.28255008415081 34.03775911487488))"
27835,"POLYGON ((-118.30921277927354 34.11496919868075, -118.4745226852794 34.08554507141746, -118.44576940463975 34.04679481609691, -118.30918746043417 34.04728291810796, -118.30921277927354 34.11496919868075))"
27836,"POLYGON ((-118.37927899775391 34.201134974530035, -118.37764821467286 34.125996291339966, -118.53034100947266 34.13303006238537, -118.53600583491212 34.201063986560726, -118.37927899775391 34.201134974530035))"
