id,zonepolygon
27497,"POLYGON ((-117.79675661124914 33.812848073160545, -117.86112962760656 33.88812171761726, -118.0942457775089 33.7280859856541, -117.97064958610265 33.62208701690132, -117.79675661124914 33.812848073160545))"
88127,"POLYGON ((-118.24868039996853 34.06361806723375, -118.25966672809353 34.05181405933588, -118.2718546858572 34.04413346074655, -118.27460126788846 34.038585929102105, -118.26001005084744 34.030619608080734, -118.24456052692166 34.02393301128323, -118.22619275958768 34.029054707121496, -118.2194979658865 34.034602862100996, -118.22378950031033 34.05238296488775, -118.23872404010525 34.05522743538145, -118.24868039996853 34.06361806723375))"
27603,"POLYGON ((-117.81657958678304 33.55058916384977, -117.80851150206624 33.55867180436387, -117.78216148070393 33.547012532906585, -117.77023101500569 33.563678370458426, -117.75250697783528 33.55287812995459, -117.72391100483685 33.49161736975667, -117.7315928514555 33.48249044847854, -117.81657958678304 33.55058916384977))"
27499,"POLYGON ((-117.80867407729967 33.558517653068876, -117.75642473413579 33.607351660147714, -117.67035809971217 33.691443928582686, -117.58289662815456 33.65837274519935, -117.73172954496073 33.482271097094575, -117.72386463815899 33.49171208240823, -117.7523919432713 33.55281162417863, -117.77031412892379 33.563661482124886, -117.78218525103865 33.54715256102673, -117.80867407729967 33.558517653068876))"
27496,"POLYGON ((-117.96882539717376 33.624688622052794, -117.79707818953216 33.81166433239656, -117.673138675372 33.69177255300215, -117.82008081404388 33.54825361801851, -117.96882539717376 33.624688622052794))"
27498,"POLYGON ((-118.09655020645006 33.72786441276019, -117.86068747451647 33.888755562088534, -117.96746085098131 33.91810547718586, -118.09414694717272 33.85255292523409, -118.09655020645006 33.72786441276019))"
27500,"POLYGON ((-117.598207300072 33.381766580180674, -117.73708290743748 33.47530879521607, -117.57958907485786 33.660982760534345, -117.56680417600684 33.46639019551865, -117.598207300072 33.381766580180674))"
