id,zonepolygon
31488,"POLYGON ((-74.49640839808 39.34717169280382, -74.51408951990618 39.340002883701196, -74.51992600672259 39.32539747968545, -74.50790971033587 39.3141093961696, -74.4821605037929 39.32858437349289, -74.49640839808 39.34717169280382))"
31489,"POLYGON ((-74.52030316119513 39.325765595389164, -74.5076002193006 39.3140791371506, -74.53437939410529 39.30119521094845, -74.54261914019904 39.3065084575932, -74.53008785968146 39.31248537794229, -74.52785626178107 39.32297695885585, -74.52030316119513 39.325765595389164))"
27712,"POLYGON ((-74.43165153519286 39.386624819345876, -74.47134822861327 39.364896079975445, -74.44491237656248 39.34100325125694, -74.39933628098143 39.366223219776195, -74.42650169388426 39.38317521162445, -74.43165153519286 39.386624819345876))"
31487,"POLYGON ((-74.47162003277836 39.36495690911779, -74.49633927105961 39.346772570306385, -74.48191971539555 39.32871628274206, -74.44484085797367 39.341196861594824, -74.47162003277836 39.36495690911779))"
31490,"POLYGON ((-74.43248981333569 39.386612910004075, -74.57462543345288 39.477302884555876, -74.59694141245679 39.468557243612025, -74.57325214243725 39.42322131613208, -74.537546576031 39.39165433851032, -74.47197193003491 39.364850988102525, -74.43248981333569 39.386612910004075))"
