id,zonepolygon
28273,"POLYGON ((-122.37103211899178 37.84012755954919, -122.26370084305184 37.896027075965534, -122.11289166270656 37.75745050741112, -122.21613354063572 37.69729019201926, -122.37103211899178 37.84012755954919))"
28272,"POLYGON ((-122.57101118760765 37.77323651196263, -122.39625990586937 37.819627321215734, -122.30912579438781 37.67170337174134, -122.44821421816205 37.623883069250915, -122.57101118760765 37.77323651196263))"
31138,"POLYGON ((-122.35705994975586 37.65536469263518, -122.44795464885254 37.623828210784794, -122.2576680125 37.387082818693784, -122.14917802226563 37.48576688573943, -122.35705994975586 37.65536469263518))"
28274,"POLYGON ((-122.20208650304912 37.7050769490928, -122.11684717693046 37.75453258442313, -122.00908763218872 37.61307684333695, -122.09508998204224 37.58546745100613, -122.20208650304912 37.7050769490928))"
