id,zonepolygon
161310,"POLYGON((2.4618910692743023 49.25279625939564,2.457427873473521 49.24747372615488,2.463092698912974 49.24596090146056,2.478198900084849 49.24747372615488,2.4912451647332867 49.25234806819663,2.4927042864373883 49.25682979707377,2.489013566832896 49.26287948559579,2.4861811541131695 49.26450381269663,2.4748515032342633 49.262095308548105,2.4678992174676617 49.25823025389871,2.4618910692743023 49.25279625939564))"
