id,zonepolygon
16172,"POLYGON ((-97.76831416458343 30.317285501101782, -97.84590510696624 30.214687488331666, -97.7720907148764 30.151993688932343, -97.65227107376312 30.13262103265986, -97.59047297805999 30.23485972256404, -97.67235545486663 30.293869389844435, -97.76831416458343 30.317285501101782))"
