id,zonepolygon
16173,"POLYGON ((-98.28652095047912 29.511370882588547, -98.35999201981505 29.59857683457636, -98.52478694169005 29.608129073574826, -98.64769648758849 29.582455379844543, -98.7088079377838 29.493442533942154, -98.48461817948302 29.44075966031656, -98.47637843338927 29.4376949916445, -98.48204325882872 29.4273790856951, -98.47998332230529 29.420127423229513, -98.48006915299376 29.41668830956999, -98.48019789902648 29.407454461288477, -98.48047684876403 29.402351185240455, -98.47851347176513 29.394677095680805, -98.48349433390578 29.393730646836726, -98.4948266669937 29.396224111617506, -98.5111800953575 29.39610025773386, -98.5121785476633 29.40257492626976, -98.50776966659507 29.412712857542438, -98.5027599707075 29.41649497278861, -98.50184299050053 29.423469758680053, -98.50061202420076 29.43217114239263, -98.49124181082627 29.437399863489347, -98.48453968295982 29.440761594684243, -98.70945533503001 29.49385439414563, -98.71076241948796 29.42840746929816, -98.69507502762755 29.341522115152994, -98.66565519190058 29.293094579822146, -98.66153531885371 29.23499030183914, -98.57089811182246 29.234391116749354, -98.49468046045527 29.211619485077343, -98.41571622705683 29.221208157588098, -98.35597806787715 29.219410349853558, -98.25916105127558 29.309860805613447, -98.23718839502558 29.397838286928884, -98.29143339014277 29.466611198150805, -98.28652095047912 29.511370882588547))"
88957,"POLYGON ((-98.50067965316258 29.43201869623687, -98.49123827743016 29.437550291497512, -98.48471514510594 29.440689711504795, -98.47664706038914 29.437849288061816, -98.47870699691258 29.432467215186723, -98.48214022445164 29.427383884427844, -98.48025194930516 29.422150778185735, -98.47990862655125 29.409590223386978, -98.48059527205906 29.402412066501125, -98.4775053672739 29.394934280816766, -98.48334185409031 29.393887346941654, -98.49432818221531 29.396280322820758, -98.51166598128758 29.396130763477846, -98.51218096541844 29.402561616605844, -98.50771776961766 29.412730507635768, -98.50273958968602 29.416468814753742, -98.50067965316258 29.43201869623687))"
