id,zonepolygon
80932,"POLYGON ((-94.58825621610661 39.15546522575449, -94.58791289335271 39.13123461153304, -94.60713896757146 39.11125805578947, -94.60645232206365 39.07493676502965, -94.53847441679021 39.07653592138985, -94.51478514677068 39.068539777183894, -94.48560271268865 39.07173834358694, -94.48594603544255 39.10691300589226, -94.49864897733708 39.14047245337378, -94.49624571805974 39.16496607722127, -94.58825621610661 39.15546522575449))"
80933,"POLYGON ((-94.6071844271033 39.074850954664, -94.6064977815955 39.02865962887622, -94.55122281821659 39.02999313521692, -94.50075437339237 39.030259833466005, -94.48496152671268 39.0726520528203, -94.4856600994563 39.071805049690695, -94.5149283642268 39.06853984803232, -94.53870346493481 39.07653599223024, -94.6071844271033 39.074850954664))"
