id,zonepolygon
61705,"POLYGON ((-94.82823142854004 29.311104832367544, -94.79767570344238 29.31155388436116, -94.77759132233886 29.321432528277484, -94.77364311066894 29.32801775948379, -94.76231345979004 29.308560167081474, -94.80402717438965 29.27442558480971, -95.11748084870605 29.056024694595795, -95.14237174836425 29.121278810686835, -94.86393699494629 29.306314821493956, -94.82823142854004 29.311104832367544))"
16175,"POLYGON ((-95.56362763675143 29.939124864862755, -95.55710450442722 29.6596712817798, -95.47024384768895 29.5952090804359, -95.12769356997897 29.520399217534237, -95.09187273144936 29.539435945566083, -95.15230551989963 29.769586943136876, -95.1763595703452 29.8420898656337, -95.20588532718112 29.93436461587846, -95.56362763675143 29.939124864862755))"
