id,zonepolygon
27485,"POLYGON ((-84.25553622447288 31.513072361771105, -84.09668624616994 31.516066961432433, -84.09479797102345 31.59958984984159, -84.25015151716603 31.636719596645182, -84.25553622447288 31.513072361771105))"
27486,"POLYGON ((-83.8111623001953 31.978167184037932, -83.73305637368163 31.986466678818523, -83.46097309121093 31.432554297000703, -83.54474384316406 31.417320089522303, -83.8111623001953 31.978167184037932))"
