id,zonepolygon
161319,"POLYGON((6.726290269854971 43.43376158575129,6.725174470904776 43.43156449643963,6.726934000018545 43.426749319652274,6.731504484179922 43.4235234044343,6.735002084735342 43.427715502348754,6.742576642993399 43.43256176672201,6.738370939258047 43.437127184902856,6.732255502704092 43.438233428932456,6.726290269854971 43.43376158575129))"
