id,zonepolygon
27458,"POLYGON ((-122.51078009737545 48.6956547761966, -122.2498548044067 48.65942566624062, -122.26515658184732 48.99781130912658, -122.85146089198423 48.99962146624553, -122.67694831026607 48.72646473149454, -122.51078009737545 48.6956547761966))"
