id,zonepolygon
31511,"POLYGON ((-86.78929517824395 36.15587965234027, -86.78526113588555 36.15033537844053, -86.77933881838067 36.14728586071694, -86.7799396332 36.13300699624567, -86.77315900881035 36.11707601940699, -86.7799396332 36.11589731125794, -86.79813573915703 36.11638266381503, -86.80680463869317 36.12289996466814, -86.80122564394219 36.13260558005708, -86.79873655397637 36.148547914091694, -86.78929517824395 36.15587965234027))"
31510,"POLYGON ((-86.78895342393358 36.15587086597634, -86.79890978379686 36.14831669514208, -86.80114138169725 36.132651600597924, -86.80697811640233 36.1229457906668, -86.81247128046483 36.1247483517856, -86.82165516413183 36.13667194425253, -86.81822193659276 36.14049349110284, -86.81195629633397 36.14499880877249, -86.79779423273534 36.15213747459638, -86.78895342393358 36.15587086597634))"
31509,"POLYGON ((-86.79253648299351 36.160881035822854, -86.78910325545445 36.155856874733615, -86.7996577425922 36.15126176904676, -86.81141707267788 36.145456831341285, -86.81851956476866 36.14013276265732, -86.8216953002423 36.13680557746276, -86.82298276056945 36.14110316509522, -86.82221028437316 36.147202562716, -86.82263943781554 36.15260845048356, -86.79253648299351 36.160881035822854))"
16178,"POLYGON ((-86.79675450078683 36.185739918431686, -86.80112481109772 36.17917367013816, -86.80103192560784 36.172884015723334, -86.78535720715657 36.15056392335864, -86.77923646170048 36.14730306730785, -86.77995263926539 36.132641227377725, -86.77311571624439 36.11714462980654, -86.67069846928325 36.10437222321749, -86.65741639230504 36.14116421430571, -86.65958383925262 36.16907042901492, -86.77890171758371 36.19183584366268, -86.79675450078683 36.185739918431686))"
31508,"POLYGON ((-86.8013710831653 36.1730606292588, -86.79244469156373 36.16086538216708, -86.82282875528443 36.152549353108455, -86.82282875528443 36.15760837585991, -86.81690643777955 36.16717111615314, -86.80652092447389 36.170289148812614, -86.8013710831653 36.1730606292588))"
