id,zonepolygon
74859,"POLYGON ((-111.91407858864622 40.790230570228985, -111.86086356179075 40.79282983809585, -111.83511435524778 40.77047280925653, -111.82927786843138 40.75070917164201, -111.90858542458372 40.749928907495615, -111.91510855690794 40.7624120351119, -111.91064536110716 40.77177284255147, -111.91133200661497 40.78243215611685, -111.91407858864622 40.790230570228985))"
74862,"POLYGON ((-111.55551823022094 40.71847357096921, -111.51260288598266 40.71496060858571, -111.49989994408813 40.69999591485337, -111.50230320336547 40.691666281040874, -111.54058369042602 40.68971387247062, -111.56650455834594 40.69348847742679, -111.55551823022094 40.71847357096921))"
74861,"POLYGON ((-111.52507088557824 40.668857923053, -111.51236794368371 40.66924853153256, -111.50721810237512 40.66325895009125, -111.48507378474817 40.670029741627694, -111.48301384822473 40.66364959136477, -111.50103829280481 40.654403800898066, -111.48954030029371 40.643437548033354, -111.49615806259483 40.625507109569895, -111.49831262909515 40.622036120509335, -111.50389162384613 40.624772250718884, -111.50041137354575 40.640823096166145, -111.51251350062094 40.65484320738133, -111.52507088557824 40.668857923053))"
74860,"POLYGON ((-112.03678877528677 40.78236613576936, -112.00382979091177 40.78223615431318, -112.00271399196157 40.768196659850645, -112.01747687037954 40.77014676705325, -112.03687460597524 40.77014676705325, -112.03678877528677 40.78236613576936))"
