id,zonepolygon
65026,"POLYGON ((-90.02378581549974 35.139028461806845, -89.9836170532927 35.135097798645916, -89.98293040778489 35.14099372221953, -89.87032054450364 35.10336478497952, -89.87238048102708 35.08847690125339, -89.88302348639817 35.08313907348119, -89.91289256598802 35.07808186180226, -89.9506580689177 35.08285812550121, -89.96542094733567 35.07751993004238, -90.0275623657927 35.07161941291057, -90.05605815436692 35.079486674269965, -90.07425426032395 35.08089146254885, -90.07871745612474 35.09100522406347, -90.07288096930833 35.1244278991966, -90.07260978259616 35.125184081201105, -90.05441367663913 35.124622474034254, -90.05432784595065 35.13416926920039, -90.05218207873874 35.136625983933484, -90.02651870288425 35.13423946207867, -90.02445876636081 35.132133649407656, -90.02378581549974 35.139028461806845))"
65027,"POLYGON ((-90.05890487918631 35.15314686931936, -90.0611364770867 35.19418978868395, -90.00895141849296 35.19250638421824, -89.9399435449578 35.18998121211761, -89.92277740726249 35.193067522915875, -89.88638519534842 35.15293633941499, -89.86715912112967 35.136092182198404, -89.86921905765311 35.103797805230855, -89.8702381368234 35.10333850294548, -89.9830879184075 35.14109834824526, -89.98368873322684 35.13527262423689, -90.02360000336844 35.13913309035855, -90.02248420441825 35.14953220137431, -90.04771842683036 35.15325163842664, -90.05890487918631 35.15314686931936))"
65025,"POLYGON ((-90.05892631590368 35.15316440917019, -90.05803582251073 35.15315563710363, -90.0542485433817 35.15316440917019, -90.0478541570902 35.15321704154982, -90.03520485937597 35.15135734348532, -90.02885875284673 35.15044502323416, -90.02246973097326 35.14948005799124, -90.02444383680822 35.132126275660056, -90.02616045057775 35.13423208852175, -90.05208131849767 35.13661861059273, -90.05431291639806 35.134512859455086, -90.05465623915197 35.124685300720536, -90.07268068373205 35.12524690745417, -90.07491228163244 35.13395131662023, -90.05892631590368 35.15316440917019))"
