id,zonepolygon
107283,"POLYGON ((-81.05126346340528 34.00955890443024, -81.03409732570996 34.01482375663766, -81.01315463772168 34.007993615143576, -80.99495853176465 33.98863856419733, -81.05418170681348 33.969990926901886, -81.0622426365941 33.96784950631351, -81.09073842516833 33.984789559929254, -81.0864468907445 34.00699157571597, -81.05126346340528 34.00955890443024))"
