id,zonepolygon
26811,"POLYGON ((-79.93076239585362 32.851571884384114, -79.91702948569737 32.74635594862943, -80.05161200522862 32.76570074369782, -80.05710516929112 32.87598183915114, -79.93076239585362 32.851571884384114))"
