id,zonepolygon
16187,"POLYGON ((-122.68413372406417 45.48796156204276, -122.52440281280929 45.487600526569246, -122.52714939484054 45.566491880815285, -122.59500228807623 45.59596376799455, -122.77117351016933 45.604287271619064, -122.72306167528326 45.53659617380395, -122.68688030609542 45.490970100998325, -122.68945522674971 45.51425075714064, -122.68726654419356 45.518069790366965, -122.68542118439132 45.52170815572035, -122.68615074524337 45.52294093689491, -122.6654440916484 45.52349718297098, -122.66918845543319 45.512769684354, -122.66730554470473 45.50954050982819, -122.67082594403678 45.507522651599494, -122.6740888513034 45.50514379801865, -122.6816003776496 45.505877860361416, -122.68880495870167 45.51121773481156, -122.68940057674104 45.514211522371156, -122.68913269111567 45.51141779550441, -122.68792066791707 45.4996006603795, -122.68679967218691 45.49065268421731, -122.68413372406417 45.48796156204276))"
61416,"POLYGON ((-122.6861903507846 45.523112367279474, -122.66541932417327 45.52341304060086, -122.66696427656585 45.5192034678699, -122.66911004377776 45.512708080674734, -122.66739343000823 45.50958040462853, -122.67134164167815 45.50723453353219, -122.6740882237094 45.505129181359166, -122.68138383222991 45.50585102526032, -122.6887652714389 45.511204411961806, -122.68936608625823 45.51457257408542, -122.68636201216155 45.51962443931623, -122.68541787458831 45.52172924930377, -122.6861903507846 45.523112367279474))"
