id,zonepolygon
80929,"POLYGON ((-78.79376065198097 35.84989926008896, -78.768011445438 35.89274305260665, -78.7735046095005 35.900530343815866, -78.80818020764504 35.876331609982586, -78.90019070569191 35.85991676680785, -78.87407910232662 35.82413469853171, -78.87098919754146 35.79921649077131, -78.85759961013912 35.789469813625274, -78.83940350418209 35.79281166618604, -78.80558621292232 35.832763762765175, -78.79376065198097 35.84989926008896))"
80930,"POLYGON ((-78.6061996004065 35.816223501175074, -78.57993540973267 35.79111743859073, -78.57718882770142 35.76131365846455, -78.60310969562134 35.756298840801065, -78.63589701861939 35.75295545342865, -78.70046077042217 35.78459204648241, -78.69256434708232 35.80492072435464, -78.6908477333128 35.81550071736806, -78.68123469620342 35.82997631819505, -78.6637252357542 35.83776977898412, -78.63007960587139 35.832203099389986, -78.6061996004065 35.816223501175074))"
80931,"POLYGON ((-78.95361366386565 36.01642274458818, -78.94743385429534 36.024197851513165, -78.93507423515472 36.02864042531483, -78.91996803398284 36.02864042531483, -78.90966835136565 36.02086575676679, -78.88700904960784 36.01336802841445, -78.86743965263518 36.013645734776944, -78.85233345146331 35.974757325394336, -78.86709632988128 35.966143728000205, -78.91035499687347 35.966421600649554, -78.95876350517425 35.99587055521389, -78.95361366386565 36.01642274458818))"
