id,zonepolygon
80918,"POLYGON ((-111.24423455136493 45.8092423288229, -111.22689675229266 45.81713909587669, -111.16424034970477 45.7905727919491, -111.13282631772235 45.769142987973865, -111.16063546078875 45.755251118939945, -111.20200585263446 45.771814410248346, -111.2267250909157 45.76223463989377, -111.2483544244118 45.78749773150964, -111.23633812802508 45.79958644080574, -111.24423455136493 45.8092423288229))"
80919,"POLYGON ((-111.0601467986511 45.716987362027076, -111.01105164484251 45.68437742854614, -111.01414154962767 45.67502254144101, -111.02787445978392 45.66530619550475, -111.06838654474485 45.66566609024783, -111.06970807044726 45.71011909083371, -111.0601467986511 45.716987362027076))"
