id,zonepolygon
165398,"POLYGON((-111.42653609547837 45.31737305695112,-111.41520644459946 45.254328082263235,-111.38671065602524 45.21975648829528,-111.29744674000962 45.06380277586284,-111.19582320485337 45.07253194230266,-111.1099925163768 45.07932037234258,-111.13951827321274 45.21975648829528,-111.142264855244 45.32413234096483,-111.2576213005565 45.36274135174182,-111.42653609547837 45.31737305695112))"
165399,"POLYGON((-110.7587070979421 45.704263960689126,-110.77999310868428 45.65293100975109,-110.72918134110616 45.598188011991425,-110.5451603450124 45.59194199373691,-110.4675694026296 45.67020716594492,-110.47786908524678 45.7330281856605,-110.7587070979421 45.704263960689126))"
80918,"POLYGON((-111.24423455136493 45.8092423288229,-111.22689675229266 45.81713909587669,-111.16424034970477 45.7905727919491,-111.13282631772235 45.769142987973865,-111.16063546078875 45.755251118939945,-111.19505356686786 45.752114220839616,-111.2267250909157 45.76223463989377,-111.2483544244118 45.78749773150964,-111.23633812802508 45.79958644080574,-111.24423455136493 45.8092423288229))"
80919,"POLYGON((-111.0601467986511 45.716987362027076,-111.01105164484251 45.68437742854614,-111.01414154962767 45.67502254144101,-111.02787445978392 45.66530619550475,-111.06838654474485 45.66566609024783,-111.06970807044726 45.71011909083371,-111.07036065057981 45.724238088745764,-111.0601467986511 45.716987362027076))"
165400,"POLYGON((-111.83090289700165 45.404113295159874,-111.63314899075165 45.40989814062055,-111.60019000637665 45.07339778740267,-111.82540973293915 45.063698778224186,-111.88583453762665 45.22448923668787,-111.83090289700165 45.404113295159874))"
165401,"POLYGON((-111.16256518603731 44.84298974892261,-111.21063037158419 44.70357940727097,-111.15707202197481 44.62739555943242,-111.05407519580294 44.61957617037934,-110.98266406299044 44.67624287903847,-110.97854418994356 44.841042274427906,-111.16256518603731 44.84298974892261))"
