id,zonepolygon
26867,"POLYGON ((-90.17658899477107 38.73227559034354, -90.32375385820158 38.73053474853836, -90.3219054485277 38.52757028377159, -90.17599927756052 38.527851280560995, -90.17658899477107 38.73227559034354))"
