id,zonepolygon
16214,"POLYGON ((-93.31189304951171 45.002566979676146, -93.30708653095702 44.94003177859108, -93.05783421162108 44.936629400537285, -93.0585208571289 44.992500060674665, -93.31189304951171 45.002566979676146))"
