id,zonepolygon
86133,"POLYGON ((-85.65613841613757 42.972036290499325, -85.6717596014403 42.97178508537251, -85.68377589782702 42.97354349971348, -85.67811107238757 42.97253869767488, -85.67811107238757 42.962112907822466, -85.68429088195788 42.955077641656956, -85.69579219421374 42.945402837280625, -85.6061849554442 42.94665939130723, -85.6329641302489 42.97316670087283, -85.65613841613757 42.972036290499325))"
