id,zonepolygon
163143,"POLYGON((-13.853808280363106 28.72658150649744,-13.871060248746895 28.723344978468347,-13.873549338712715 28.72296863149715,-13.876810904874825 28.72454927967258,-13.870888587369942 28.74170906431693,-13.871317740812325 28.74298840906432,-13.86719786776545 28.745772811120975,-13.865567084684395 28.74547179826055,-13.863850470914864 28.74313891918105,-13.864365455045723 28.742311110855532,-13.866511222257637 28.740053418446518,-13.867369529142403 28.738473004731528,-13.867026206388497 28.73764515943568,-13.867627021207833 28.735914188986595,-13.86694037570002 28.734860540761446,-13.866768714323067 28.73373162015986,-13.864966269865059 28.733430572606473,-13.86196219576838 28.730420049377273,-13.859730597867989 28.732075847884637,-13.858271476163887 28.732226373720916,-13.853808280363106 28.72658150649744))"
163146,"POLYGON((-14.326487459709165 28.059002897267487,-14.322453417350767 28.054761235602367,-14.320050158073423 28.060669218558463,-14.317689814140317 28.060252640657517,-14.317217745353696 28.061313017593314,-14.312239565422056 28.061047924340105,-14.31490031676483 28.057147190882723,-14.319320597221372 28.05396590540821,-14.321251787712095 28.050405783859645,-14.322324671318052 28.049042301837275,-14.328204073478696 28.056654855240378,-14.326487459709165 28.059002897267487))"
163145,"POLYGON((-13.877425258619821 28.40267704470375,-13.87369162367109 28.401997552108565,-13.873734539015329 28.400940554965945,-13.872189586622751 28.400223300899942,-13.871288364393747 28.401431304950588,-13.86420733259443 28.399808046326935,-13.862748210890329 28.402224050124477,-13.863391941053903 28.39867552558426,-13.862834041578806 28.39742973878802,-13.863048618299997 28.396410447789243,-13.862834041578806 28.395240138627347,-13.862791126234567 28.3945983506973,-13.862876956923044 28.393692290533146,-13.874850337965524 28.39527789073751,-13.881073062880075 28.39829801598041,-13.877425258619821 28.40267704470375))"
163144,"POLYGON((-14.234208570278252 28.163838347159594,-14.23249195650872 28.167016375525073,-14.226054654872978 28.17284251571821,-14.221891866481865 28.174488153695865,-14.217900739467705 28.170383469266152,-14.216656194484795 28.166959625846232,-14.220561490810478 28.164141020594005,-14.225453840053643 28.158692767806,-14.22974537447747 28.15036851278756,-14.233865247524346 28.145827737266437,-14.241933332241143 28.151125289988393,-14.234466062343682 28.160660224416215,-14.234208570278252 28.163838347159594))"
