id,zonepolygon
96295,"POLYGON ((-84.38128982462158 39.19218049497499, -84.35476814188232 39.190384393631476, -84.35459648050536 39.17960682156852, -84.35639892496337 39.159976751601064, -84.38240562357177 39.1540533834578, -84.39691100992431 39.15911157162433, -84.39776931680908 39.17296620209843, -84.38583885111083 39.192326561760325, -84.38128982462158 39.19218049497499))"
