id,zonepolygon
237367,"POLYGON((-84.73020604828038 39.13855965716342,-84.7370725033585 39.13003790601207,-84.73432592132725 39.11991698708607,-84.73432592132725 39.114589603571225,-84.7150998471085 39.09434187287036,-84.70892003753819 39.08155083603123,-84.764538323671 39.08847960226093,-84.7590451596085 39.016493872529516,-84.70754674652257 38.944968827108255,-84.6931271908585 38.942832640614476,-84.6931271908585 38.918261869939684,-84.63201574066319 38.896889064347775,-84.61141637542882 38.89902663446785,-84.63064244964757 38.92841169827839,-84.621716058046 38.94924100699574,-84.61553624847569 38.972733393816675,-84.59699681976475 38.965492878435626,-84.58944371917882 38.98631129191541,-84.57983068206944 39.00125407059743,-84.58051732757725 39.00979138464184,-84.56592214904703 39.03139192419728,-84.56781042419351 39.03365878237086,-84.55819738708414 39.03792561226825,-84.55424917541421 39.04179220431863,-84.55115927062906 39.050324624176014,-84.73020604828038 39.13855965716342))"
