id,zonepolygon
32165,"POLYGON ((-86.26945069499742 39.92537643664158, -86.27563050456773 39.867955663868926, -86.28661683269273 39.794133647739145, -86.27013734050523 39.698574773457345, -86.22550538249742 39.68008124843856, -86.06483033366929 39.70068800373684, -86.03324464030992 39.73449088728513, -86.02775147624742 39.76036002118702, -86.02775147624742 39.79888173471126, -86.02637818523179 39.82894533969629, -86.04423096843492 39.85688741928357, -86.04423096843492 39.887979377394934, -86.05590394206773 39.90536364824981, -86.10190919109117 39.923796692282615, -86.16851380534898 39.932748095018724, -86.26945069499742 39.92537643664158))"
32162,"POLYGON ((-86.52063084571661 39.19054712998205, -86.4983148667127 39.176708990483775, -86.49591160743536 39.1673933242903, -86.47187901466192 39.16712714426604, -86.46947575538458 39.143433087827404, -86.49968815772833 39.12053012829405, -86.53367711036505 39.11829549930186, -86.54054356544317 39.13134618690538, -86.5697259995252 39.13454190507324, -86.57384587257208 39.16595874184492, -86.55770970313849 39.187516417964204, -86.52063084571661 39.19054712998205))"
32164,"POLYGON ((-86.12048212868334 39.99690137069664, -86.1074358640349 39.98638006344796, -86.10674921852709 39.92216499808121, -86.16580073219896 39.93480223350914, -86.16614405495287 39.98690616730156, -86.12048212868334 39.99690137069664))"
32163,"POLYGON ((-86.92793007499726 40.453536078080596, -86.9025241912082 40.452491088348154, -86.89582939750703 40.44922539069246, -86.89874764091523 40.42152589598834, -86.91660042411836 40.40714902039693, -86.95419426567109 40.41420714316916, -86.93479653007539 40.42518497384128, -86.92793007499726 40.453536078080596))"
111421,"POLYGON ((-86.93782438744964 40.4613196688031, -86.93406929482879 40.46121355006957, -86.93278183450164 40.45900950770764, -86.9377814721054 40.458487057435065, -86.93782438744964 40.4613196688031))"
