id,zonepolygon
31592,"POLYGON ((-88.05316191395319 42.200270714227344, -88.05865507801569 42.375010165404746, -87.67962675770319 42.37298109688017, -87.67413359364069 42.21044325463176, -88.05316191395319 42.200270714227344))"
31585,"POLYGON ((-87.89077029326505 41.99130902944499, -87.89042697051114 42.06348212660992, -87.89180026152677 42.077754017194565, -87.6075290212924 42.07826366822406, -87.60340914824552 41.9936055483599, -87.89077029326505 41.99130902944499))"
31591,"POLYGON ((-88.0600283271218 42.19467511883375, -88.3621523505593 42.189587783981914, -88.36077905954367 41.869283165115064, -88.05041529001242 41.87132842818367, -88.0600283271218 42.193657684621115, -88.0600283271218 42.19467511883375))"
31588,"POLYGON ((-88.04492212594992 41.703399580982264, -88.04492212594992 41.48978418431159, -87.24841333688742 41.49801323275098, -87.25939966501242 41.70750063939405, -88.04492212594992 41.703399580982264))"
31590,"POLYGON ((-88.05316187204367 41.86723783660792, -88.3456728583718 41.86621514781494, -88.35253931344992 41.472293985355996, -88.0490419989968 41.47332295125782, -88.05316187204367 41.86723783660792))"
31589,"POLYGON ((-88.04855579713715 41.86706949158602, -88.04477924684419 41.70579400411422, -87.43812794069184 41.71117638917933, -87.44224781373872 41.77931425861605, -87.44487873512618 41.86850127973087, -88.04775349098556 41.86441050724677, -88.04855579713715 41.86706949158602))"
31586,"POLYGON ((-87.89042697051114 42.07979259675398, -87.8931735525424 42.20198750739276, -87.61164889433927 42.20402209122734, -87.61027560332364 42.07979259675398, -87.89042697051114 42.07979259675398))"
31584,"POLYGON ((-87.89111361601896 41.99054350472694, -87.88630709746427 41.868452320719534, -87.5965426931674 41.871008922558595, -87.60409579375333 41.99309521798393, -87.89111361601896 41.99054350472694))"
31587,"POLYGON ((-87.88974032500333 41.86896364926717, -88.0476687918002 41.86742965135455, -88.05522189238614 42.19537465745195, -87.89454684355802 42.1984268280308, -87.88974032500333 41.86896364926717))"
