id,zonepolygon
80934,"POLYGON ((-106.834224642625 39.19548574873235, -106.83147806059375 39.19941021840583, -106.8082179440166 39.194887081546106, -106.79748910795703 39.182247361587756, -106.7980040920879 39.17679162232973, -106.80718797575489 39.17719083711943, -106.83010476957813 39.18929927517127, -106.834224642625 39.19548574873235))"
