id,zonepolygon
16268,"POLYGON ((-150.02646892307166 61.16440790896851, -149.92132632968787 61.22094545686969, -149.86759631870154 61.2216892395982, -149.86579387424354 61.16407673951478, -150.02646892307166 61.16440790896851))"
