id,zonepolygon
83740,"POLYGON ((13.524953473568567 52.509931506492514, 13.507776607037195 52.510643251770375, 13.490599740505823 52.51208629626805, 13.456932652950892 52.515703493662365, 13.439069140911707 52.517250831937794, 13.42876409387649 52.518651224033235, 13.421892274380335 52.520364929848746, 13.39157258367599 52.53126579770309, 13.352519620419153 52.502486874333975, 13.27145253515304 52.47243432031636, 13.301042665005335 52.445317147918644, 13.340932477474817 52.409885397956884, 13.40702210760177 52.39962214472784, 13.59207307195724 52.39396586241033, 13.525210965633997 52.509931506492514, 13.524953473568567 52.509931506492514))"
83764,"POLYGON ((13.421519091327955 52.55356399288109, 13.352339556415846 52.5026001773376, 13.27131538649397 52.47249541769747, 13.209688952167799 52.50124172596928, 13.244707873066236 52.524851902531715, 13.283911040027906 52.53032169827532, 13.291871836384107 52.533493606635325, 13.326332857807447 52.53795738583312, 13.369162371357252 52.55919979783965, 13.421519091327955 52.55356399288109))"
83765,"POLYGON ((13.421680641918421 52.55346826699877, 13.3917257316401 52.53136157201411, 13.407389832287073 52.525735246596874, 13.415436459331751 52.52281736713861, 13.419116450100184 52.521488917093166, 13.422538948803187 52.52036933217509, 13.428718758373499 52.51885474623832, 13.441292954235315 52.51731399317769, 13.458212328701258 52.51570136748754, 13.4751317031672 52.51393198132975, 13.505923462658167 52.51088925403428, 13.524849129467249 52.510079565788644, 13.52158756330514 52.54595271784958, 13.421680641918421 52.55346826699877))"
