id,zonepolygon
32511,"POLYGON ((121.89735588179519 11.989766794509602, 121.93263229475906 11.930569732714197, 121.94756683455398 11.94047879571569, 121.95091423140457 11.94770042690421, 121.94902595625808 11.948540138963342, 121.94806036101272 11.949001979485809, 121.94782432661941 11.951563080811448, 121.95245918379715 11.955761555148733, 121.92610916243484 12.007397454386615, 121.89735588179519 11.989766794509602))"
32510,"POLYGON ((121.94937593875791 11.938906972786933, 121.94770224033262 11.920180110191813, 121.96538336215879 11.922153629750701, 121.96958906589414 11.926604493513505, 121.96186430393125 11.937059537122158, 121.95443994937803 11.940796382598057, 121.94937593875791 11.938906972786933))"
