id,zonepolygon
32499,"POLYGON ((121.94888234548577 11.939312797478195, 121.94746613912591 11.919578204211629, 121.96381688528069 11.922370526419066, 121.96862340383538 11.926716414346469, 121.96182132177361 11.937276421869207, 121.95448279790887 11.939816640628106, 121.94888234548577 11.939312797478195))"
