id,zonepolygon
27640,"POLYGON ((40.14810915538639 43.68749608813747, 40.188277917593425 43.718769047992886, 40.242179589956706 43.71330986545835, 40.269645410269206 43.663161396652384, 40.16733522960514 43.63583519250862, 40.14810915538639 43.68749608813747))"
16320,"POLYGON ((39.80878466250556 43.537540533687284, 39.8002015936579 43.551227524564645, 39.78303545596259 43.570384091041646, 39.776683985015325 43.577597322791725, 39.762436090728215 43.59152387693885, 39.75610990966641 43.61128254106084, 39.76160307372891 43.61898796695117, 39.767141962973255 43.62537809497452, 39.7640520581881 43.63084528158462, 39.75478234383263 43.6317150154232, 39.747915888754505 43.633205958435845, 39.75735726448693 43.64538060855027, 39.74980416390099 43.646622781079586, 39.73710122200646 43.63780279987993, 39.71871615201758 43.643748414069485, 39.70944643766211 43.64511483956502, 39.702579982583984 43.64275463055098, 39.695541866128906 43.64337574717656, 39.67005405059513 43.65008339754489, 39.66078433623966 43.64523905852341, 39.69905415779476 43.60103261079058, 39.70866719490414 43.57032015521756, 39.790994830705586 43.538050252939655, 39.80878466250556 43.537540533687284))"
