id,zonepolygon
32499,"POLYGON ((121.94888234548577 11.939312797478195, 121.94746613912591 11.919578204211629, 121.96381688528069 11.922370526419066, 121.96862340383538 11.926716414346469, 121.96182132177361 11.937276421869207, 121.95448279790887 11.939816640628106, 121.94888234548577 11.939312797478195))"
108171,"POLYGON ((121.94396853857049 11.938166979348416, 121.93542838506707 11.936529475717597, 121.92697406225213 11.938838772847479, 121.89624667577752 11.992073104287675, 121.92920566015252 12.006345510051972, 121.95838809423455 11.947571936745256, 121.94396853857049 11.938166979348416))"
