id,zonepolygon
115234,"POLYGON((115.25691739470518 -8.512135705759244,115.25659016520537 -8.512915587955206,115.25801173598326 -8.51297925173779,115.2581082955078 -8.512241812273844,115.25691739470518 -8.512135705759244))"
