id,zonepolygon
27506,"POLYGON ((-60.92206530153968 13.772034006029948, -60.93777231753089 13.705167247598038, -60.99759630739906 13.703999828150497, -60.99283270418861 13.769616463426528, -60.92206530153968 13.772034006029948))"
27507,"POLYGON ((-61.05236745737531 13.96332336290048, -60.99992490671613 13.948246578944914, -60.954177149758124 14.008714348512546, -60.9831879224632 14.050682617022892, -61.05236745737531 13.96332336290048))"
27509,"POLYGON ((-60.97350583923832 14.087246250191951, -60.92664228333012 14.068847384058492, -60.923717253902325 14.106143089580758, -60.9523847038535 14.113468315445516, -60.97350583923832 14.087246250191951))"
16327,"POLYGON ((-61.086700134512284 13.877874085339034, -61.02644699120174 13.864041686419148, -61.027133636709536 13.817372095931493, -61.077859573599184 13.809971383533922, -61.086700134512284 13.877874085339034))"
27508,"POLYGON ((-60.985282619065714 14.054097231898206, -60.95395441777177 14.008798494240933, -60.92520113713212 14.067959853008453, -60.957301814622355 14.08048960720042, -60.985282619065714 14.054097231898206))"
