id,zonepolygon
16330,"POLYGON ((-60.9768669919963 14.066061163176617, -60.94991615581466 14.059067455322129, -60.93875816631271 14.059733531949137, -60.925368578910366 14.087873496626262, -60.91626481074303 14.093805395765104, -60.91883973139733 14.104460768441745, -60.932667027943694 14.111786048366925, -60.95154977940854 14.11278493193569, -60.97317911290463 14.097301744784781, -60.9768669919963 14.066061163176617))"
16332,"POLYGON ((-60.97715411577349 14.066215737348232, -60.950031618214894 14.058972255153698, -60.95131907854204 14.032010252993294, -60.9491852365519 14.01508422987185, -60.98592077121987 13.976107905599637, -61.031926020243304 13.994597498687405, -60.97715411577349 14.066215737348232))"
16334,"POLYGON ((-61.06918473076985 13.908485990236313, -61.02352280450032 13.88349037822357, -61.014596412898754 13.860825359971816, -61.0115065081136 13.857492082362533, -60.99056382012532 13.879490830039147, -60.97717423272297 13.858158741711772, -60.988847206355786 13.843491794134549, -61.014596412898754 13.824490054620455, -61.05704843619378 13.80366112661936, -61.074279685882914 13.792126675172948, -61.08354940023838 13.82113273732152, -61.094192405609476 13.883466865706444, -61.06918473076985 13.908485990236313))"
16331,"POLYGON ((-61.04177716899824 13.959819073210307, -61.01293805767011 13.952822128938287, -61.012594734916206 13.94332593644255, -60.9931969993205 13.933995963257747, -60.99130872417402 13.924998846395921, -60.98358396221113 13.921333253899421, -60.98598722148847 13.90653641397552, -61.02117780376386 13.898371408668018, -61.060316597709175 13.934028700366687, -61.04177716899824 13.959819073210307))"
16333,"POLYGON ((-61.03180198486734 13.99446615325034, -61.00622443970133 13.984305383821358, -61.01360587891031 13.952487614581974, -61.041243360599765 13.959484569005905, -61.03180198486734 13.99446615325034))"
