id,zonepolygon
107282,"POLYGON ((-76.68395454819799 39.3101947472684, -76.73682625229955 39.34963090853983, -76.72360832627416 39.38519730940696, -76.65769035752416 39.40018816099308, -76.64206917222143 39.41530841103551, -76.58869312273812 39.40948113335254, -76.57169864641976 39.40231871977262, -76.55933902727914 39.39688009966484, -76.54732273089242 39.39515557060209, -76.5356497572596 39.387328326012415, -76.52020023333382 39.37591754936826, -76.50509403216195 39.35428502893971, -76.4855246351893 39.32547550960495, -76.49771259295296 39.31485149327606, -76.526895027035 39.31219523708262, -76.52775333391975 39.31591396751766, -76.6747813032801 39.31491789838886, -76.68395454819799 39.3101947472684))"
16339,"POLYGON ((-76.99301006043812 38.86918491776809, -76.98614360536 38.896177544555506, -77.00708629334828 38.93865010622228, -77.12244273866077 38.93224078251385, -77.10368848536905 38.9183992900972, -77.08686567042764 38.90530923564635, -77.07004285548624 38.9029046775081, -77.05089569091797 38.884886447235864, -77.03193402980264 38.86709384657679, -77.02939356020096 38.863511400812804, -77.02767694643143 38.86030341852184, -77.02013255799672 38.85956130466008, -76.99301006043812 38.86918491776809))"
107429,"POLYGON ((-76.62049707733077 39.256644660200905, -76.57517847381514 39.25504959352551, -76.54668268524092 39.22659814433404, -76.59062799774092 39.18083892443652, -76.63937982879561 39.145967430357764, -76.71353754363936 39.14436984869224, -76.76778253875655 39.171257641014094, -76.82649072967452 39.2010617904416, -76.74924311004561 39.2401605547212, -76.7379134591667 39.27020126175467, -76.71250757537764 39.278971783183955, -76.66804727874678 39.26780911082944, -76.62496027313155 39.25504959352551, -76.61569055877608 39.25611297534113, -76.62049707733077 39.256644660200905))"
16341,"POLYGON ((-76.5290289339519 39.235617230059034, -76.52799896569019 39.315746635245134, -76.67339615196948 39.31468415846243, -76.71322159142261 39.28080925791084, -76.62430099816089 39.25635601255082, -76.60284332604175 39.25848272042518, -76.5722876009441 39.25795104950471, -76.55512146324878 39.251171891836336, -76.5290289339519 39.235617230059034))"
