id,zonepolygon
16338,"POLYGON ((-77.03391050698295 38.79033087205867, -77.07286227407805 38.79957013186377, -77.10942614736906 38.80318218226709, -77.13775027456633 38.79622547749941, -77.13517535391203 38.8186442165136, -77.12865222158781 38.832953731012324, -77.09818232717863 38.834959507860376, -77.08599436941496 38.82653486526111, -77.08359111013762 38.84217983648063, -77.06870702939979 38.84417412465914, -77.06295637327186 38.84437467326431, -77.05591825681678 38.84116582774707, -77.04270033079139 38.8400293269245, -77.03391050698295 38.79033087205867))"
16341,"POLYGON ((-76.52851394982105 39.21221226792585, -76.52782730431323 39.37004425919006, -76.71322159142261 39.37269831790089, -76.71322159142261 39.28080925791084, -76.61434463829761 39.23348982872483, -76.58344559044605 39.20635980803285, -76.54362015099292 39.19678200350243, -76.52851394982105 39.21221226792585))"
16342,"POLYGON ((-76.46653232764007 39.04379897044211, -76.4657013683678 39.02734280820476, -76.49145057491077 39.01507314090478, -76.51101997188343 39.00733682155984, -76.5316193371178 39.020141305077345, -76.56045844844593 39.019341092779584, -76.58449104121937 39.01533989544388, -76.59376075557483 38.998799211276335, -76.5645783214928 38.976916882439824, -76.54638221553577 38.96103461635599, -76.51651313594593 38.94835294024976, -76.51119163326038 38.92698919864961, -76.46329810909046 38.90508468440142, -76.44382963023199 38.93668139476826, -76.44863614878668 38.94722910497706, -76.38948440551758 39.01184797256377, -76.39395133541387 39.029822808749174, -76.4316460950808 39.054165873609286, -76.44773864208177 39.05652847846239, -76.46653232764007 39.04379897044211))"
16340,"POLYGON ((-76.8035831587901 39.002263694233015, -76.76410104209089 38.88971672725741, -76.66374987983608 38.90472628602365, -76.6922456684103 38.96134389774447, -76.74633408957624 39.03222995827227, -76.8035831587901 39.002263694233015))"
16339,"POLYGON ((-77.01669933045764 38.803932704869574, -76.90958263123889 38.894307099179244, -77.04004527772327 38.996307949134405, -77.12244273866077 38.93224078251385, -77.10368848536905 38.9183992900972, -77.08686567042764 38.90530923564635, -77.07004285548624 38.9029046775081, -77.05089569091797 38.884886447235864, -77.03193402980264 38.86709384657679, -77.03351343324783 38.81992394015451, -77.03076685121658 38.799324259988566, -77.01669933045764 38.803932704869574))"
