id,zonepolygon
26783,"POLYGON ((-90.0368343079724 30.040287119687637, -89.9362836564221 30.070411740249586, -89.98331887370726 29.842597527188406, -90.07000786906859 29.844012051451617, -90.0368343079724 30.040287119687637))"
27750,"POLYGON ((-90.17176453466797 30.4546368231404, -90.07600077510072 30.425634948980527, -90.07466555856934 30.488983733225698, -90.11663676523438 30.511835491968494, -90.17176453466797 30.4546368231404))"
27577,"POLYGON ((-90.03758235204822 30.034864004402355, -90.4636262321036 30.096515590838436, -90.3900693320792 29.92371244665852, -90.05930339689012 29.909529162527633, -90.03758235204822 30.034864004402355))"
26782,"POLYGON ((-89.82740754119078 30.317187558723045, -89.84817856780211 30.262417655789374, -89.7874104403607 30.2086926719567, -89.73282212248961 30.307258503877847, -89.82740754119078 30.317187558723045))"
