id,zonepolygon
16345,"POLYGON ((44.63219891942572 43.03722781985532, 44.67477094091009 43.05127874873978, 44.703953374992125 43.041744540819835, 44.70635663426947 43.017651520292205, 44.692967046867125 43.008112087051515, 44.642498602042906 43.00560146361058, 44.63219891942572 43.03722781985532))"
