id,zonepolygon
61723,"POLYGON ((-79.10588031647694 -8.115239152477491, -79.07274967072499 -7.998471851722362, -79.00425678132069 -7.998471851722362, -78.88872867463124 -8.106232105154662, -78.98176914093983 -8.250490397412902, -79.10588031647694 -8.115239152477491))"
