id,zonepolygon
61724,"POLYGON ((-71.47243186143577 -16.324385185717716, -71.47002860215842 -16.323726220696795, -71.40754386094748 -16.423863384916277, -71.4799849620217 -16.5726561279684, -71.60564108995139 -16.47918024120353, -71.65473624375998 -16.400810044547747, -71.55019446519553 -16.333280996214427, -71.47243186143577 -16.324385185717716))"
