id,zonepolygon
16545,"POLYGON ((73.72969660258082 24.66184768325421, 73.67339167094019 24.650614926158138, 73.63493952250269 24.621904400449612, 73.62944635844019 24.573206265883396, 73.65691217875269 24.492000646348696, 73.72008356547144 24.490750919004142, 73.77501520609644 24.516992584861406, 73.80797419047144 24.573206265883396, 73.79286798929957 24.61441361325602, 73.72969660258082 24.66184768325421))"
