id,zonepolygon
32740,"POLYGON ((18.56172324696417 53.05987337562281, 18.587815776261046 53.05822270277336, 18.642747416886046 53.046666221933286, 18.697679057511046 53.060698688331286, 18.747117534073546 53.049968389843464, 18.719651713761046 53.0086731040514, 18.73201133290167 52.98222336777318, 18.66883994618292 52.95493010692454, 18.57270957508917 52.9739545025383, 18.54249717274542 53.00371501250321, 18.56172324696417 53.05987337562281))"
32738,"POLYGON ((18.580163846467492 54.470057640327965, 18.526605496858117 54.44610888528714, 18.521112332795617 54.33095971412071, 18.582910428498742 54.29090176169179, 18.696893582795617 54.29811507077328, 18.810876737092492 54.35497577336895, 18.742212186311242 54.42374407015431, 18.580163846467492 54.470057640327965))"
26861,"POLYGON ((21.094835757017734 52.266119296563645, 21.095101348047102 52.22292526731066, 21.041135203703426 52.15709176276725, 20.884706291015636 52.15567914326709, 20.87373590350211 52.27410282390136, 20.99252557635367 52.29888461386847, 21.059816836119296 52.28124476128201, 21.094835757017734 52.266119296563645))"
32741,"POLYGON ((16.833001293991078 52.47956314242806, 16.883813061569203 52.49461567968768, 16.956597485397328 52.45530099618724, 17.032128491256703 52.38746345148546, 16.975823559616078 52.348891946521086, 16.907159008834828 52.30860750550832, 16.727257885787953 52.360634665578026, 16.773949780319203 52.40757434672262, 16.867333569381703 52.42013900225785, 16.833001293991078 52.47956314242806))"
32739,"POLYGON ((19.86479732138839 50.094649080258776, 19.92247554404464 50.132516908504265, 20.022725788185266 50.12019113595625, 20.121602741310266 50.10786218905808, 20.121602741310266 50.08231355713743, 20.07628413779464 50.067330439036304, 20.05156489951339 50.03735015609941, 20.06255122763839 50.02147065832633, 20.036458698341516 49.99764156657331, 19.989766803810266 49.9905788258964, 19.978780475685266 49.974683866460666, 19.934835163185266 49.9658510640293, 19.92522212607589 50.014411418403554, 19.855184284279016 50.00470326993616, 19.827718463966516 50.067330439036304, 19.86479732138839 50.094649080258776))"
