id,zonepolygon
16548,"POLYGON ((168.7793004512787 -44.98228514092375, 168.8077962398529 -44.99782485158902, 168.7027394771576 -45.06139661413673, 168.61015498638153 -45.04356967657019, 168.66251170635223 -45.01603008837315, 168.7208765745163 -45.006806824851665, 168.7587010860443 -44.99054113680792, 168.7793004512787 -44.98228514092375))"
