id,zonepolygon
32216,"POLYGON((23.765625221313496 44.35612251523447,23.77626822668459 44.34660944700334,23.804592353881855 44.35535538955486,23.81497786718752 44.36905474218787,23.828067047180195 44.36559568950803,23.832380039276142 44.36030700900795,23.819087011398334 44.3563123772899,23.842996222557087 44.33897006439078,23.854545814575214 44.31818379646902,23.868021232666035 44.28578141089324,23.811029655517597 44.28111153643813,23.786047560752888 44.29133216442781,23.760378820480366 44.30769337047,23.75504658895876 44.32419393093961,23.74026225286867 44.32820802006948,23.726266486228962 44.3400779085137,23.729436857284565 44.35096340171752,23.74951050955202 44.343762898253665,23.74502585607912 44.36324096252025,23.765625221313496 44.35612251523447))"
