id,zonepolygon
32216,"POLYGON ((23.760475380004902 44.352440220384516, 23.83291648107912 44.35231747323801, 23.83368895727541 44.29561151214609, 23.760217887939472 44.29561151214609, 23.760475380004902 44.352440220384516))"
