id,zonepolygon
16617,"POLYGON ((76.51934654996728 12.299934832034547, 76.6250899581704 12.179148028735277, 76.78301842496728 12.266388486859432, 76.73632653043603 12.380428569453132, 76.61685021207666 12.413960311510753, 76.51934654996728 12.299934832034547))"
