id,zonepolygon
16618,"POLYGON ((83.21473068214982 17.76111635537251, 83.15911239601701 17.715336265868554, 83.13233322121232 17.67150723287277, 83.15087264992326 17.622432209613155, 83.23601669289201 17.586435369137213, 83.37403243996232 17.71860666017121, 83.34656661964982 17.760462436506383, 83.26966232277482 17.7709248514528, 83.21473068214982 17.76111635537251))"
