id,zonepolygon
32750,"POLYGON ((-65.36663144318858 -23.18852931552898, -65.35324185578624 -23.18679357496057, -65.34036725251475 -23.19862772293808, -65.332127506421 -23.203676640632576, -65.32732098786632 -23.495556799955427, -65.3949140492046 -23.49539937075857, -65.35813699335536 -23.231126791865016, -65.35573373407802 -23.208883137255697, -65.36663144318858 -23.18852931552898))"
32749,"POLYGON ((-65.51581524740872 -23.72718215863083, -65.523969162814 -23.73472519554056, -65.503798951022 -23.755152061011554, -65.48178337942777 -23.929631485493715, -65.44054173361478 -23.932651892672208, -65.4543604744595 -23.739046530384638, -65.4994215859097 -23.735668044457302, -65.51581524740872 -23.72718215863083))"
32751,"POLYGON ((-65.38698885780212 -23.530488579008, -65.37016604286072 -23.536626542436302, -65.38149569373962 -23.575178990404765, -65.38724098957 -23.597385808839583, -65.39891396320282 -23.624439859717203, -65.42414818561492 -23.669255493411693, -65.44234429157196 -23.658721268497438, -65.42586479938446 -23.625698051744973, -65.41486500015672 -23.600942103449913, -65.41881321182665 -23.5902450661186, -65.4134917091411 -23.58316566476574, -65.39177599929569 -23.539932955922612, -65.38698885780212 -23.530488579008))"
32748,"POLYGON ((-65.32259269104209 -24.17733010739826, -65.335724786379 -24.20034876353296, -65.3316907440206 -24.2070813265086, -65.27130885467734 -24.260530431103298, -65.20440383300986 -24.30535282758157, -65.16269011841025 -24.270930009382948, -65.25143905029502 -24.20565753412888, -65.27289672241416 -24.17825504181663, -65.30010505066123 -24.161889032527647, -65.31220717773643 -24.173087055018165, -65.32259269104209 -24.17733010739826))"
