id,zonepolygon
165114,"POLYGON((3.071018019692673 45.78212725376538,3.0767686758206025 45.76955579274089,3.0825193319485322 45.767520146765776,3.081231871621384 45.75692161324537,3.0873258505032197 45.75434652428863,3.140798369424118 45.76003551557243,3.1388242635891572 45.767101033960586,3.1385667715237275 45.77602146952408,3.123374739663376 45.78087023519625,3.112560072915329 45.80014140562072,3.080201903359665 45.789369522949904,3.071018019692673 45.78212725376538))"
