id,zonepolygon
111686,"POLYGON ((20.94737207792021 52.2088185116359, 21.092254280068648 52.21523473533124, 21.138946174599898 52.16050933199718, 21.01749575564425 52.14007666343588, 20.904971728290167 52.16093329497643, 20.94737207792021 52.2088185116359))"
111689,"POLYGON ((21.105859662306674 52.275043681276976, 21.131780530226596 52.23952772501695, 21.143281842482455 52.24688543576251, 21.160791302931674 52.23921236729304, 21.20782652021683 52.26769064076257, 21.172807599318393 52.288906096465794, 21.105859662306674 52.275043681276976))"
111688,"POLYGON ((21.09432327703776 52.21519459497159, 21.143075108092447 52.24610572221507, 21.19543182806315 52.22434400749569, 21.239548801940103 52.1989944616024, 21.257916569274087 52.163101715015316, 21.158867954772134 52.14783062491672, 21.09432327703776 52.21519459497159))"
111684,"POLYGON ((20.926205746854553 52.27541303778317, 20.89794903884476 52.25663729386329, 20.89235163259278 52.22860182481205, 20.948138160409737 52.20919776916755, 21.092825742517093 52.216179253660805, 21.130698533807376 52.23894362377463, 21.104713292871097 52.27451256560693, 21.047055356229553 52.292635241868226, 20.968777768338928 52.29263524186807, 20.945431821073303 52.28213469435356, 20.926205746854553 52.27541303778317))"
111691,"POLYGON ((20.924929528194603 52.35781733548261, 20.92527285094851 52.32467596239164, 20.973338036495385 52.293609609945406, 21.01041689391726 52.29339962800396, 21.06260195251101 52.3076761324646, 21.09006777282351 52.3076761324646, 21.068953433935654 52.367673780545914, 20.924929528194603 52.35781733548261))"
