id,zonepolygon
128368,"POLYGON((18.768827082405014 42.42590744360398,18.76866614986412 42.424751186779055,18.770801188239975 42.424592793772426,18.77119815517418 42.425511467640355,18.77039349246971 42.42612918905112,18.768827082405014 42.42590744360398))"
