id,zonepolygon
16642,"POLYGON ((73.6768683093958 18.58640497046576, 73.68167482795049 18.571272434473357, 73.76407228888799 18.53905030521931, 73.78501497687625 18.51105443100347, 73.82415377082157 18.458956899302233, 73.86397921027469 18.4498382039702, 73.93539034308719 18.453746275556565, 73.96422945441532 18.47849532931981, 74.0009649890833 18.509101059466847, 74.03495394172002 18.556952239104444, 74.01298128547002 18.61292434494801, 73.87221895636846 18.626263817606368, 73.79308306159307 18.641228809269194, 73.71738039435674 18.633095825126542, 73.6768683093958 18.58640497046576))"
85908,"POLYGON ((74.03890215338994 18.552883782575993, 74.00525652350713 18.504054746478516, 73.94757830085088 18.455211779469913, 74.10962664069463 18.46302758904956, 74.10550676764775 18.55483665381153, 74.03890215338994 18.552883782575993))"
