id,zonepolygon
36705,"POLYGON ((-74.07468207514299 11.322950814581064, -74.0863550487758 11.309316555684239, -74.07674201166643 11.28945314099844, -74.045327979684 11.290799856649938, -74.03605826532853 11.311168159800273, -74.0479029003383 11.323455774661717, -74.07468207514299 11.322950814581064))"
36704,"POLYGON ((-74.12015928882393 11.14541820931792, -74.11376490253242 11.14556558010511, -74.11397947925362 11.138975927648174, -74.12123217242988 11.13931278251189, -74.12015928882393 11.14541820931792))"
36702,"POLYGON ((-74.19982318014554 11.271382278312103, -74.1823995503848 11.277274483389448, -74.17596224874906 11.259260791038605, -74.19973734945707 11.257240493509078, -74.19982318014554 11.271382278312103))"
36834,"POLYGON ((-74.20391447450183 11.188818302375282, -74.15790922547839 11.189491896058195, -74.1640890350487 11.152778758987962, -74.20082456971667 11.153452436348315, -74.20391447450183 11.188818302375282))"
27855,"POLYGON ((-74.21401387825516 11.260691243442107, -74.22388440742996 11.228449131019682, -74.19083959236649 11.207064646208787, -74.16534787788895 11.240908651661435, -74.21161061897782 11.262711516746915, -74.21401387825516 11.260691243442107))"
160637,"POLYGON((-75.54159889368772 10.38779711251172,-75.57593116907834 10.393537885968385,-75.55601844935178 10.431019163868546,-75.51104316859006 10.461743692311497,-75.49902687220334 10.437772067859367,-75.51035652308225 10.419876551989368,-75.47842750696897 10.421564852142025,-75.45370826868772 10.404343761524634,-75.45473823694944 10.367534716687553,-75.48666725306272 10.355714380186845,-75.54159889368772 10.38779711251172))"
