id,zonepolygon
29328,"POLYGON ((-22.920084328486947 16.19496711614179, -22.889614434077767 16.184086746368436, -22.897854180171517 16.164220282146328, -22.91776689989808 16.166940704415776, -22.925706238582162 16.17234021950896, -22.934160561397103 16.177244994627213, -22.920084328486947 16.19496711614179))"
29327,"POLYGON ((-22.909069117903922 16.145407259305223, -22.899198588729117 16.150683697574053, -22.89164548814318 16.15274476805631, -22.889242228865836 16.149611932437697, -22.89439207017443 16.134235586011314, -22.898833808303092 16.102355752640293, -22.90336137712023 16.06976974551761, -22.955374774337027 16.08708913663128, -22.909069117903922 16.145407259305223))"
29329,"POLYGON ((-22.88718959840917 15.99071977626492, -22.888219566670887 15.968440947976092, -22.789342613545887 15.964645048496775, -22.805650444356434 15.987089321610478, -22.88718959840917 15.99071977626492))"
