id,zonepolygon
80920,"POLYGON ((-106.01429717074224 35.68135547368991, -106.10871092806646 35.623608106722635, -106.09909789095708 35.60044164157146, -106.06819884310552 35.591787385693465, -105.99816100130865 35.62332903261537, -105.97550169955083 35.6308636916247, -106.01429717074224 35.68135547368991))"
80921,"POLYGON ((-106.01502196438686 35.68153364072376, -105.94738738186733 35.71777867366424, -105.91168181546108 35.69575480982838, -105.90241210110561 35.66563639286668, -105.92816130764858 35.63439047326995, -105.94155089505092 35.63801785873609, -105.97519652493374 35.62992577285169, -106.01502196438686 35.68153364072376))"
