id,zonepolygon
109328,"POLYGON ((-28.76989988861249 38.55482768613348, -28.671452088929872 38.57811477399695, -28.603989167787294 38.541939368785265, -28.556009812928895 38.58113416053842, -28.71496824798749 38.65919151198363, -28.851954026796083 38.60018691601528, -28.76989988861249 38.55482768613348))"
109327,"POLYGON ((-28.671664107803867 38.57783262158277, -28.622225631241367 38.55139069073255, -28.60590707159476 38.542492035323804, -28.616539348129795 38.543662642710274, -28.621496070389316 38.54157315811349, -28.624199737076328 38.53846818936386, -28.62617384291129 38.53548057939583, -28.625487197403476 38.52816208922703, -28.621281493668125 38.52799422521528, -28.61965071058707 38.52352889875756, -28.654412139420078 38.52151437507892, -28.75294576979117 38.51453025644311, -28.758181441788242 38.55743158305052, -28.671664107803867 38.57783262158277))"
