id,zonepolygon
62314,"POLYGON ((-95.20282487594977 16.161045407096353, -95.1686642619361 16.166321428191736, -95.1825688334693 16.229952325303337, -95.22016267502204 16.225831775238916, -95.23286561691657 16.209678387530968, -95.20282487594977 16.161045407096353))"
62313,"POLYGON ((-96.50335299579642 15.671379788609894, -96.50472628681204 15.656689985065027, -96.49554240314505 15.65683461556326, -96.47528636066458 15.666008112335087, -96.48648726551077 15.67803220723111, -96.49706589786551 15.677185172181916, -96.50335299579642 15.671379788609894))"
29636,"POLYGON ((-97.02394116357422 15.814823221264747, -97.0269452376709 15.834229009206307, -97.02613366935496 15.852213769208566, -97.03463090751417 15.878468207531744, -97.0447589287544 15.892337095832664, -97.0678473839546 15.903728681996938, -97.09874643180616 15.900591932778001, -97.11969483873062 15.881642728362959, -97.02746022180176 15.808299155140347, -97.02394116357422 15.814823221264747))"
102803,"POLYGON ((-96.5550048798194 15.67136424790984, -96.55700044332649 15.670951047026561, -96.55868487058784 15.668874699933555, -96.55987577139045 15.664825245879763, -96.55620650945808 15.663115567074218, -96.55227975546028 15.664918218939423, -96.54998378454353 15.664876897584806, -96.55009107290412 15.668781728674498, -96.5509332865348 15.670718621162347, -96.55201153455879 15.671891077823583, -96.5550048798194 15.67136424790984))"
