id,zonepolygon
27584,"POLYGON((27.529635457883323 47.17170795329536,27.539119748959983 47.1827054133658,27.553753881345237 47.18285125296943,27.55589964855715 47.195741890840125,27.567272214780296 47.19063850589022,27.57862332333132 47.181378254561544,27.592195300946678 47.174763842132506,27.601304082761253 47.17631724565213,27.606818704495872 47.172626926422595,27.605810193906272 47.1682361335283,27.61407139767214 47.16641260787888,27.629703311810935 47.16380850472478,27.644640533814872 47.1518641022911,27.657861142049278 47.1422522804138,27.649455098996604 47.12314022514296,27.641215352902854 47.10666849724914,27.59812834728762 47.11122501717907,27.589627840186203 47.13433670569258,27.563662422450925 47.10781376804317,27.529800581375802 47.12077332120132,27.53820545096203 47.135107960152574,27.52651940156027 47.13084225711756,27.514476953635658 47.14659961498203,27.52335104216143 47.151490169426275,27.541270880589927 47.153799390827885,27.55170467365786 47.1593513260855,27.53995659817263 47.16018297207967,27.553539304624046 47.16418052727681,27.54122260082766 47.16867377036898,27.529635457883323 47.17170795329536))"
