id,zonepolygon
107218,"POLYGON ((27.587217969836413 47.154567489806404, 27.58704630845946 47.16221299494924, 27.595457715930163 47.16244642817937, 27.595457715930163 47.15316666733637, 27.587217969836413 47.154567489806404))"
27584,"POLYGON ((27.522769002805198 47.16668978781215, 27.57564070690676 47.19399221414359, 27.66456130016848 47.13633729132012, 27.613406209836448 47.105733778280225, 27.522769002805198 47.16668978781215))"
