id,zonepolygon
27584,"POLYGON ((27.522769002805198 47.16668978781215, 27.57564070690676 47.19399221414359, 27.66456130016848 47.13633729132012, 27.613406209836448 47.105733778280225, 27.522769002805198 47.16668978781215))"
