id,zonepolygon
107340,"POLYGON ((-72.66896204523572 -50.432541350758974, -72.66769604258069 -50.4320082862986, -72.66630129389294 -50.43269170118828, -72.66754583887585 -50.43314274961144, -72.66896204523572 -50.432541350758974))"
107339,"POLYGON ((-72.87228503134169 -50.56163629530977, -72.86112704183974 -50.55961887324552, -72.85889544393935 -50.566543177664954, -72.86910929586806 -50.56746997585044, -72.87245669271864 -50.56201796003988, -72.87228503134169 -50.56163629530977))"
32998,"POLYGON ((-72.26154932424566 -50.30486843686743, -72.24296698019049 -50.3067322895269, -72.19992288991949 -50.289132416843785, -72.14370378896734 -50.32887365423494, -72.20069536611578 -50.35303104550832, -72.22498545095465 -50.3628329211699, -72.25099214956305 -50.36770572614285, -72.29708322927496 -50.368910162608785, -72.3222316209986 -50.36808895924353, -72.33982691213629 -50.355769203319205, -72.35416063711187 -50.34591109611167, -72.3760474626734 -50.341343311853585, -72.37767824575445 -50.30580635389803, -72.32815393850348 -50.294155849517466, -72.27064737722418 -50.3037171972624, -72.26154932424566 -50.30486843686743))"
107337,"POLYGON ((-72.53296220556285 -50.3455214438345, -72.52862775579479 -50.34500109371185, -72.52643907323863 -50.34835588254254, -72.53191077962902 -50.349314350107825, -72.53296220556285 -50.3455214438345))"
88013,"POLYGON ((-73.03714376731011 -50.45697790332568, -73.02701574606988 -50.46113072172254, -73.02212339682671 -50.47741062368384, -73.14288717551324 -50.516339453676125, -73.18451505942437 -50.48060585229963, -73.10872656149957 -50.4575243476302, -73.03714376731011 -50.45697790332568))"
107338,"POLYGON ((-72.57660596455206 -50.365839356059666, -72.57529704655279 -50.36506600657205, -72.57369844997991 -50.36606519910771, -72.574975181471 -50.36674956541746, -72.57660596455206 -50.365839356059666))"
107335,"POLYGON ((-72.90057945391513 -49.320812600077545, -72.88761901995517 -49.317735451160566, -72.87525940081454 -49.33317520553054, -72.89156723162509 -49.3371462434905, -72.89839077135898 -49.329427594207225, -72.90057945391513 -49.320812600077545))"
