id,zonepolygon
88013,"POLYGON ((-73.03594213767144 -50.462551339050336, -73.02701574606988 -50.46113072172254, -73.02212339682671 -50.47741062368384, -73.03285223288628 -50.479868511021365, -73.03594213767144 -50.462551339050336))"
32998,"POLYGON ((-72.26154932424566 -50.30486843686743, -72.24296698019049 -50.3067322895269, -72.19992288991949 -50.289132416843785, -72.14370378896734 -50.32887365423494, -72.20069536611578 -50.35303104550832, -72.22498545095465 -50.3628329211699, -72.25099214956305 -50.36770572614285, -72.29708322927496 -50.368910162608785, -72.3222316209986 -50.36808895924353, -72.33982691213629 -50.355769203319205, -72.35416063711187 -50.34591109611167, -72.3760474626734 -50.341343311853585, -72.37767824575445 -50.30580635389803, -72.32815393850348 -50.294155849517466, -72.27064737722418 -50.3037171972624, -72.26154932424566 -50.30486843686743))"
