id,zonepolygon
31295,"POLYGON ((-75.56803846968842 6.312904448728783, -75.54640913619232 6.312221966441824, -75.52992964400482 6.307103320632491, -75.53645277632904 6.2879932633631785, -75.52615309371186 6.2548902534488775, -75.54194594039154 6.205402466906923, -75.54881239546967 6.184923400469719, -75.55705214156342 6.1740009071819655, -75.56838179244232 6.168880910890692, -75.59413099898529 6.173659575635209, -75.60820723189545 6.182534124330139, -75.63017988814545 6.226222035247255, -75.63052321089936 6.243969212455595, -75.61198378218842 6.284239419516813, -75.59893751753998 6.307785809661525, -75.56803846968842 6.312904448728783))"
33876,"POLYGON ((-75.17073392363581 6.238320082493313, -75.1469588229278 6.2363576626322486, -75.14850377532038 6.223217792700602, -75.17270802947077 6.226630777548563, -75.17073392363581 6.238320082493313))"
