id,zonepolygon
101582,"POLYGON ((110.48830064394095 29.103070512183905, 110.43680223085501 29.091070735330376, 110.42684587099173 29.111169570805227, 110.44366868593313 29.1354629214965, 110.46255143739798 29.147307597008925, 110.48692735292532 29.144758858067984, 110.50701173402884 29.13576280354229, 110.54568726992838 29.136212624970575, 110.55839021182291 29.110269706880054, 110.4956037910365 29.09584498441218, 110.48830064394095 29.103070512183905))"
