id,zonepolygon
16707,"POLYGON ((37.29114890098572 37.09023980307208, 37.33097434043884 37.118716304960124, 37.414058446884155 37.125833757561246, 37.49302268028259 37.06613594074313, 37.43259787559509 36.99652046106025, 37.257503271102905 37.01242253073646, 37.29114890098572 37.09023980307208))"
