id,zonepolygon
66978,"POLYGON ((46.30388658403381 40.751164723508815, 46.28019731401428 40.747783535913435, 46.28294389604553 40.70094942305268, 46.288093737354124 40.65564512397858, 46.314529589404906 40.60978876813621, 46.43400590776428 40.671791565890395, 46.40173356889709 40.71266104088679, 46.30388658403381 40.751164723508815))"
66979,"POLYGON ((46.321772961222806 40.60183081783351, 46.304091839396634 40.57628047502604, 46.308555035197415 40.569630571075955, 46.324519543254056 40.56676178102692, 46.345290569865384 40.58319045924038, 46.37189808329312 40.58358156907788, 46.38236942728726 40.59544414732443, 46.359710125529446 40.604958760365164, 46.321772961222806 40.60183081783351))"
66980,"POLYGON ((46.819352366006335 40.52199712458401, 46.808366037881335 40.51410204351234, 46.80725023893114 40.50529238467617, 46.8161766305327 40.49719953022902, 46.82699129728075 40.49870069795087, 46.84098169950243 40.507445963706665, 46.8392650857329 40.51619008926537, 46.82415888456102 40.52349773731129, 46.819352366006335 40.52199712458401))"
