id,zonepolygon
16709,"POLYGON ((75.2926460818835 19.961311648596073, 75.22260824008663 19.868347550472084, 75.36543050571163 19.777913498002356, 75.440961511571 19.891593696442495, 75.397016199071 19.97938164939848, 75.2926460818835 19.961311648596073))"
