id,zonepolygon
16713,"POLYGON ((-63.890106673556545 11.19390910742755, -63.98211717160342 11.105656370668706, -64.01782273800967 11.059161359978068, -64.26158189328311 11.10363500223268, -64.39135789425967 11.044335311683243, -64.40577744992373 10.974238416707351, -64.30346726925967 10.935812863215858, -64.16270494015811 10.870410569860852, -64.05352830441592 10.850180149348045, -63.87431382687686 10.884571048246082, -63.78916978390811 10.943228709208555, -63.758270736056545 10.997156544276697, -63.76170396359561 11.100939822547083, -63.890106673556545 11.19390910742755))"
16712,"POLYGON ((-66.93868830519716 10.52384749123512, -66.97436232945404 10.509647832873865, -67.01144118687591 10.474539262498729, -67.02654738804779 10.42963500781346, -66.98826533897648 10.406160766132759, -66.95770961387882 10.401770949853946, -66.93951350792179 10.412576540352077, -66.9127343331171 10.4088621608368, -66.89282161339054 10.401433269121052, -66.85471278770694 10.401433269121052, -66.81626063926944 10.40953750585739, -66.78810817344913 10.430134826079204, -66.74690944298038 10.43486188769712, -66.72871333702335 10.448367382175011, -66.72464445640549 10.48873438497625, -66.82008818199142 10.510001576631293, -66.93868830519716 10.52384749123512))"
