id,zonepolygon
16716,"POLYGON ((-15.902378997499044 23.822525044321925, -15.876973113709981 23.812631399838576, -15.9329347225967 23.681430218068865, -15.98288818329006 23.621678190889984, -16.013958892518577 23.643380766854186, -15.902378997499044 23.822525044321925))"
