id,zonepolygon
27568,"POLYGON ((148.19178171792518 -19.95495655253274, 148.2987185196296 -19.98375729025592, 148.25545985263741 -20.054079521709635, 148.18954188388741 -20.048919326768267, 148.19178171792518 -19.95495655253274))"
27567,"POLYGON ((148.69209180379207 -20.262277868364816, 148.73535047078425 -20.256802463442668, 148.74565015340144 -20.29029603364191, 148.69106183553035 -20.293194175566676, 148.68059049153624 -20.278058836945757, 148.69209180379207 -20.262277868364816))"
