id,zonepolygon
31555,"POLYGON ((34.8156846702171 38.68286022472883, 34.80057846904523 38.72385304462937, 34.82272278667218 38.74420675452889, 34.875079506642884 38.74353731685263, 34.89121567607648 38.71970124704625, 34.88194596172101 38.6825252192956, 34.8156846702171 38.68286022472883))"
30631,"POLYGON ((34.881930124074294 38.5837640546793, 34.98218036821492 38.58456917350355, 34.98149372270711 38.66825223647001, 34.881930124074294 38.6685202943875, 34.881930124074294 38.5837640546793))"
31556,"POLYGON ((35.50757332897853 38.54458629178654, 35.55134698010158 38.54203529902473, 35.540703974730484 38.50819252134733, 35.497960291869155 38.513565453387685, 35.50757332897853 38.54458629178654))"
30632,"POLYGON ((34.873126666183225 38.68264077364326, 34.815448443526975 38.68290877768247, 34.814418475265256 38.61158433416945, 34.882396380538694 38.61077951830837, 34.881881396407834 38.68250677124728, 34.873126666183225 38.68264077364326))"
31554,"POLYGON ((35.29973537027243 38.79608030886005, 35.30248195230368 38.603163044436016, 35.61559230386618 38.60638259544373, 35.649924579256805 38.817483427832286, 35.29973537027243 38.79608030886005))"
30633,"POLYGON ((34.81507225716239 38.66323922818543, 34.75962563240653 38.66548433942848, 34.757565695883095 38.61198464907103, 34.81464310372001 38.61151517686879, 34.81507225716239 38.66323922818543))"
31557,"POLYGON ((34.758629943804365 38.6659988604831, 34.751420165972334 38.68958485769346, 34.698205139116865 38.68074101957498, 34.63812365718327 38.58472854445616, 34.68756213374577 38.582581545631015, 34.758629943804365 38.61156061358948, 34.758629943804365 38.6659988604831))"
