id,zonepolygon
88067,"POLYGON ((14.520556868919057 40.646043584838736, 14.543044509299916 40.614776806451516, 14.557807387717885 40.61360401747526, 14.55694908083312 40.62989091064704, 14.56192726076476 40.64942994022097, 14.520556868919057 40.646043584838736))"
91824,"POLYGON ((14.734324229760762 40.66855058377265, 14.741491092248555 40.68732983806601, 14.776123775048848 40.69582270237627, 14.808396113916036 40.671089509693346, 14.791744960351583 40.65585450418869, 14.734324229760762 40.66855058377265))"
