id,zonepolygon
60760,"POLYGON ((33.30147639812129 35.34509005066971, 33.33486453593867 35.34642024107081, 33.36542026103633 35.32457434151482, 33.34155932963984 35.301321579390375, 33.292292514454296 35.30846621167101, 33.27546969951289 35.33843877013363, 33.30147639812129 35.34509005066971))"
