id,zonepolygon
93009,"POLYGON ((121.44202585199034 -30.718635986398752, 121.4509522435919 -30.712437640929835, 121.48408288934385 -30.742097541919957, 121.49730081536924 -30.772043300689823, 121.49730081536924 -30.775288094390127, 121.4832896416721 -30.772871145220794, 121.46869842463109 -30.780835374967243, 121.46629516535374 -30.78924134658005, 121.4638919060764 -30.780540415252933, 121.45256225519749 -30.774936008834317, 121.45359222345921 -30.78098285448522, 121.44827072077366 -30.7843748209872, 121.44329254084202 -30.785259662140113, 121.4503306572971 -30.791305858790274, 121.43591110163304 -30.796024577380006, 121.4225215142307 -30.77596842402299, 121.45359222345921 -30.753547774363568, 121.44202585199034 -30.718635986398752))"
