id,zonepolygon
81009,"POLYGON ((88.26158517691891 27.072415136921204, 88.28218454215329 27.070886598630377, 88.2880210289697 27.04184041213637, 88.26827997062009 27.018292196906728, 88.25420373770993 27.008657413235966, 88.2360076317529 27.014316037081976, 88.2140349755029 27.047191590512735, 88.23291772696774 27.07233871050177, 88.26158517691891 27.072415136921204))"
81010,"POLYGON ((88.43733429105171 27.06923392571038, 88.48780273587593 27.086505450015654, 88.50891708524117 27.073819545658946, 88.513208619665 27.062431577333665, 88.49569915921577 27.058839159451168, 88.47097992093452 27.033000936001827, 88.44008087308296 27.031777677385403, 88.43733429105171 27.06923392571038))"
81013,"POLYGON ((88.27016831044364 26.887744475323355, 88.28355789784598 26.8969303299482, 88.29711914662528 26.88391681547307, 88.28527451161551 26.871973683561833, 88.27428818349051 26.870748675615783, 88.26673508290457 26.87871099002939, 88.27016831044364 26.887744475323355))"
16724,"POLYGON ((88.37711572648573 26.787922653098292, 88.3372902870326 26.772597736451814, 88.29368829728654 26.73550288051312, 88.28424692155411 26.703763379893303, 88.30982446672013 26.670787865607984, 88.36441278459122 26.637956256423756, 88.44646692277482 26.638263137601708, 88.49006891252091 26.713117485792402, 88.4361672401576 26.771984696758764, 88.41900110246229 26.779340954645622, 88.37711572648573 26.787922653098292))"
81012,"POLYGON ((88.59627081957376 27.33625556556751, 88.61172034349954 27.359126915905154, 88.63609625902689 27.347844306534334, 88.60451056566751 27.296600710784023, 88.57429816332376 27.297210892821536, 88.59627081957376 27.33625556556751))"
