id,zonepolygon
87764,"POLYGON ((-73.23888603674507 10.440984207653376, -73.21811501013374 10.457528031597901, -73.24455086218452 10.488756315498772, -73.28489128576851 10.505297589843584, -73.30480400549507 10.472214156996642, -73.28283134924507 10.436763703420722, -73.25948540197945 10.434569018586846, -73.23751274572945 10.442334756909654, -73.23888603674507 10.440984207653376))"
