id,zonepolygon
27095,"POLYGON ((24.103571190551765 45.81183696505773, 24.12421347113038 45.825056819559926, 24.15888906927491 45.8236512375532, 24.185035242752082 45.80936911068949, 24.205709709838874 45.771500017014525, 24.170433296875007 45.74985326074051, 24.13262487860108 45.766650436553505, 24.104129090026863 45.78463966190142, 24.098120941833503 45.809055012289434, 24.103571190551765 45.81183696505773))"
