id,zonepolygon
16751,"POLYGON ((74.78697465890764 12.964600130866279, 74.86799882882951 12.977982613602626, 74.92155717843889 12.961923547940646, 74.94490312570451 12.899015576127619, 74.91743730539201 12.872241423405473, 74.88035844797014 12.83609178247134, 74.83503984445451 12.82805782259133, 74.78285478586076 12.854836690415157, 74.78697465890764 12.964600130866279))"
27625,"POLYGON ((75.1233041314855 12.251166046943199, 75.125557187058 12.251564457870531, 75.12506366059927 12.249803057642666, 75.12304663942007 12.249467551504319, 75.1233041314855 12.251166046943199))"
