id,zonepolygon
16754,"POLYGON ((-38.931828477515296 -13.880649850928004, -39.143315293921546 -13.915976627563682, -39.128895738257484 -13.969289840452005, -39.09525010837467 -13.966624472461863, -38.93526170505436 -13.99261049409712, -38.931828477515296 -13.880649850928004))"
16755,"POLYGON ((-39.06388005148699 -14.724872287125073, -39.09237584006121 -14.748612367007352, -39.13374623190691 -14.763718342710243, -39.1001006020241 -14.82678688850531, -39.07984455954363 -14.889339370196561, -39.008605088108084 -14.865282867783888, -39.026286209934256 -14.782474851674616, -39.04482563864519 -14.76073043075062, -39.06388005148699 -14.724872287125073))"
16753,"POLYGON ((-39.00102454116575 -14.98310242305003, -39.009607610013404 -14.985423964006037, -39.010047912597656 -14.994701387840092, -39.00291281631223 -15.003166338017197, -38.99656134536497 -15.000844989589245, -38.99621802261106 -14.985589787396599, -39.00102454116575 -14.98310242305003))"
16752,"POLYGON ((-38.965475479639906 -14.076427219848675, -39.06023255971803 -14.116385344124662, -39.09868470815553 -14.278809337974366, -39.00804750112428 -14.371950641304474, -38.97783509878053 -14.304094370347267, -38.965475479639906 -14.076427219848675))"
107887,"POLYGON ((-39.02200522639712 -15.321393450469403, -38.95540061213931 -15.318744468415947, -38.95334067561587 -15.390255191384433, -39.02406516292056 -15.385620980331677, -39.02200522639712 -15.321393450469403))"
