id,zonepolygon
83535,"POLYGON ((85.79690463381134 19.774634486697416, 85.7728720410379 19.777865226256196, 85.79965121584259 19.834069600702087, 85.87380893068634 19.84182036917811, 85.88479525881134 19.797894349101153, 85.79690463381134 19.774634486697416))"
16765,"POLYGON ((85.80789096193632 20.19987800194933, 85.85732943849882 20.217920507010387, 85.87655551271757 20.260440988111316, 85.88685519533476 20.308745580628052, 85.86625583010039 20.33514572353831, 85.83604342775664 20.345446995874763, 85.79690463381132 20.348022206668688, 85.77095031738281 20.3298185704121, 85.74677951174101 20.27694021224822, 85.75776583986601 20.230558583351904, 85.80789096193632 20.19987800194933))"
