id,zonepolygon
28450,"POLYGON ((-106.40565223036263 31.714704378028628, -106.3790447169349 31.70192602559542, -106.37003249464486 31.681038757312763, -106.38531035719369 31.66102346919702, -106.4299423152015 31.662995970183246, -106.44281691847299 31.681038757312763, -106.44590682325814 31.69732538772882, -106.42925566969369 31.713098053341767, -106.40565223036263 31.714704378028628))"
28451,"POLYGON ((-106.40252633140432 31.714622652297308, -106.39351410911428 31.71732413798288, -106.38784928367483 31.734261388948774, -106.40595955894338 31.743896718948452, -106.42518563316213 31.74345877114726, -106.43205208824025 31.73375039649505, -106.43085045860158 31.726085171499584, -106.42355485008108 31.71425758062672, -106.40252633140432 31.714622652297308))"
28452,"POLYGON ((-106.49080194228173 31.7394730764964, -106.48281968825341 31.747502135991212, -106.44316591017724 31.756479259934856, -106.43350995772363 31.74637081064925, -106.43295205824853 31.733633323317175, -106.43947519057275 31.71508966737623, -106.47835649245263 31.71508966737623, -106.49329103224755 31.727720198180545, -106.49080194228173 31.7394730764964))"
