id,zonepolygon
33567,"POLYGON ((39.93862885826044 -3.3542748785052705, 39.97982758872919 -3.399514792456551, 39.96334809654169 -3.446123393372532, 39.902236646346374 -3.4118525837426446, 39.93862885826044 -3.3542748785052705))"
33568,"POLYGON ((39.90109913636105 -3.410997760484965, 39.96770375061886 -3.448695617101658, 39.87706654358761 -3.651552551421156, 39.798788955696985 -3.6214009805521514, 39.90109913636105 -3.410997760484965))"
33565,"POLYGON ((40.03998378032228 -3.283000848386478, 40.03895381206056 -3.3159051983766927, 40.09972193950197 -3.3426391771103945, 40.137487442431656 -3.283343607637923, 40.03998378032228 -3.283000848386478))"
33564,"POLYGON ((40.16195171098214 -3.1439354544568974, 40.04110210160714 -3.1425642294692793, 40.03972881059151 -3.283105277760944, 40.137060811323934 -3.283105277760944, 40.16195171098214 -3.1439354544568974))"
33566,"POLYGON ((40.031101648074454 -3.3102941440259888, 40.07916683362133 -3.333600862773873, 39.9785732667268 -3.3980341996021894, 39.93737453625805 -3.3534796866546177, 39.98423809216625 -3.3289738374217723, 40.031101648074454 -3.3102941440259888))"
