id,zonepolygon
87765,"POLYGON ((-77.30300605255556 1.2386597522624927, -77.32875525909853 1.1734428834963755, -77.25940406280947 1.1734428834963755, -77.22987830597353 1.1770470140818863, -77.2446411843915 1.2299070533764387, -77.30300605255556 1.2386597522624927))"
