id,zonepolygon
16770,"POLYGON ((126.74609242715951 37.57008190029218, 126.64618550577276 37.5679049052178, 126.58129750528448 37.540687098558394, 126.58988057413214 37.40090352314974, 126.7035204056751 37.408539779179115, 126.82745991983526 37.412903004622734, 126.8624788407337 37.41317569777469, 126.88204823770636 37.41317569777469, 126.89749776163214 37.41372108110027, 126.90814076700323 37.414539148643044, 126.92221699991339 37.41481183583846, 126.92942677774542 37.41508452204105, 126.94109975137823 37.41372108110027, 126.95139943399542 37.416993297661634, 126.96204243936651 37.41835667903555, 126.97405873575323 37.42190135444913, 126.98470174112433 37.422719332639765, 126.99706136026495 37.42462791366834, 127.00976430215948 37.42353730189482, 127.0217805985462 37.4243552622142, 127.03379689493292 37.42271933263974, 127.0585161332142 37.42462791366834, 127.07087575235482 37.425718509556035, 127.08598195352667 37.42081070296188, 127.10623799600714 37.42217401483885, 127.13830660975316 37.42081070296188, 127.14860629237035 37.47477888007108, 127.16371249354222 37.499841752942366, 127.14997958338597 37.514548653126475, 127.16714572108128 37.54177600167842, 127.19735812342503 37.5308862548593, 127.2007913509641 37.50910199089516, 127.24199008143285 37.55103103608905, 127.16577243006566 37.581960008819514, 127.11564730799535 37.55964635180658, 127.10534762537816 37.57325303561111, 127.11427401697972 37.597738802520986, 127.11785004841977 37.61954248529816, 127.10240052449399 37.62307761602131, 127.11098359334164 37.631778760067846, 127.10789368855649 37.64537225831269, 127.0975940059393 37.64537225831269, 127.09107087361508 37.660594023459446, 127.09622071492367 37.67349311821228, 127.0975940059393 37.688165742949955, 127.0869510005682 37.68898080367481, 127.07733796345883 37.69441431291836, 127.05742524373227 37.693599311912756, 127.03888581502133 37.69794588042559, 127.02927277791196 37.70066235634723, 127.00833008992356 37.694142646911835, 127.00798676716977 37.68409030496259, 126.99459717976742 37.681916646471954, 126.99033495869571 37.665320541365894, 126.97898055941164 37.658467151228294, 126.98378707796633 37.63943891227078, 126.96509504353457 37.6290670373174, 126.95649965511655 37.6508162344084, 126.91839082943295 37.646466904365454, 126.85830934749934 37.63504870122464, 126.79960115658139 37.60404759024487, 126.74609242715951 37.57008190029218))"
