id,zonepolygon
16771,"POLYGON ((81.6985959274432 25.383367168522764, 81.79884617158382 25.297727636825975, 81.9183224899432 25.313246539661268, 82.00277988740413 25.421202989342515, 81.95814792939632 25.524725525477628, 81.87231724091976 25.56189747422992, 81.75764744111507 25.55074709983483, 81.7040890915057 25.509233813051694, 81.6985959274432 25.383367168522764))"
