id,zonepolygon
156615,"POLYGON((102.44729667286819 18.978057523019334,102.45390563588089 18.977976357793636,102.4557080803389 18.977327034564567,102.4560514030928 18.950215532367505,102.45665221791214 18.94875430828875,102.45630889515823 18.948997846523746,102.45579391102737 18.93562010040707,102.46137290577835 18.934645867271858,102.46403365712112 18.928556781434573,102.45681154929719 18.91663646137625,102.44067537986359 18.912495460933606,102.43895876609406 18.92248240503754,102.44179117881379 18.92962716960848,102.44147726556072 18.947153247968796,102.4423456138262 18.97003934048523,102.44729667286819 18.978057523019334))"
