id,zonepolygon
69264,"POLYGON ((-58.567874498107294 -34.82074291726561, -58.52581746075378 -34.840610822350506, -58.50435978863464 -34.833425112189, -58.50075489971862 -34.80749498429118, -58.53920704815612 -34.78747811047609, -58.567874498107294 -34.82074291726561))"
69262,"POLYGON ((-60.700301626584846 -33.0407747161113, -60.5990214141825 -33.01745970664588, -60.61550090637 -32.98852325216925, -60.61927745666297 -32.9694430364263, -60.61936328735145 -32.96582453051732, -60.619449118039924 -32.96220587638936, -60.62305400695594 -32.952663440954964, -60.64249465789588 -32.933827611270246, -60.65953204955848 -32.92766818089757, -60.67506740417274 -32.91073654329308, -60.68167636718543 -32.89524305897532, -60.68828533019813 -32.87974686428439, -60.695323446653205 -32.871673354487456, -60.74390361633094 -32.867347957506176, -60.77566097106727 -32.92269709983007, -60.76759288635047 -32.95381578974456, -60.700301626584846 -33.0407747161113))"
69263,"POLYGON ((-58.43819086685151 -34.5531874264658, -58.42806284561127 -34.54739063154386, -58.38858072891205 -34.567041543819705, -58.39896624221772 -34.57644123776191, -58.43819086685151 -34.5531874264658))"
