id,zonepolygon
156801,"POLYGON ((25.568193408483502 45.66320521991338, 25.59119603299522 45.67268203206213, 25.617631885046002 45.67064285353844, 25.63891789578819 45.67268203206213, 25.649560901159283 45.66692416025472, 25.636857959264752 45.662485396472235, 25.635827991003033 45.65120695425887, 25.643724414342877 45.63812591634366, 25.63067814969444 45.63380490254319, 25.607503863805768 45.638245939748614, 25.60690304898643 45.64040631707554, 25.605787250036236 45.6413664580391, 25.599349948400494 45.64352671504827, 25.594393226140973 45.640736367387625, 25.586089107030865 45.63398495143707, 25.581110927099225 45.63473514893528, 25.57746312283897 45.63824593974864, 25.576604815954205 45.656006569023845, 25.570596667760846 45.653606813058694, 25.568193408483502 45.66320521991338))"
