id,zonepolygon
85907,"POLYGON ((116.31560695830734 23.561317093710095, 116.31217373076828 23.542748428799328, 116.33534801665695 23.53314834491317, 116.34942424956711 23.51221458586072, 116.34658302284353 23.507019979851755, 116.36357749916189 23.497889569850745, 116.3858934781658 23.507649639976204, 116.39089669498664 23.533419182482373, 116.39217046902809 23.551453602697283, 116.38461736844215 23.561209700785984, 116.36367468045387 23.57379714405134, 116.35114339993629 23.578517124242016, 116.33414892361793 23.56891965294099, 116.31560695830734 23.561317093710095))"
