id,zonepolygon
32995,"POLYGON ((22.566989519457046 51.2834369014858, 22.593768694261733 51.27957146424076, 22.597201921800796 51.26797320068729, 22.59857521281642 51.259380006672885, 22.61230812297267 51.2464872031407, 22.638400652269546 51.2464872031407, 22.627414324144546 51.22198091588816, 22.59788856730861 51.216820034233955, 22.602695085863296 51.19703129440417, 22.57591591105861 51.19186761603937, 22.51617775187892 51.19918265626575, 22.53197059855861 51.222410963243384, 22.50725136027736 51.218540392404876, 22.498324968675796 51.220260686289336, 22.461932756761733 51.230581099628175, 22.478412248949233 51.24734683584922, 22.47223243937892 51.258090888999384, 22.484592058519546 51.2769943253577, 22.50175819621486 51.29846606529621, 22.51068458781642 51.29503126153952, 22.51068458781642 51.27871243401057, 22.527850725511733 51.27012124816368, 22.536090471605483 51.259380006672885, 22.547763445238296 51.28601367893367, 22.56218300090236 51.2838663744334, 22.571796038011733 51.2834369014858, 22.566989519457046 51.2834369014858))"
