id,zonepolygon
28163,"POLYGON ((-5.467793757556027 36.165610324984584, -5.430800730822629 36.16089830201741, -5.443332011340207 36.14703776942603, -5.442988688586301 36.13220428661829, -5.444447810290402 36.130401896716506, -5.441872889636105 36.1271436253132, -5.441958720324582 36.121042668348316, -5.436808879015988 36.11861601958442, -5.432689005969113 36.119240022144105, -5.433375651476926 36.110919580276445, -5.428569132922238 36.10835393288806, -5.438525492785519 36.09954688408721, -5.442988688586301 36.09344378302576, -5.484187419055051 36.122290629936856, -5.476290995715207 36.16581820182715, -5.463588053820676 36.164986691149046, -5.467793757556027 36.165610324984584))"
