id,zonepolygon
39895,"POLYGON ((131.57441395517515 33.25378000184445, 131.5393950342767 33.223916121713934, 131.56548756357358 33.20553327985412, 131.64513844247983 33.16444516729602, 131.68633717294858 33.19289283624216, 131.69045704599546 33.22219289434219, 131.6818739771478 33.24574072996212, 131.66058796640561 33.278180403506404, 131.57441395517515 33.25378000184445))"
39896,"POLYGON ((131.49899044334768 33.34836729706273, 131.48663082420705 33.35094839097563, 131.46534481346487 33.317961989366104, 131.45161190330862 33.31451921042608, 131.45710506737112 33.30304229867434, 131.44817867576955 33.29156387642842, 131.46259823143362 33.279222888140445, 131.49830379783987 33.26113875431359, 131.51890316307424 33.26831544609661, 131.51203670799612 33.31308467907122, 131.49899044334768 33.34836729706273))"
39897,"POLYGON ((131.3471802885963 33.29169352339734, 131.37258617238535 33.2800700994758, 131.3753327544166 33.25681860804051, 131.35490505055918 33.25222498869701, 131.3391122038795 33.243898438123786, 131.32349101857676 33.263708584219145, 131.3471802885963 33.29169352339734))"
