id,zonepolygon
16797,"POLYGON ((136.85006136481104 35.022037695258035, 136.8747806030923 35.03778101441058, 136.9406985718423 35.038905421169005, 136.96541781012354 35.03328323265189, 137.03133577887354 35.101847498416284, 137.0395755249673 35.18943588624851, 137.00798983160792 35.213001265048575, 137.06017489020167 35.24104637089851, 137.0395755249673 35.264596767600594, 136.97503084723292 35.22870771855824, 136.92559237067042 35.246654228767675, 136.88302034918604 35.23431642955812, 136.85555452887354 35.23431642955812, 136.79924959723292 35.168108938354926, 136.7868899780923 35.09960040305895, 136.85006136481104 35.022037695258035))"
