id,zonepolygon
39352,"POLYGON((-76.82669878180604 17.979388588575993,-76.85622453864198 17.927131665934358,-76.77726030524354 17.923211774487257,-76.75391793338349 17.948035099380686,-76.76456093875458 18.039137314585094,-76.82944893924287 18.03913733201923,-76.82669878180604 17.979388588575993))"
39351,"POLYGON((-78.22153688874096 18.448736820768918,-78.33835245575756 18.38692823226039,-78.39053751435131 18.253300452204957,-78.33182932343334 18.219388243553478,-78.31599356140941 18.34008877991928,-78.21364046540111 18.443770152958454,-78.22153688874096 18.448736820768918))"
39349,"POLYGON((-77.24813283188269 18.460939717207886,-77.25448430282995 18.443638408756232,-77.20762074692175 18.423811002438867,-77.10136324254563 18.393081197551638,-77.0724382998742 18.39185950020745,-77.05879122040642 18.40627493282852,-77.06934839508904 18.42142205308558,-77.08737283966911 18.417431812045677,-77.09526926300896 18.41922336028698,-77.10187822602165 18.418490456443063,-77.17483431450091 18.444873033334304,-77.22865015617572 18.458388460245853,-77.24813283188269 18.460939717207886))"
39347,"POLYGON((-77.40953832690138 18.44827914546296,-77.33486562792677 18.444452371125955,-77.30306535784621 18.454507649017852,-77.29143529955763 18.471034482372822,-77.31310754839797 18.474290812662648,-77.4030581099214 18.47079025076114,-77.40953832690138 18.44827914546296))"
39346,"POLYGON((-77.87615597291733 18.52226956373605,-77.86997705785325 18.505295196180697,-77.82525926915696 18.511480933779488,-77.79830843297532 18.493248644699847,-77.76286035601515 18.50057436931774,-77.75350481097121 18.51371915763701,-77.77685075823683 18.51921280997392,-77.79753595415968 18.523851756768387,-77.81985193316359 18.525967712136385,-77.84079462115187 18.526049095037614,-77.85049349069936 18.526049108697446,-77.87615597291733 18.52226956373605))"
39344,"POLYGON((-77.76015587722242 18.50430732391174,-77.69486018096387 18.487791333533,-77.68144913588941 18.459453786940582,-77.62136765395582 18.4601865160991,-77.58497544204175 18.47288665773696,-77.60025330459058 18.490632716197812,-77.75200196181714 18.515213668522577,-77.76015587722242 18.50430732391174))"
