id,zonepolygon
16801,"POLYGON((27.077393504663064 36.80680326879443,27.091169330163552 36.808040240752405,27.09773537783201 36.79463864685574,27.086791965051248 36.78869308641956,27.077393504663064 36.80680326879443))"
