id,zonepolygon
84493,"POLYGON ((-70.58697733079067 19.399769594386505, -70.60646089707487 19.387301651823773, -70.71246179734342 19.44655633332116, -70.71593794022672 19.453678391680068, -70.71615251694791 19.47051110465672, -70.70001634751432 19.49057859296701, -70.67349466477506 19.488960339313554, -70.62422784958952 19.439595837915327, -70.58697733079067 19.399769594386505))"
16805,"POLYGON ((-69.7836951315374 18.463114295654066, -69.77682867645927 18.51195501112547, -69.79742804169365 18.531161875513643, -69.8212116259316 18.527561225856306, -69.85657386958394 18.527561225856306, -69.90772895991597 18.52235268815091, -69.95167427241597 18.51877172645422, -69.97021370112691 18.504772702430383, -69.98485988562794 18.472249300638516, -70.00065273230763 18.415905407271772, -69.7836951315374 18.463114295654066))"
16807,"POLYGON ((-70.73215060042259 19.839329137860002, -70.7746582488906 19.837290528958047, -70.77580623434898 19.830155191744883, -70.74519686507102 19.810261350618397, -70.67153705620262 19.760425758145875, -70.63514484428856 19.736190965876972, -70.58021320366356 19.732313057681818, -70.51231968582908 19.733361975287988, -70.46425450028221 19.75307356836368, -70.42854893387596 19.744995340959775, -70.40417301834862 19.74014820826634, -70.39112675370018 19.758243419279474, -70.42648899735252 19.784736274620975, -70.5130063313369 19.79248944781575, -70.60810673416887 19.783767101431835, -70.73215060042259 19.839329137860002))"
