id,zonepolygon
163229,"POLYGON((3.659067823625106 43.40007791252844,3.667307569718856 43.39371662157036,3.693400099015731 43.39284345108323,3.7031847975020593 43.40007791252844,3.69992323133995 43.414668938994964,3.6831004163985437 43.41267379240803,3.6642176649337 43.40643853567287,3.659067823625106 43.40007791252844))"
