id,zonepolygon
163234,"POLYGON((4.873434908984016 45.52799039247513,4.86734093010218 45.52062403288613,4.871417887804816 45.518489111677184,4.881331332323859 45.526938114446054,4.873434908984016 45.52799039247513))"
