id,zonepolygon
109341,"POLYGON ((48.60413792327079 40.662214942554726, 48.61392262175712 40.61310537988744, 48.626797225028604 40.6017672738892, 48.64911320403251 40.60124593540704, 48.661987807303994 40.633040141513895, 48.65357639983329 40.65700609209493, 48.63709690764579 40.66416815661561, 48.60413792327079 40.662214942554726))"
109338,"POLYGON ((47.1196746875 41.22279410889426, 47.15435028564453 41.214788452635304, 47.18662262451172 41.26745284135819, 47.21632004272461 41.25893647937307, 47.19932556640625 41.233380729851106, 47.19211578857422 41.21969526142337, 47.18318939697266 41.21917877256942, 47.18936920654297 41.212205773844644, 47.19932556640625 41.211430950324484, 47.2130584765625 41.20988127575411, 47.21752167236328 41.207814985894636, 47.19692230712891 41.19050724659815, 47.18696594726563 41.19309078184524, 47.19142914306641 41.166992390737015, 47.189025883789064 41.14450326152434, 47.14611053955078 41.14372763669816, 47.13203430664063 41.163632436463644, 47.10044861328125 41.196190889561635, 47.1196746875 41.22279410889426))"
109339,"POLYGON ((46.794363252992845 41.38511656714256, 46.785866014833665 41.37339520376592, 46.8044054435446 41.362315929808105, 46.844316713686204 41.37494099897512, 46.83676361310027 41.39123402207039, 46.794363252992845 41.38511656714256))"
109340,"POLYGON ((48.09707161518976 40.80624096215962, 48.09243675801203 40.75749760282041, 48.188395467728824 40.7529463975942, 48.24023720356867 40.80156315188806, 48.21328636738703 40.833131972612875, 48.09707161518976 40.80624096215962))"
109343,"POLYGON ((49.5418492496959 40.58213200160931, 49.54940235028184 40.211899111738376, 50.41457569012559 40.2774130435659, 50.4427281559459 40.63738705198419, 49.5363560856334 40.58317497259802, 49.5418492496959 40.58213200160931))"
109342,"POLYGON ((47.84463821659246 41.00752417628932, 47.87236152897039 41.04967585548024, 47.9210275293366 41.05867248754064, 47.92789398441472 41.00467424136784, 47.97364174137273 40.968099938083014, 47.96548782596746 40.92009173130232, 47.893647539712575 40.91863246164526, 47.84515320072332 40.94622341587595, 47.817000734903004 40.950242757620074, 47.81288086185613 40.98757204356753, 47.84463821659246 41.00752417628932))"
