id,zonepolygon
161138,"POLYGON((-87.07677439803852 20.63400796727377,-87.08278254623188 20.6267785729412,-87.07879141921772 20.621637461394673,-87.06926421279682 20.62211944797728,-87.06321314925923 20.627742512026817,-87.06548766250386 20.631035924508033,-87.07677439803852 20.63400796727377))"
