id,zonepolygon
161316,"POLYGON((115.24509676201171 -8.486087151487991,115.23823030693359 -8.484728893236683,115.22518404228515 -8.530737212031122,115.27908571464843 -8.536339323167057,115.27977236015624 -8.494236600082289,115.24509676201171 -8.486087151487991))"
