id,zonepolygon
161574,"POLYGON((98.29946041590385 7.809342384745966,98.29850554949455 7.809044763299291,98.29872012621574 7.806281125455936,98.29962134844475 7.805940984150512,98.30152035242729 7.806334272509905,98.3014130640667 7.808332596834056,98.299846654002 7.809342384745966,98.29947114473991 7.809416790074519,98.29946041590385 7.809342384745966))"
