id,zonepolygon
111361,"POLYGON((104.42325126164069 0.9113595962686993,104.44161902897467 0.9401949427673053,104.4901991986524 0.9259489377958492,104.46959983341803 0.8880165273000645,104.42325126164069 0.9113595962686993))"
