id,zonepolygon
165121,"POLYGON((2.3540514762627263 47.05995643417017,2.361175423406281 47.054401431245736,2.3847788627373356 47.06258754935927,2.3897570426689763 47.07129853734834,2.4046057517754216 47.07346144795435,2.4097555930840153 47.07866376529706,2.4009150321709294 47.09619592513412,2.3814314658867497 47.09765667797759,2.3828047569023747 47.08713836307564,2.3814314658867497 47.07802080976197,2.373878365300812 47.069077078327325,2.3540514762627263 47.05995643417017))"
