id,zonepolygon
165115,"POLYGON((3.0710274627382583 45.78100570949509,3.0780655791933365 45.767775399145705,3.0841595580751724 45.757835635705526,3.1090504577333755 45.76657793111312,3.1328255584413833 45.764961308492744,3.1394345214540786 45.76556006307397,3.140721981781227 45.774660341474586,3.170161907928688 45.776995041972285,3.1798607757265396 45.783040863268944,3.2032067229921646 45.788008720740265,3.2008892944032974 45.79046255926428,3.1475026061708755 45.79369427931265,3.1467301299745865 45.7984816682643,3.131280606048805 45.79794310753945,3.112483685272438 45.80045634638759,3.098579113739235 45.793095826775065,3.080125515716774 45.789864072024216,3.078923886078102 45.784178122726594,3.071113293426735 45.78184372298724,3.0710274627382583 45.78100570949509))"
