id,zonepolygon
164437,"POLYGON((115.26334844787583 -8.490236474453173,115.26702843864426 -8.490257696970856,115.26694260795578 -8.486490681702477,115.26306949813828 -8.486236008913908,115.26334844787583 -8.490236474453173))"
