id,zonepolygon
188371,"POLYGON((7.307856484355626 43.70527987743207,7.307915492953954 43.70523140295687,7.308130069675145 43.705339985726845,7.308020099105534 43.70539621601258,7.307856484355626 43.70527987743207))"
188374,"POLYGON((7.201853275676129 43.77524716786325,7.201775491614697 43.77506705322347,7.20206785239732 43.77498958439433,7.202164411921856 43.775194876572094,7.201853275676129 43.77524716786325))"
188372,"POLYGON((7.254072724219287 43.73568180344302,7.2540378555020935 43.735408545583766,7.25474864089104 43.735360095478576,7.25474327647301 43.735662423494084,7.254072724219287 43.73568180344302))"
188373,"POLYGON((7.173988547604644 43.69017588509324,7.173918810170257 43.68998581705503,7.174138751309478 43.689933451265205,7.17420044211682 43.69017588509324,7.174012687485778 43.69021273494933,7.173988547604644 43.69017588509324))"
