id,zonepolygon
188375,"POLYGON((7.285032538934391 43.6953895274386,7.285005716844242 43.695216929658926,7.285389272733371 43.695181052529996,7.285377202792804 43.69550491556479,7.28505399660651 43.69549037085523,7.285032538934391 43.6953895274386))"
188378,"POLYGON((7.1739692748890205 43.69016165595063,7.173919654022245 43.690032681245505,7.174096679817228 43.69000067995992,7.174136912952451 43.69016165595063,7.1739692748890205 43.69016165595063))"
188377,"POLYGON((7.254206303933977 43.735713588896665,7.25411510882747 43.73549265722426,7.254463795999406 43.73538994309898,7.254565719941972 43.73568064299724,7.254206303933977 43.735713588896665))"
188376,"POLYGON((7.307824433829033 43.705278782188245,7.307943792130196 43.705172138289136,7.308221400763237 43.70535246331679,7.308102042462075 43.70543486973485,7.307824433829033 43.705278782188245))"
188379,"POLYGON((7.201891719332347 43.775194896551824,7.201812594166408 43.77502543372008,7.202040581932674 43.77496539534449,7.202117024889598 43.7751658458148,7.201891719332347 43.775194896551824))"
