id,zonepolygon
60702,"POLYGON ((-99.19273763895035 19.400413043155403, -99.1881000995636 19.393635262676593, -99.19159065932035 19.381775681625932, -99.19092580676079 19.375130915247148, -99.16534893214703 19.368682933414185, -99.15599372237921 19.36195665678256, -99.09670634195209 19.346264043014106, -99.06521159224212 19.329592398224843, -99.055964613799 19.364458898110946, -99.06045054551214 19.38960271779313, -99.0553234401159 19.42542771809473, -99.0412699431181 19.447648526651676, -99.03010055422783 19.486065990950635, -99.11533445119858 19.522061368797022, -99.15702976752073 19.502883882612863, -99.17296182713471 19.508727368178732, -99.17680798389483 19.506633046029766, -99.20468673342839 19.515379643378036, -99.21085924026556 19.510753135352534, -99.22098361013923 19.47639893438772, -99.21128291665809 19.471681524659026, -99.21930717318901 19.44358724494399, -99.21136692166328 19.434591117300524, -99.19711500406265 19.421703404849197, -99.19308096170425 19.40834665965904, -99.19273763895035 19.400413043155403))"
