id,zonepolygon
88150,"POLYGON ((31.56361293692867 -24.98027138093496, 31.583182333901327 -24.95941880991166, 31.605498312905233 -24.964710095340344, 31.632964133217733 -25.003298470261264, 31.582152365639608 -25.028187766467486, 31.56361293692867 -24.98027138093496))"
87979,"POLYGON ((30.93219956608354 -25.454712338951424, 30.987474529462446 -25.459362171070676, 31.02009019108354 -25.490666362091627, 30.992281048017134 -25.505540743990746, 30.958292095380415 -25.505230879820278, 30.931856243329634 -25.48477807720685, 30.93219956608354 -25.454712338951424))"
