id,zonepolygon
60397,"POLYGON ((-72.07543508530478 -45.56185546548533, -72.07895414353231 -45.57441358206149, -72.08092824936728 -45.583484924062404, -72.0753492546163 -45.596218374757726, -72.02050344467978 -45.58823027401742, -72.02900068283896 -45.56780439700289, -72.061788005837 -45.569486808806246, -72.06702367783407 -45.55554530426735, -72.072774333962 -45.556807393202554, -72.07543508530478 -45.56185546548533))"
