id,zonepolygon
189418,"POLYGON((-82.74574441348884 27.734261158959146,-82.74926347171638 27.732532826087393,-82.74787945186469 27.730263160520867,-82.74353427326056 27.730491078863242,-82.74326940891534 27.732936946706666,-82.74521132824212 27.73437088982949,-82.74574441348884 27.734261158959146))"
189417,"POLYGON((-81.56419221802678 28.36568267262059,-81.56513635560002 28.36273714581823,-81.55932132645573 28.362132925087227,-81.55550186081852 28.36118882330862,-81.55376378937687 28.366098060848266,-81.5556413356873 28.369024613639834,-81.55940715714421 28.369364466152344,-81.5652221862885 28.36996864570895,-81.56419221802678 28.36568267262059))"
