id,zonepolygon
189422,"POLYGON((115.15637038244681 -8.683066255006702,115.15173552526907 -8.686417694332082,115.15495417608695 -8.691593275965465,115.1600611020513 -8.692102345708836,115.16358016027884 -8.688878225657312,115.16010401739554 -8.683575336326617,115.15637038244681 -8.683066255006702))"
