id,zonepolygon
189423,"POLYGON((-86.87745430231489 20.98958445286272,-86.88277580500043 20.97019041733959,-86.81857445001997 20.934401017348645,-86.79415561914838 20.979767538751066,-86.8052706933061 21.010257965125174,-86.82947494745649 21.028364967266672,-86.85376503229536 21.009136220112435,-86.87745430231489 20.98958445286272))"
