id,zonepolygon
189698,"POLYGON((20.949264538841142 52.20382444908564,20.947676671104325 52.201529640350365,20.952182782249345 52.201319222157124,20.953438056068315 52.203298428898634,20.949264538841142 52.20382444908564))"
189699,"POLYGON((20.9875429561016 52.23810556451262,20.990568487870398 52.23844721046578,20.992349474656287 52.235424866532384,20.987457125413123 52.235306596716,20.9875429561016 52.23810556451262))"
