id,zonepolygon
189715,"POLYGON((100.53926522062676 13.750430421903955,100.53912574575799 13.749575869589815,100.54083163069146 13.749377863120763,100.54097110556023 13.74986766829163,100.53926522062676 13.750430421903955))"
189716,"POLYGON((100.88452572872123 12.949412191252057,100.88733668376884 12.95098058384323,100.88878507663688 12.948795287461015,100.88916058589896 12.94527158738172,100.88823790599784 12.9431176096851,100.88478322078666 12.943013047187334,100.88452572872123 12.949412191252057))"
