id,zonepolygon
190485,"POLYGON((-122.91244543491821 49.201010601259455,-122.91542805134277 49.19986089881317,-122.91564262806396 49.19750532740091,-122.91242397724609 49.19730902471913,-122.9088405460022 49.200225441506966,-122.91244543491821 49.201010601259455))"
