id,zonepolygon
66349,"POLYGON ((-87.65554783517635 14.444461432725861, -87.61529324228084 14.369476769271639, -87.6019036548785 14.374216013636133, -87.62061474496639 14.43698072559752, -87.61022923166072 14.446123777927486, -87.61151669198787 14.45293926333943, -87.63602135354793 14.46104276979063, -87.6473080890826 14.458009184030985, -87.65220043832576 14.451900330888572, -87.65554783517635 14.444461432725861))"
66351,"POLYGON ((-87.25048774170484 14.113379814112374, -87.22542518066969 14.045445949512345, -87.1682619421443 14.040283482780202, -87.14800589966383 14.101059976338538, -87.18800300049391 14.118207677029494, -87.25048774170484 14.113379814112374))"
