id,zonepolygon
66351,"POLYGON ((-87.25048774170484 14.113379814112374, -87.22542518066969 14.045445949512345, -87.1682619421443 14.040283482780202, -87.14800589966383 14.101059976338538, -87.18800300049391 14.118207677029494, -87.25048774170484 14.113379814112374))"
