id,zonepolygon
27467,"POLYGON ((-79.31875939524704 43.18599404398585, -79.31704278147751 43.13415395673242, -79.53028912699753 43.132619371133494, -79.49728722727829 43.209770662784784, -79.31875939524704 43.18599404398585))"
27466,"POLYGON ((-79.31115643784103 43.047667873414696, -79.12301556870041 43.05118030956411, -79.12301556870041 42.947730199708836, -79.30840985580978 42.94571973592783, -79.31115643784103 43.047667873414696))"
27465,"POLYGON ((-79.31606267003586 43.184980949908514, -79.05060694349763 43.287749722813906, -79.06712222327366 43.05319538779944, -79.3115680240549 43.04895232631219, -79.31606267003586 43.184980949908514))"
