id,zonepolygon
163223,"POLYGON((1.3419177454383968 44.02368794347237,1.3507153910072445 44.020262563508616,1.353247396317303 44.01461488335796,1.3641478937538265 44.01597284464485,1.3612511080177425 44.02240730656034,1.3652207773597835 44.02526170034371,1.3540198725135921 44.03524328317145,1.3446214121254085 44.02788453561964,1.3419177454383968 44.02368794347237))"
