id,zonepolygon
232135,"POLYGON((-81.47889215992085 28.473081231320318,-81.48249704883686 28.445463394830607,-81.44164164112202 28.446369012068555,-81.43692095325581 28.467648784469944,-81.45915110157124 28.474288403798507,-81.47889215992085 28.473081231320318))"
