id,zonepolygon
75720,"POLYGON ((-79.57667056032716 8.891267101358684, -79.57109156557618 8.89372627275607, -79.562594327417 8.902206047425608, -79.55898943850099 8.923319831839114, -79.55778780886232 8.931629339854414, -79.59574134695784 8.991437571896768, -79.60708737162562 8.937128348356278, -79.60751652506801 8.888202016829126, -79.57924548098146 8.882617470815601, -79.57667056032716 8.891267101358684))"
31303,"POLYGON ((-79.46250485071562 9.063175623863861, -79.4323353637161 9.021132646732827, -79.33397339472197 9.084873301140759, -79.37490530509967 9.12785696052259, -79.46250485071562 9.063175623863861))"
75719,"POLYGON ((-79.90356445460861 9.36908543656273, -79.90940094142502 9.36451237761393, -79.9054527297551 9.350454078850166, -79.89867210536545 9.343763484125851, -79.89111900477951 9.341984949972181, -79.88742828517502 9.356721101525634, -79.89652633815354 9.368238578337083, -79.90356445460861 9.36908543656273))"
16882,"POLYGON ((-79.54132172840883 8.927535563717393, -79.49806306141664 8.956024186928532, -79.47059724110414 8.98315413383249, -79.43420502919008 9.023845244928127, -79.45617768544008 9.054360567880135, -79.51522919911196 9.057072915827142, -79.58221435546875 8.991565847296542, -79.57977387684633 8.960772073961472, -79.56054780262758 8.92957053925649, -79.54132172840883 8.927535563717393))"
