id,zonepolygon
163232,"POLYGON((-2.783091555786139 47.66512835675125,-2.781374942016608 47.6496346518846,-2.7465276824951235 47.65807582238754,-2.7463560211181703 47.67079281727259,-2.7698736297607485 47.668249666143375,-2.783091555786139 47.66512835675125))"
