id,zonepolygon
235278,"POLYGON((25.966190614974128 43.882121272087915,25.949796953475104 43.88106957537898,25.947994509017096 43.864796843369824,25.962843218123542 43.86374484088494,25.981039324080573 43.87277908082463,25.97237042454444 43.88131703509835,25.966190614974128 43.882121272087915))"
