id,zonepolygon
235957,"POLYGON((20.857649895595767 37.73338938584501,20.85908755962775 37.73364393788822,20.859162661480166 37.73292270482623,20.859205576824404 37.73204873064262,20.858422371792056 37.73201478968956,20.857649895595767 37.73338938584501))"
235956,"POLYGON((20.873016399102447 37.73183474596258,20.876385253625152 37.73183474596258,20.877307933526275 37.728406621230015,20.87541965837979 37.72732044959508,20.873295348839996 37.7275410794977,20.873016399102447 37.73183474596258))"
