id,zonepolygon
235999,"POLYGON((-85.83994732381304 10.303028036798022,-85.84155664922197 10.299650149939042,-85.83720074178179 10.29908012796249,-85.83647118092973 10.300177947146599,-85.83580599309404 10.302721917292967,-85.83994732381304 10.303028036798022))"
