id,zonepolygon
238002,"POLYGON((7.2553946197319386 43.70296379565943,7.254793804912603 43.69520708137529,7.264321011333501 43.69489679193178,7.269470852642095 43.69979917741869,7.268784207134282 43.70314994447158,7.2553946197319386 43.70296379565943))"
