id,zonepolygon
239970,"POLYGON((7.307178577837945 43.70666267718817,7.305526337084771 43.704871075865185,7.308187088427545 43.70348274191345,7.309571108279229 43.704894343758035,7.310343584475518 43.70607323850756,7.307178577837945 43.70666267718817))"
239972,"POLYGON((7.200857024363323 43.77674820349895,7.199773411921306 43.77462558095831,7.202401976755901 43.77398258188939,7.204880337885662 43.77539252261366,7.202562909296795 43.77659327009618,7.200857024363323 43.77674820349895))"
239971,"POLYGON((7.172960630243854 43.692740068193515,7.170128217524128 43.688985303652096,7.174720159357624 43.68822501279367,7.177852979487018 43.690226574138215,7.178282132929401 43.69250734168772,7.172960630243854 43.692740068193515))"
