id,zonepolygon
262643,"POLYGON((-82.82566521399728 27.968265158787464,-82.82699558966867 27.965744569650838,-82.8217062734913 27.964133635981295,-82.82104108565561 27.967507093057716,-82.82566521399728 27.968265158787464))"
