id,zonepolygon
262644,"POLYGON((-80.13280398753852 25.781369561994236,-80.13409144786567 25.777022081677742,-80.13113028911323 25.776345792642978,-80.12958533672065 25.78107973492987,-80.13280398753852 25.781369561994236))"
