id,zonepolygon
263097,"POLYGON((-1.278677315 51.784727343,-1.2785185292795331 51.78302424416737,-1.2748578494445728 51.78273485729012,-1.275162549 51.784838846,-1.278677315 51.784727343))"
263099,"POLYGON((-1.228986349 51.766959175,-1.2289606 51.765254078,-1.2253106504754552 51.76538289166644,-1.225896445 51.767110559,-1.228986349 51.766959175))"
263100,"POLYGON((-1.529913797 52.737893611,-1.5301004782791683 52.73663338826132,-1.5270105727393757 52.73651905666897,-1.527184381 52.737994947,-1.529913797 52.737893611))"
263095,"POLYGON((1.282495038 51.157913826,1.2823684371639432 51.156399805755015,1.2854497576226898 51.15659629478515,1.28438139 51.157811198,1.282495038 51.157913826))"
263102,"POLYGON((-0.199465519 51.436298655,-0.199439769 51.434581096,-0.19623399295092048 51.434864684525905,-0.197547203 51.436667841,-0.199465519 51.436298655))"
263094,"POLYGON((-0.454456968 54.13742491,-0.44715277736133263 54.138106242224666,-0.44981352793530105 54.14090688277304,-0.454405469 54.140125036,-0.454456968 54.13742491))"
263096,"POLYGON((0.26918901122899186 51.12803113332753,0.26919115754016065 51.12943296960611,0.26673639857362375 51.129773659671386,0.266717087 51.128351634,0.26918901122899186 51.12803113332753))"
263103,"POLYGON((-2.2963513109726463 51.34233536093719,-2.227858421789053 51.33604046805099,-2.2160137869999907 51.370592733998414,-2.283648369863287 51.37490056044406,-2.2963513109726463 51.34233536093719))"
