id,zonepolygon
267897,"POLYGON((9.080415189 45.813776459,9.081512212475452 45.812617369331164,9.08364456924537 45.81372598228037,9.082192565 45.814512597,9.081723178 45.814512597,9.080415189 45.813776459))"
