id,zonepolygon
269941,"POLYGON((-7.937364510860414 37.01789067812397,-7.936298333237725 37.0169837039144,-7.935478918213372 37.01732315094341,-7.936318450311153 37.01833934262387,-7.937364510860414 37.01789067812397))"
