id,zonepolygon
269943,"POLYGON((0.0009965795408906075 51.50383481327182,4.2835672489083265e-05 51.504211543402846,-0.0020986395899691423 51.502758334560966,-0.0005633426314233247 51.50193219034038,0.0009290389829041956 51.501987610408186,0.0009965795408906075 51.50383481327182))"
269942,"POLYGON((-0.02122173 51.474383138,-0.019785139053536405 51.47371086258095,-0.018155429057982175 51.47327915770205,-0.01728853950817788 51.475289291784115,-0.018938634492189355 51.4759147675479,-0.02122173 51.474383138))"
