id,zonepolygon
269950,"POLYGON((-79.389148267 43.639865383,-79.3881451209502 43.636538257700586,-79.38191703169849 43.63705849710691,-79.38304892398365 43.64135224159189,-79.389148267 43.639865383))"
