id,zonepolygon
269951,"POLYGON((98.916806676 8.064212803,98.916532225 8.057555957,98.92222923754052 8.05917063707819,98.922010161 8.064053462,98.916806676 8.064212803))"
