id,zonepolygon
269952,"POLYGON((98.29732671814828 7.809595371422402,98.29822794091822 7.805077883125965,98.30115691324463 7.805364877019607,98.30099598091783 7.809892992354857,98.29732671814828 7.809595371422402))"
