id,zonepolygon
161307,"POLYGON((1.4769055405328357 48.44722577892032,1.4834286728570545 48.443923596939335,1.489608482427367 48.44158916635236,1.4963032761285389 48.44295567532595,1.4961316147515857 48.44537544477459,1.4941145935723865 48.4462863869326,1.4905526200006092 48.452975617831775,1.4879776993463123 48.453260246409506,1.4815833130548084 48.45280483991931,1.4769055405328357 48.44722577892032))"
