id,zonepolygon
188647,"POLYGON((0.29461719018552657 46.578115870378895,0.3225121639404094 46.56826247474033,0.3510937832031047 46.57835185790183,0.35366870385740157 46.586138869985234,0.34482814294431563 46.59079874374048,0.31452990991208907 46.60011728943832,0.29461719018552657 46.578115870378895))"
