id,zonepolygon
96316,"POLYGON ((99.08802203221387 10.510859705340664, 99.10278491063184 10.515247979091919, 99.1036432175166 10.529087510636765, 99.11308459324903 10.54393899966325, 99.12716082615918 10.515501146828301, 99.1472452072627 10.508792131671633, 99.15325335545606 10.514910421787064, 99.16835955662793 10.507906024433655, 99.1772859482295 10.51727331516877, 99.18895892186231 10.529762593850124, 99.20706919713086 10.52090200906524, 99.20286349339551 10.508665545078966, 99.20869998021192 10.485203934763366, 99.22148875279493 10.48545712710608, 99.22045878453321 10.478367663252635, 99.21960047764844 10.469590007041383, 99.22041042456517 10.461566889207361, 99.21843631873021 10.450003336970848, 99.21491726050267 10.45211350636145, 99.21045406470189 10.456671423313523, 99.20101268896947 10.464943027586111, 99.17389019141088 10.474564820336658, 99.15955646643529 10.475662023347315, 99.15345334660906 10.470116705481274, 99.14825144901178 10.469930839060567, 99.14201044220839 10.481670519497424, 99.13668871278718 10.488946975072816, 99.12857759935827 10.497015869109656, 99.12177546061255 10.49328596907562, 99.11651827425948 10.495632497665719, 99.11428644962338 10.50290862486623, 99.0897386459834 10.503095683651368, 99.08802203221387 10.510859705340664))"
