id,zonepolygon
96316,"POLYGON ((99.07428912205762 10.502082970786887, 99.11308459324903 10.54393899966325, 99.15085009617871 10.531787834619061, 99.17076281590528 10.548664323231822, 99.22792605443067 10.541238782196588, 99.24045733494825 10.506471369230681, 99.22148875279493 10.48545712710608, 99.22045878453321 10.478367663252635, 99.21960047764844 10.469590007041383, 99.22041042456517 10.461566889207361, 99.21843631873021 10.450003336970848, 99.21491726050267 10.45211350636145, 99.21045406470189 10.456671423313523, 99.20101268896947 10.464943027586111, 99.17389019141088 10.474564820336658, 99.15689571509252 10.453801631551691, 99.1137721456996 10.44866897102403, 99.10913683505049 10.493269438782526, 99.07428912205762 10.502082970786887))"
