id,zonepolygon
88124,"POLYGON ((-80.6819311877279 -0.9603205457168721, -80.6911901732473 -0.9615970976421082, -80.70045988760278 -0.9564908870832063, -80.69659750662133 -0.9556756090626611, -80.69346468649194 -0.9555039715599886, -80.69144766531274 -0.9580356238540149, -80.6817166110067 -0.9596876332409822, -80.6819311877279 -0.9603205457168721))"
88122,"POLYGON ((-80.74814066176017 -0.9579824711335692, -80.74423536543449 -0.9553220906656984, -80.74208281693727 -0.9500871424456501, -80.73738358674318 -0.9450881885853377, -80.7337143248108 -0.9447449125193412, -80.72925112901002 -0.9453456456125712, -80.72800658402711 -0.9462038355654575, -80.72448752579957 -0.9431143507428839, -80.72186968980104 -0.9448736410480593, -80.72079680619508 -0.9486067663035086, -80.72028182206422 -0.9507093293306326, -80.72217009721071 -0.9538417167710386, -80.7264187162903 -0.9553435453551308, -80.73040984330446 -0.9585617472521255, -80.73444388566286 -0.9633246805062685, -80.73577426133424 -0.9646548678848609, -80.7394220655945 -0.9610075786716362, -80.74666102325118 -0.9600206644497233, -80.74814066176017 -0.9579824711335692))"
88126,"POLYGON ((-80.82480867797466 -0.9572237720200737, -80.8318038790855 -0.9573095907294839, -80.84708174163433 -0.9824972883019931, -80.85308988982769 -0.9901350877466453, -80.84553678924175 -0.9952841561021123, -80.8217187731895 -0.9585968711127194, -80.82446535522075 -0.957524137493595, -80.82480867797466 -0.9572237720200737))"
88123,"POLYGON ((-80.75554016799863 -0.9572744668556844, -80.74820164413389 -0.9580039258063735, -80.74412468643125 -0.9553435453551308, -80.742279326629 -0.9499369593876598, -80.73738697738584 -0.9450881885853377, -80.73356751174863 -0.9445732744736208, -80.7289326545709 -0.9453456456125712, -80.72820309371885 -0.9462038355654575, -80.72249535293516 -0.9415266977528681, -80.71846131057676 -0.9317862163323544, -80.71863297195371 -0.928653809081609, -80.7234394905084 -0.9291258158314928, -80.72382572860654 -0.9354764459577135, -80.74236515731748 -0.9426423458755068, -80.74738625259336 -0.9437579936407147, -80.754166876983 -0.9439725412468585, -80.75554016799863 -0.9572744668556844))"
88125,"POLYGON ((-80.8213565635681 -0.9546875165491411, -80.8167646217346 -0.9612955557723615, -80.81024148941039 -0.9630977460720985, -80.80294588088988 -0.9628831996577849, -80.79634431092033 -0.9555564315247224, -80.81243756500969 -0.9516087666597053, -80.8213565635681 -0.9546875165491411))"
