id,zonepolygon
17403,"POLYGON ((104.42320818272367 10.44640952345354, 104.44312090245023 10.453837342060442, 104.46921343174711 10.52473028772717, 104.4904994424893 10.578058054724302, 104.49667925205961 10.643523772016444, 104.43488115635648 10.71032480531374, 104.22339433995035 10.764969245822702, 104.16931410226164 10.765589547250583, 104.15352125558195 10.708921165289768, 104.09721632394132 10.560453868942796, 104.08966322335539 10.540202747347175, 104.25926466378507 10.559778853040317, 104.28741712960539 10.588128243394928, 104.34440870675382 10.584753453323408, 104.39453382882414 10.563828926214544, 104.40689344796476 10.529401604412197, 104.42680616769132 10.484842893252582, 104.42320818272367 10.44640952345354))"
31036,"POLYGON ((104.93657338034969 11.618794159176321, 104.98326527488094 11.726385418937754, 104.92284047019344 11.741175946991579, 104.80336415183406 11.71428348825126, 104.69762074363094 11.67931937959143, 104.71959339988094 11.446561855559747, 104.82533680808406 11.406179680808908, 104.96541249167781 11.434447807278048, 105.05055653464656 11.4559835346091, 105.08076893699031 11.52192648346083, 104.93931996238094 11.56901912466424, 104.93657338034969 11.618794159176321))"
17404,"POLYGON ((104.34853436079106 10.493556745315903, 104.37136532392583 10.509928981404169, 104.36795407121963 10.54068261682192, 104.34666806047744 10.548783212795167, 104.31542568987197 10.565996270927013, 104.26083737200088 10.544732941457292, 104.27525692766494 10.504902437535092, 104.28692990129775 10.473000575994588, 104.31748562639541 10.473675781714924, 104.34853436079106 10.493556745315903))"
17405,"POLYGON ((103.55065376295136 10.563225086245177, 103.57262641920136 10.574531280127882, 103.555631942883 10.625910146052659, 103.5307410432248 10.650541941698808, 103.51529151929901 10.654422111626404, 103.49726707471893 10.64598689655547, 103.49675209058807 10.63215263856, 103.48885566724823 10.623885526480965, 103.49349052442597 10.610893898341851, 103.50121528638886 10.594864505793407, 103.55065376295136 10.563225086245177))"
