id,zonepolygon
161318,"POLYGON((1.8960753120252072 47.933985621903275,1.9024267829724728 47.92035504765883,1.9007959998914181 47.916558552065084,1.9052591956921994 47.91402740023049,1.9231119788953244 47.91161118524732,1.9254294074841916 47.922425746016266,1.9283476508923947 47.93576825836122,1.8960753120252072 47.933985621903275))"
