id,zonepolygon
271182,"POLYGON((24.008969235065052 35.51498466528509,24.007685798852425 35.51540820930904,24.00695221462742 35.514426850318856,24.00806398989331 35.514093360457665,24.008969235065052 35.51498466528509))"
