id,zonepolygon
100742,"POLYGON ((-56.51868759191764 -21.111198868969737, -56.47422729528678 -21.10575400886856, -56.45534454382194 -21.13761961688696, -56.500834808714515 -21.146265384484735, -56.51868759191764 -21.111198868969737))"
