id,zonepolygon
271442,"POLYGON((-79.38507272912646 43.64902935045174,-79.38145174721045 43.63932846539201,-79.36639382562635 43.644429485669924,-79.37035276593605 43.651028337874244,-79.38507272912646 43.64902935045174))"
