id,zonepolygon
271443,"POLYGON((-5.996050133621586 37.398926285476044,-5.9975468058832915 37.39220112658082,-5.988722337920038 37.39063268828905,-5.985868467772457 37.39715768620492,-5.996050133621586 37.398926285476044))"
