id,zonepolygon
161144,"POLYGON((5.0299149454241565 47.32585731561304,5.033004850209313 47.309244759920894,5.052574247181969 47.30528723393521,5.06253060704525 47.313201989602284,5.064333051503258 47.319224557248184,5.063989728749352 47.32888250778521,5.060213178456383 47.335252297811586,5.0502139032488635 47.33781163176002,5.042231649220543 47.33923666166933,5.033605665028649 47.33664831352502,5.02858456975277 47.333332715943094,5.0299149454241565 47.32585731561304))"
