id,zonepolygon
271654,"POLYGON((2.616844524 39.566208391,2.609463085 39.55244451,2.6274875293398425 39.550525290666236,2.629719127 39.560782572,2.616844524 39.566208391))"
