id,zonepolygon
164930,"POLYGON((0.1646375439748482 49.475283013662825,0.15004632693383257 49.471378907443196,0.12326715212914507 49.47439067396155,0.1042127392873482 49.48476311898196,0.08344171267602007 49.50895694732286,0.07451532107445757 49.52901648609801,0.10060785037133257 49.54305326760158,0.11210916262719195 49.530910572845386,0.16841409426781695 49.521885148342285,0.19107339602562945 49.515755823886465,0.1941633008107857 49.50226860582309,0.18575189334008257 49.48777406248785,0.17390725833031695 49.476844569020685,0.1646375439748482 49.475283013662825))"
