id,zonepolygon
27587,"POLYGON ((21.88507943338108 47.05534966617555, 21.905163814484595 47.08773537570419, 21.97245507425022 47.06774507807614, 21.97897820657444 47.01966754590955, 21.947607089936255 47.02695214621328, 21.91406874841404 47.03819890379795, 21.91228776162815 47.04464753551033, 21.88507943338108 47.05534966617555))"
