id,zonepolygon
17477,"POLYGON ((56.06262133221025 25.876738519637673, 56.063994623225874 25.828540370427422, 56.06605455974931 25.763627247693247, 56.072921014827436 25.59499671607585, 55.873107172054 25.590661781418245, 55.86830065349931 25.7994884148696, 55.952758050960256 25.877356317046594, 55.996703363460256 25.90021254906703, 56.059874750179 25.905153855156133, 56.06262133221025 25.876738519637673))"
