id,zonepolygon
35076,"POLYGON ((39.561056115747064 -4.261291829351253, 39.60294149172363 -4.25581383130468, 39.59927759420928 -4.271488077225987, 39.590463855386346 -4.290585616271067, 39.57929647815284 -4.319966541005816, 39.571905651212305 -4.300219795907055, 39.57193079692182 -4.299927087945928, 39.571728793055385 -4.299877021667182, 39.57155897569713 -4.299746715594054, 39.57166291129646 -4.299048963387928, 39.57190833342132 -4.297573217039559, 39.572546699166864 -4.29774840773874, 39.57360348951873 -4.295408070648641, 39.57233212244567 -4.2948758101252675, 39.57286856424865 -4.286669857201264, 39.57119486582336 -4.286498676019145, 39.57044384729919 -4.299818597073971, 39.57207999479827 -4.30026259043679, 39.57942388308105 -4.320349007094842, 39.570497491479486 -4.338150851350124, 39.55041311037597 -4.3402048833357725, 39.529813745141595 -4.3244571621509005, 39.53702352297363 -4.288681233219236, 39.55333135378417 -4.267882494026588, 39.561056115747064 -4.261291829351253))"
35077,"POLYGON ((39.57077974062742 -4.338195205263493, 39.55927842837156 -4.379959418200039, 39.50760835390867 -4.363356709892155, 39.531984269436016 -4.3263844137147975, 39.55086702090086 -4.340762744221598, 39.57077974062742 -4.338195205263493))"
110816,"POLYGON ((39.60113454094358 -4.247118728564146, 39.6002011322064 -4.248509645893367, 39.6011559986157 -4.248905521905473, 39.60168171158262 -4.247835586270083, 39.60113454094358 -4.247118728564146))"
