id,zonepolygon
164933,"POLYGON((1.0900199119495158 49.45069255067248,1.0824668113635783 49.44081518246516,1.1064994041370158 49.43395007673406,1.1137950126575236 49.43964315927105,1.1119067375110392 49.44488914040286,1.0900199119495158 49.45069255067248))"
