id,zonepolygon
27460,"POLYGON ((-79.80283914545957 43.12923670036544, -79.73760782221738 43.258389821346974, -79.84953103999082 43.29188487501354, -80.05964456538145 43.21186613242989, -79.80283914545957 43.12923670036544))"
27461,"POLYGON ((-79.27325017577648 42.98282485144814, -79.03137929564953 42.98734557501307, -79.07934213127945 43.2672791329586, -79.2578699633107 43.251777446469504, -79.27325017577648 42.98282485144814))"
