id,zonepolygon
65751,"POLYGON ((100.56530865370578 13.952317785144704, 100.70401104628391 13.911997837816658, 100.67654522597141 13.833670435803294, 100.56874188124485 13.852671425361104, 100.5356112354929 13.8393375600823, 100.5180159443552 13.833003706224021, 100.5004206532175 13.828669917396274, 100.49527081190891 13.913997339841304, 100.54196270644016 13.952650978510745, 100.56530865370578 13.952317785144704))"
27201,"POLYGON ((99.96285380754522 12.64228040176208, 99.87496318254522 12.627540017439944, 99.91616191301397 12.421756420611093, 100.01297892961553 12.435838042811698, 99.96285380754522 12.64228040176208))"
78268,"POLYGON ((99.85783978732275 12.72103097330721, 99.86874028475927 12.720110009070229, 99.88410397799657 12.718519244790393, 99.89963933261083 12.69507524750591, 99.88753720553564 12.686953072806153, 99.87122937472509 12.686743734979567, 99.86710950167821 12.69574510600881, 99.86264630587743 12.703866999946335, 99.86015721591161 12.709267497105419, 99.85805436404394 12.713537576379855, 99.85440655978368 12.720947249423745, 99.85783978732275 12.72103097330721))"
17503,"POLYGON ((100.50569416949861 13.591156571355057, 100.56611897418611 13.644543954833726, 100.64714314410799 13.595161042925218, 100.70619465777986 13.651216529784193, 100.72954060504549 13.700587713202678, 100.67666890094391 13.834971452563027, 100.56680561969391 13.852305653802706, 100.52560688922516 13.835304814772067, 100.45625569293611 13.81396867085923, 100.31892659137361 13.817969346749875, 100.32441975543611 13.641874872029634, 100.50569416949861 13.591156571355057))"
