id,zonepolygon
17504,"POLYGON ((70.844877558446 26.945959081818117, 70.81226189682491 26.873708227185965, 70.86221535751827 26.84200736285715, 70.94650109360225 26.862682847059776, 70.97259362289913 26.90187931385045, 70.96298058578975 26.96799250496565, 70.87646325180538 26.974112135416416, 70.844877558446 26.945959081818117))"
