id,zonepolygon
105393,"POLYGON ((98.64483348219089 10.000247021103652, 98.65770808546237 9.995682549236388, 98.64311686842136 9.97843841068889, 98.64560595838718 9.968717047656764, 98.64534846632175 9.9623768720772, 98.6354480699476 9.952988710696596, 98.63373145617807 9.945464659431254, 98.62952575244272 9.942421173743268, 98.60034331836069 9.937517720530462, 98.59073028125131 9.934474160863905, 98.59347686328256 9.945802822758004, 98.59828338183725 9.955440330404928, 98.61630782641733 9.963048688100342, 98.62729415454233 9.980969895723844, 98.64483348219089 10.000247021103652))"
