id,zonepolygon
163237,"POLYGON((0.6717100524902442 47.39423752629869,0.6783190155029395 47.38174388244609,0.6937685394287207 47.37988411017347,0.7103338623046973 47.384126619795104,0.7033815765380957 47.397200700290284,0.6717100524902442 47.39423752629869))"
