id,zonepolygon
163237,"POLYGON((0.670165100097666 47.38871744418621,0.6783190155029395 47.38174388244609,0.6856146240234473 47.38005846661094,0.6937685394287207 47.378954199435604,0.7103338623046973 47.384126619795104,0.7035532379150489 47.397491198575445,0.6967511558532813 47.39779622005122,0.6865158462524512 47.39722975019088,0.678082981109629 47.396663274240545,0.668019332885752 47.39423752629872,0.670165100097666 47.38871744418621))"
189414,"POLYGON((0.1701817511893733 48.01439362177163,0.18374299996867016 48.02036453119442,0.2258000373221858 48.02530149166598,0.24262285226359204 48.00646961671538,0.2367863654471858 47.96958975857091,0.22082185739054516 47.9620037176353,0.18769121163859204 47.951887263215355,0.1770482062674983 47.97257789303299,0.1701817511893733 48.01439362177163))"
189413,"POLYGON((1.3207814161354925 47.5913624214073,1.3207814161354925 47.58279468208356,1.3314244215065862 47.57549942039461,1.3472172681862737 47.58632614994233,1.3435265485817816 47.59315683781465,1.3321110670143987 47.59361990302861,1.3207814161354925 47.5913624214073))"
