id,zonepolygon
35632,"POLYGON ((118.74720981597443 9.845462657790659, 118.73004367827912 9.848337910339723, 118.69828632354279 9.827872332568855, 118.68094852447052 9.797932801927683, 118.71905735015412 9.783554100396865, 118.72231891631623 9.756994157428093, 118.72798374175568 9.72264918240117, 118.74738147735138 9.720449630181708, 118.77501895904084 9.71571208396935, 118.78205707549591 9.74244450094871, 118.77965381621857 9.791843074943664, 118.76609256743927 9.821275719324008, 118.74720981597443 9.845462657790659))"
108695,"POLYGON ((119.37481755031251 11.188149616616592, 119.37224262965822 11.16949882672905, 119.38872212184572 11.160278241612565, 119.39769142879152 11.157415169308864, 119.40194004787111 11.159183540828852, 119.41361302150392 11.171540788836948, 119.44159382594728 11.203684008122655, 119.41537255061769 11.223384963136228, 119.37481755031251 11.188149616616592))"
108696,"POLYGON ((119.16614307137493 10.414083437146441, 119.16080011101727 10.408343041533975, 119.16919006081585 10.40023877377383, 119.18631328316692 10.399352356720044, 119.19528259011273 10.415518519536255, 119.17172206612591 10.423706804390253, 119.16614307137493 10.414083437146441))"
