id,zonepolygon
35632,"POLYGON ((118.74720981597443 9.845462657790659, 118.73004367827912 9.848337910339723, 118.69828632354279 9.827872332568855, 118.68094852447052 9.797932801927683, 118.71905735015412 9.783554100396865, 118.72231891631623 9.756994157428093, 118.72798374175568 9.72264918240117, 118.74738147735138 9.720449630181708, 118.77501895904084 9.71571208396935, 118.78205707549591 9.74244450094871, 118.77965381621857 9.791843074943664, 118.76609256743927 9.821275719324008, 118.74720981597443 9.845462657790659))"
