id,zonepolygon
100745,"POLYGON ((-51.55039527485595 -29.125744893487834, -51.472117686965326 -29.136840995435886, -51.46010139057861 -29.195300654489234, -51.540782237746576 -29.17941491362118, -51.55039527485595 -29.125744893487834))"
100743,"POLYGON ((-51.235399615394556 -29.179867938306273, -51.23196638785549 -29.184963610129756, -51.20553053580471 -29.182565678446366, -51.19008101187893 -29.200848491639643, -51.17764727097122 -29.209506828210802, -51.167776741796416 -29.20388793263418, -51.18125215988724 -29.186879531808568, -51.16545931320755 -29.182982937136124, -51.15790621262161 -29.166195914392357, -51.150353112035674 -29.153304015598568, -51.186058678441924 -29.149106303966484, -51.18949190598099 -29.16499673627205, -51.21232286911575 -29.174889536833522, -51.22657076340286 -29.173690460274994, -51.235399615394556 -29.179867938306273))"
100744,"POLYGON ((-50.89156516502354 -29.36178141520625, -50.87148078392003 -29.35385177971381, -50.85774787376378 -29.3806305227978, -50.87422736595128 -29.40441131955075, -50.90667136619542 -29.391250307759055, -50.89156516502354 -29.36178141520625))"
