id,zonepolygon
31302,"POLYGON ((-79.37387109387333 9.126291970523166, -79.32735086071904 9.086459990392541, -79.43429589856083 9.014157883157848, -79.48304772961552 9.082815566522848, -79.37387109387333 9.126291970523166))"
31301,"POLYGON ((-79.42829516404808 9.005865895275976, -79.54584029191673 8.926891622920325, -79.56749108308495 8.9475164583068, -79.59463503831566 8.992895455648247, -79.49717429155052 9.102303004811038, -79.42829516404808 9.005865895275976))"
75715,"POLYGON ((-79.57667056032716 8.891267101358684, -79.57109156557618 8.89372627275607, -79.562594327417 8.902206047425608, -79.55898943850099 8.923319831839114, -79.55778780886232 8.931629339854414, -79.59574134695784 8.991437571896768, -79.60708737162562 8.937128348356278, -79.60751652506801 8.888202016829126, -79.57924548098146 8.882617470815601, -79.57667056032716 8.891267101358684))"
75714,"POLYGON ((-79.90356445460861 9.36908543656273, -79.90940094142502 9.36451237761393, -79.9054527297551 9.350454078850166, -79.89867210536545 9.343763484125851, -79.89111900477951 9.341984949972181, -79.88742828517502 9.356721101525634, -79.89652633815354 9.368238578337083, -79.90356445460861 9.36908543656273))"
