id,zonepolygon
17509,"POLYGON ((73.06307489633662 22.26399544156278, 73.19079096078974 22.206792840871337, 73.26632196664912 22.272891524598904, 73.28005487680537 22.36436122746956, 73.18117792368037 22.412612709457484, 73.08916742563349 22.397377207905052, 73.06307489633662 22.26399544156278))"
