id,zonepolygon
163224,"POLYGON((1.3201097368658887 43.46285847702567,1.3266757845343458 43.45849748298797,1.3432840227545606 43.46637819280141,1.3410095095099317 43.47226469302057,1.3258174776495801 43.475254441832504,1.3183931230963575 43.47372844269049,1.3140157579840528 43.4651634467986,1.3201097368658887 43.46285847702567))"
