id,zonepolygon
39903,"POLYGON ((124.13358489265529 24.412266714863197, 124.26550666084377 24.42187966133857, 124.2533187030801 24.344486410463777, 124.16680136909572 24.317583124537, 124.12216941108791 24.345424794063387, 124.10088340034572 24.372322166192973, 124.13358489265529 24.412266714863197))"
39902,"POLYGON ((124.1334064928863 24.41249052076908, 124.27313885372614 24.422494204199367, 124.2875584093902 24.496871699501014, 124.2542561022613 24.526547923041047, 124.1615589587066 24.463751012752244, 124.11521038692926 24.431246776648905, 124.1334064928863 24.41249052076908))"
