id,zonepolygon
28904,"POLYGON ((-100.95557873144433 22.171461846499827, -100.9564370383291 22.135450871422105, -100.97394649877832 22.13330423099614, -101.00244228735254 22.143878106365037, -101.00115482702539 22.159538703119335, -100.97566311254785 22.171620814915833, -100.95557873144433 22.171461846499827))"
