id,zonepolygon
105394,"POLYGON ((99.89365855066838 8.461911974723876, 99.95168009607853 8.473457702084673, 99.98086253016056 8.465986976870134, 100.01931467859806 8.454101433440359, 99.98566904871525 8.439838297624812, 99.99493876307072 8.40587633148054, 100.00661173670353 8.39534751734841, 99.97880259363713 8.370552730931408, 99.93932047693791 8.400781779676285, 99.91026878398208 8.401343812969959, 99.89447593730239 8.413910234773306, 99.89365855066838 8.461911974723876))"
