id,zonepolygon
17515,"POLYGON ((109.02969981619803 13.978327080854823, 109.08188487479178 13.861026373254237, 109.15466929861991 13.692969986625513, 109.31740428397147 13.741665412814372, 109.30847789236991 13.907687190388272, 109.24461986014335 13.962335037794576, 109.02969981619803 13.978327080854823))"
