id,zonepolygon
165032,"POLYGON((-3.4616295322219237 47.75621602201191,-3.4593121036330565 47.754254089386166,-3.452188156489502 47.75298456415078,-3.444463394526611 47.753330801377494,-3.4422317966262206 47.75373474189701,-3.4420601352492675 47.75258061780799,-3.436481140498291 47.75159959220689,-3.4332195743361815 47.751311051745844,-3.4321896060744628 47.754484908828694,-3.4271255954543456 47.756562237737505,-3.426610611323486 47.763428373698886,-3.430558822993408 47.76838989108109,-3.430387161616455 47.773466302692924,-3.432962082270752 47.773927770086395,-3.441373489741455 47.77150502058377,-3.44274678075708 47.76688994736528,-3.4408585056105956 47.764005318640606,-3.4432617648879393 47.7605435530058,-3.4616295322219237 47.75621602201191))"
111283,"POLYGON((-3.3989702062933635 47.76108095243743,-3.4044633703558635 47.7361496968279,-3.394163687738676 47.73037687060322,-3.3769975500433635 47.73106964354016,-3.3656678991644573 47.7241414994701,-3.346098502191801 47.73961308538405,-3.353565772089262 47.75738818665872,-3.3639942007391643 47.76154252973058,-3.3703027563421917 47.77169619406606,-3.3989702062933635 47.76108095243743))"
