id,zonepolygon
101775,"POLYGON ((138.35532901363126 34.914596113353795, 138.34176776485197 34.95174923143587, 138.36185214595548 35.01503960920961, 138.39172122554533 35.03949876982724, 138.4822267936982 35.05358520966892, 138.53441185229195 35.04627760241153, 138.54368156664742 34.97429087645174, 138.48291343920602 34.937288697678056, 138.35532901363126 34.914596113353795))"
