id,zonepolygon
17524,"POLYGON ((78.11808451867319 9.97457190139567, 78.07345256066537 9.973895634023956, 78.04873332238412 9.9346697276906, 78.03980693078256 9.890027630236656, 78.05765971398569 9.852821248116223, 78.10279378990299 9.82846570639875, 78.16459188560611 9.83387820416674, 78.19617757896549 9.860939362677335, 78.2078505525983 9.890027630236656, 78.19549093345768 9.933317026224186, 78.17214498619205 9.961046287359965, 78.11808451867319 9.97457190139567))"
