id,zonepolygon
27782,"POLYGON ((5.833131928855444 61.46155879900312, 5.83948339980271 61.46082069192252, 5.84497656386521 61.45860626577232, 5.85021223586228 61.4589087082518, 5.856649537498022 61.45785783617011, 5.878021378928686 61.45698635439441, 5.8757897810282955 61.45519205047101, 5.868966241294409 61.452859300929326, 5.864245553428198 61.44952137105158, 5.825922151023413 61.44474202284726, 5.826866288596655 61.45302849522975, 5.833131928855444 61.46155879900312))"
