id,zonepolygon
27782,"POLYGON ((5.833131928855444 61.46155879900312, 5.83948339980271 61.46082069192252, 5.815622468406225 61.46467505836629, 5.817768235618139 61.472520705981346, 5.841543336326147 61.466960800452135, 5.91338362258103 61.467647515311825, 5.917675157004858 61.45018796011075, 5.87617601912644 61.4479368829288, 5.866648812705542 61.44599333931158, 5.825922151023413 61.44474202284726, 5.81000055831101 61.453110528499366, 5.814678330832983 61.46147678796871, 5.833131928855444 61.46155879900312))"
