id,zonepolygon
67429,"POLYGON ((102.74993177566577 17.77861546093654, 102.76126142654468 17.776000027126134, 102.76675459060718 17.7799231634863, 102.77241941604663 17.777144284128358, 102.78186079177905 17.782538539871943, 102.78889890823413 17.777961606072676, 102.7875256172185 17.769624746863148, 102.78083082351733 17.766028334618863, 102.77671095047046 17.769297803284754, 102.7761959663396 17.765864859616297, 102.7681278816228 17.765047482361787, 102.76297804031421 17.76210489331264, 102.76143308792163 17.767336129259206, 102.75868650589038 17.76128749887378, 102.75113340530444 17.758998774573687, 102.75439497146655 17.77207680464258, 102.75010343704272 17.77338455503867, 102.74993177566577 17.77861546093654))"
66918,"POLYGON ((102.75585708292434 17.43576563909593, 102.82143172892043 17.45541747611391, 102.8636604276509 17.393507023003117, 102.87670669229934 17.36336312809252, 102.86846694620559 17.35123864109718, 102.82314834268996 17.336491563005488, 102.77679977091262 17.348289320318756, 102.73972091349074 17.381712176996075, 102.75585708292434 17.43576563909593))"
