id,zonepolygon
27706,"POLYGON ((55.75600320357752 -4.32813842162704, 55.75025254744959 -4.344656322924972, 55.756861510462286 -4.349085284230821, 55.76608830947352 -4.355140295474194, 55.77128106612635 -4.348101072856476, 55.77196771163416 -4.346956390619374, 55.76872760314417 -4.342152985462167, 55.76806241530848 -4.3414469144196515, 55.76829844970179 -4.340933407791991, 55.768625679201605 -4.339392885813063, 55.770884099192145 -4.332974010415326, 55.772906484789374 -4.326469494431251, 55.75793439406824 -4.323431181633389, 55.75600320357752 -4.32813842162704))"
27705,"POLYGON ((55.7495864095651 -4.353167225021725, 55.74632484340299 -4.357874279584788, 55.75421053790677 -4.363009214588791, 55.75696784877408 -4.357574740626593, 55.7495864095651 -4.353167225021725))"
27704,"POLYGON ((55.69228698748016 -4.314379375449556, 55.72829296129608 -4.32798766093368, 55.72443058031463 -4.337829979173503, 55.68310310381317 -4.323793938616886, 55.68456222551727 -4.317460518073243, 55.69228698748016 -4.314379375449556))"
27709,"POLYGON ((55.72749356742877 -4.310045453165684, 55.72974662300128 -4.314795569929525, 55.71807364936847 -4.31393969522871, 55.720197958908265 -4.309339352193156, 55.72749356742877 -4.310045453165684))"
27708,"POLYGON ((55.735457185277376 -4.3039876380431625, 55.73607945776883 -4.31170127498186, 55.72981381751004 -4.314696841042998, 55.72764659262601 -4.310032311625173, 55.735457185277376 -4.3039876380431625))"
27703,"POLYGON ((55.67813881658351 -4.303985973746567, 55.684790694940446 -4.301931843648517, 55.69217213414943 -4.314085366063683, 55.68466194890773 -4.317102319511923, 55.67813881658351 -4.303985973746567))"
27707,"POLYGON ((55.73603572659655 -4.309654658259828, 55.73640050702257 -4.317956648993259, 55.75489702038927 -4.327820494128193, 55.76124849133654 -4.316266302568169, 55.73554220013781 -4.3039844320641585, 55.735821149875356 -4.307193999252224, 55.73603572659655 -4.309654658259828))"
27710,"POLYGON ((55.734419902563495 -4.34692884245493, 55.73085792899172 -4.3513791862250555, 55.7462001645569 -4.357755113667782, 55.74948318839113 -4.353090849903625, 55.734419902563495 -4.34692884245493))"
27711,"POLYGON ((55.69614745710145 -4.292744674350845, 55.717841163613905 -4.313906483487553, 55.722347274758924 -4.304577386333637, 55.70294953916322 -4.2836506932584495, 55.69717742536317 -4.291075669461128, 55.69614745710145 -4.292744674350845))"
