id,zonepolygon
160636,"POLYGON((6.110438265884444 45.90288416824093,6.1192788267975295 45.89780709252259,6.1209525252228225 45.89514890891047,6.129836001480147 45.894163257930416,6.1426247740631545 45.90497459389212,6.1371316100006545 45.91106624254593,6.131209292495772 45.91220088755054,6.1211027289276565 45.92945657550059,6.1113394881134475 45.93739597127137,6.0918130064850295 45.932739922103416,6.078466334426924 45.92014275308677,6.088122286880537 45.899061472057,6.110438265884444 45.90288416824093))"
