id,zonepolygon
163228,"POLYGON((4.916732961551884 49.70113590958955,4.936044866459111 49.68947675704237,4.954755956547001 49.69786052545506,4.93904894055579 49.70940665958372,4.9174196070596965 49.7013579615393,4.916732961551884 49.70113590958955))"
