id,zonepolygon
18427,"POLYGON ((102.11485952138901 19.87458014015751, 102.12412923574448 19.882651787685724, 102.13597387075424 19.894597071321108, 102.17562764883041 19.92106719023651, 102.20103353261948 19.909608109224152, 102.15537160634995 19.875871631390083, 102.12979406118393 19.863279143038422, 102.11485952138901 19.87458014015751))"
