id,zonepolygon
18427,"POLYGON ((102.11485952138901 19.87458014015751, 102.12412923574448 19.882651787685724, 102.13597387075424 19.894597071321108, 102.17562764883041 19.92106719023651, 102.20103353261948 19.909608109224152, 102.15537160634995 19.875871631390083, 102.12979406118393 19.863279143038422, 102.11485952138901 19.87458014015751))"
103047,"POLYGON ((102.14345778518066 19.89788154963261, 102.14381183677062 19.898476760112242, 102.14442338042602 19.89845658352246, 102.14442338042602 19.89773022457757, 102.14345778518066 19.89788154963261))"
