id,zonepolygon
33452,"POLYGON ((-27.180170605161482 38.79983139913725, -27.187380382993513 38.764504055900616, -27.144121716001326 38.754330818907896, -27.134852001645857 38.79394472405694, -27.180170605161482 38.79983139913725))"
33522,"POLYGON ((-27.312622427859623 38.80537088500758, -27.31193578235181 38.77807614162934, -27.34489476672681 38.75733050187966, -27.346268057742435 38.71461565610873, -27.390900015750248 38.68165823807541, -27.412186026492435 38.75880297194828, -27.312622427859623 38.80537088500758))"
33453,"POLYGON ((-27.134156295595208 38.793284328829394, -27.143769332704583 38.75152811809035, -27.03788407126766 38.68423849728891, -26.915146186746174 38.73698125866253, -26.975227668679768 38.75361645236483, -27.134156295595208 38.793284328829394))"
33523,"POLYGON ((-27.28881751900846 38.6910220908942, -27.310361021816078 38.65188731398471, -27.254742735683266 38.637273301347015, -27.255086058437172 38.67842624424566, -27.28881751900846 38.6910220908942))"
33520,"POLYGON ((-27.313233575761988 38.70040053629614, -27.346707544267847 38.66207513721111, -27.310830316484644 38.65215543316049, -27.28920098298855 38.69129006354157, -27.313233575761988 38.70040053629614))"
33454,"POLYGON ((-27.204780173773344 38.68078578366607, -27.197570395941312 38.63882969579171, -27.07380254315811 38.6405727701054, -27.038783622259672 38.68292984345281, -27.09749181317764 38.72070835276602, -27.204780173773344 38.68078578366607))"
33451,"POLYGON ((-27.198440138790197 38.63902190836821, -27.205649916622228 38.68111188893265, -27.254745070430822 38.67923579247417, -27.254401747676916 38.63687653369446, -27.198440138790197 38.63902190836821))"
33521,"POLYGON ((-27.346087125402985 38.71298658093881, -27.388931543024366 38.68067161514036, -27.347046167047804 38.66244448445151, -27.31391552129585 38.70063571734872, -27.346087125402985 38.71298658093881))"
33518,"POLYGON ((-27.31097682557996 38.8059125447797, -27.310118518695194 38.77808271739913, -27.188238941058476 38.765903751523815, -27.180514179095585 38.80109662143233, -27.31097682557996 38.8059125447797))"
