id,zonepolygon
33960,"POLYGON ((-75.57223778097689 4.630499956333119, -75.56313972799838 4.635247995419154, -75.56571464865267 4.639247445032552, -75.56702356665194 4.641461034412131, -75.56828956930697 4.643631842374612, -75.57755928366244 4.638413337089168, -75.57500582068026 4.634456657785962, -75.57223778097689 4.630499956333119))"
33959,"POLYGON ((-75.72938513847954 4.5309830642656825, -75.69573950859673 4.495388212426774, -75.65230918022759 4.5412504849512745, -75.6449277410186 4.551004399249098, -75.67376685234673 4.565036114227368, -75.68097663017876 4.554940151819288, -75.72938513847954 4.5309830642656825))"
33963,"POLYGON ((-75.64804889951338 4.5465874626750855, -75.62985279355635 4.537517982328029, -75.62332966123213 4.524512490985409, -75.64753391538252 4.501067791928926, -75.66744663510909 4.506715124399776, -75.67517139707198 4.516640632694202, -75.64804889951338 4.5465874626750855))"
33962,"POLYGON ((-75.6790859457977 4.7807408420902044, -75.74311563940121 4.7795433919586285, -75.77847788305355 4.814097538333991, -75.71770975561215 4.838729126401697, -75.65728495092465 4.867806930434076, -75.63737223119809 4.841123816392973, -75.6790859457977 4.7807408420902044))"
33961,"POLYGON ((-75.66109709719085 4.66965623483977, -75.6647449014511 4.675302233961488, -75.65586142519378 4.679365614266883, -75.65255694368743 4.672436467362731, -75.66109709719085 4.66965623483977))"
