id,zonepolygon
18430,"POLYGON ((105.7069233437589 18.63797255709308, 105.63894543848546 18.6547255981707, 105.63379559717687 18.683673556792932, 105.64244126836384 18.687496300450505, 105.63282823125446 18.72554309828989, 105.63660478154743 18.740174202996922, 105.64347123662556 18.742450038725426, 105.63797807256306 18.76130578309116, 105.65720414678181 18.7675625006314, 105.6729969934615 18.761386079995773, 105.67711686650837 18.75585961718832, 105.6898198084029 18.762036240188046, 105.69771623174275 18.7532588661708, 105.69840287725056 18.739279142861193, 105.74063157598103 18.692129689037035, 105.74818467656696 18.716844145525297, 105.75436448613728 18.713592449595893, 105.76947068730915 18.681397288419642, 105.76363420049275 18.67098946286649, 105.74715470830525 18.66838740663785, 105.7279286340865 18.672940978833214, 105.71883058110798 18.669525811151033, 105.71319705683818 18.663008674989115, 105.7069233437589 18.63797255709308))"
