id,zonepolygon
81067,"POLYGON ((99.82799686516444 17.273371772877248, 99.83228839958826 17.28648484695154, 99.82404865349451 17.29812191799082, 99.8097128717338 17.307607104055226, 99.7884268609916 17.306295989184818, 99.75684116763223 17.306295989184818, 99.73589847964395 17.30301816111071, 99.70774601382364 17.226628249497324, 99.70009916204545 17.168297744634703, 99.70387571233842 17.101368601737825, 99.7636138715181 17.11449386220943, 99.83536832708451 17.09677454197836, 99.84498136419388 17.114165741977683, 99.85184781927201 17.151567719308765, 99.86386411565873 17.196505741301813, 99.85734098333451 17.22602113595734, 99.85775958741627 17.250829382606497, 99.82799686516444 17.273371772877248))"
