id,zonepolygon
61794,"POLYGON ((26.87759652902807 46.58487027852063, 26.949265153906 46.5904150229392, 26.962654741308345 46.54480150210448, 26.878197343847408 46.53594579295017, 26.84395089914526 46.58675791476486, 26.87759652902807 46.58487027852063))"
