id,zonepolygon
35631,"POLYGON ((36.90468393566446 0.0561422458037954, 36.98776804210977 0.0489324710075391, 36.98124490978555 -0.0217920098233956, 36.89919077160196 -0.0132089413841366, 36.90468393566446 0.0561422458037954))"
35630,"POLYGON ((37.046560794850045 0.0367639012722249, 37.04244092180317 0.0631997430298102, 37.006392032643014 0.080709189603449, 37.00501874162739 0.1280876496434944, 37.05892041399067 0.1586432787243787, 37.13960126115864 0.0841424135893683, 37.147154361744576 -0.0497534239366677, 37.128958255787545 -0.090952122459961, 37.02252820207661 -0.0806524514056841, 37.046560794850045 0.0367639012722249))"
