id,zonepolygon
99625,"POLYGON ((46.73259407790223 24.814708070909344, 46.74083382399598 24.655054188608293, 46.9674268415741 24.643820820211044, 46.97154671462098 24.80722887675821, 46.73259407790223 24.814708070909344))"
99627,"POLYGON ((46.74216037168419 24.650684936273546, 46.97836642637169 24.63820291670793, 46.97287326230919 24.49956884423295, 46.75726657285607 24.509565614116383, 46.74216037168419 24.650684936273546))"
99622,"POLYGON ((46.51206856477097 24.65182229099877, 46.74056894728005 24.649863409867866, 46.75292856642068 24.50999271016736, 46.51191599317849 24.504994441592125, 46.51206856477097 24.65182229099877))"
99620,"POLYGON ((46.51070232386844 24.81255091547301, 46.72218914027469 24.81504392328345, 46.73592205043094 24.654142373623202, 46.51344890589969 24.655390472394718, 46.51070232386844 24.81255091547301))"
99624,"POLYGON ((46.720425905556375 25.012741929427918, 46.74102527079075 24.827172391345822, 46.974484743447 24.81844749871818, 46.970364870400125 25.010252913722013, 46.720425905556375 25.012741929427918))"
99619,"POLYGON ((46.50886138065501 25.01437427079224, 46.712108450967506 25.01437427079226, 46.731334525186256 24.822575269741456, 46.50886138065501 24.818835966519252, 46.50886138065501 25.01437427079224))"
