id,zonepolygon
35631,"POLYGON((36.90468393566446 0.05614224580379545,36.98776804210977 0.04893247100753907,36.98124490978555 -0.021792009823395634,36.89919077160196 -0.01320894138413661,36.90468393566446 0.05614224580379545))"
35630,"POLYGON((37.046560794850045 0.03676390127222493,37.04244092180317 0.06319974302981025,37.006392032643014 0.08070918960344897,37.00501874162739 0.12808764964349437,37.05892041399067 0.1586432787243787,37.13960126115864 0.08414241358936829,37.147154361744576 -0.049753423936667686,37.128958255787545 -0.09095212245996101,37.02252820207661 -0.08065245140568414,37.046560794850045 0.03676390127222493))"
