id,zonepolygon
27789,"POLYGON ((5.021113553980818 61.60207364374362, 5.057806173304549 61.60433909425211, 5.053686300257674 61.599093609695935, 5.054158369044295 61.598562888630084, 5.054802099207869 61.597031911540206, 5.052398839930525 61.59566417469412, 5.048321882227889 61.59562334580052, 5.035318532923689 61.59790968099145, 5.036648908595076 61.58998844247155, 5.02806583974742 61.58757900444627, 5.023259321192732 61.58794655794686, 5.0330440196790605 61.5924793594303, 5.03081242177867 61.59701149800123, 5.023409524897566 61.59672570704388, 5.01531998250865 61.596317429674826, 5.012702146510115 61.601195992264316, 5.021113553980818 61.60207364374362))"
