id,zonepolygon
27789,"POLYGON ((5.021113553980818 61.60207364374362, 5.057806173304549 61.60433909425211, 5.072225728968611 61.614602978257054, 5.1003352794446855 61.59333684189404, 5.064415136317244 61.58894709817222, 5.057892003993025 61.59019262352554, 5.057248273829451 61.5897434234312, 5.055746236781111 61.588191591192476, 5.0467769298353105 61.588599975630515, 5.065144697169295 61.58398491833175, 5.028752485255232 61.5768363495645, 5.005406537989607 61.57646866432227, 4.997510114649764 61.583780696382036, 4.993712106684676 61.59991008589094, 5.002960363368025 61.602277745175115, 5.012702146510115 61.601195992264316, 5.021113553980818 61.60207364374362))"
