id,zonepolygon
69083,"POLYGON ((119.85453854715053 -8.428270709675731, 119.88286267434779 -8.42113873073621, 119.88629590188685 -8.43642138167532, 119.88732587014857 -8.440666455244353, 119.89247571145717 -8.442194670305126, 119.88698254739467 -8.449835654841763, 119.92989789163295 -8.464268212511588, 119.92453347360316 -8.479718939314612, 119.92260228311244 -8.497885482757084, 119.91376172219935 -8.554077464268103, 119.86732731973353 -8.548305859306366, 119.86676942025844 -8.52598250622672, 119.874794589631 -8.506374226829951, 119.87376462136928 -8.480228293364064, 119.86140500222865 -8.466645287790923, 119.8560834995431 -8.443043676058213, 119.85453854715053 -8.428270709675731))"
