id,zonepolygon
27794,"POLYGON ((7.099529393616368 61.219476289167154, 7.123561986389806 61.23509276441763, 7.063652165833165 61.238562039717515, 7.051464208069493 61.22517844039149, 7.099529393616368 61.219476289167154))"
