id,zonepolygon
31593,"POLYGON ((-54.874007235590426 -34.911646599277546, -54.87615300280234 -34.90615644682947, -54.8795862303414 -34.90242574915924, -54.86645413500449 -34.89510464228669, -54.86173344713828 -34.89573822540434, -54.83864499193808 -34.912068903490464, -54.86070347887656 -34.923822165681685, -54.86242009264609 -34.922977676020444, -54.894520770136324 -34.939373296309526, -54.90988446337363 -34.92797411343913, -54.874007235590426 -34.911646599277546))"
19316,"POLYGON ((-54.96341419926105 -34.929093557858884, -55.004012114910466 -34.91086589650629, -54.97800541630207 -34.89953314785371, -54.91697979679523 -34.92726393682138, -54.909941680340154 -34.928389862288334, -54.8947496484798 -34.939577906874725, -54.91442895069682 -34.95022628403481, -54.954855204969284 -34.975900422491634, -54.96341419926105 -34.929093557858884))"
31594,"POLYGON ((-54.932314886787964 -34.9131539800263, -54.93257237885339 -34.91273168139518, -54.9574632785116 -34.88555923792475, -54.97437192414148 -34.89787946479913, -54.97960759613855 -34.8993577678654, -54.93909551117761 -34.91695456994705, -54.93197156403406 -34.91357627648502, -54.932314886787964 -34.9131539800263))"
