id,zonepolygon
19317,"POLYGON ((-16.37995524364044 33.02253871581283, -16.365535687976376 33.02973494981647, -16.34321970897247 33.048154631249886, -16.31850047069122 33.05937723592457, -16.300647687488095 33.05822626538206, -16.290691327624813 33.05937723592457, -16.29275126414825 33.08383180189187, -16.29275126414825 33.09993933081462, -16.30579752879669 33.10252776555582, -16.323650311999813 33.10597889328855, -16.33600993114044 33.10137735952688, -16.35798258739044 33.09044775124357, -16.37343211131622 33.08124281665225, -16.380298566394345 33.061103663521735, -16.39368815379669 33.04470123434901, -16.39815134959747 33.040096494513485, -16.3916015625 33.03198083052669, -16.385791730456845 33.027432218860305, -16.37995524364044 33.02253871581283))"
