id,zonepolygon
109333,"POLYGON ((-28.549888189725987 38.51314686654168, -28.423888739042393 38.47418380000467, -28.348014410429112 38.5625593142351, -28.174636419706456 38.475258925825806, -28.23368793337833 38.45106471717814, -28.386123236112706 38.496220674608075, -28.421828802518956 38.474721364919326, -28.44723468630802 38.413413152239606, -28.57426410525333 38.474721364919326, -28.549888189725987 38.51314686654168))"
109334,"POLYGON ((-28.446740883562082 38.41315937862623, -28.421506661149973 38.47446780677836, -28.38562943336677 38.4961015430866, -28.233365792009348 38.45040776887453, -28.174314278337473 38.475005369575406, -27.982740181657785 38.423919009760795, -28.131055611345285 38.35947179411092, -28.446740883562082 38.41315937862623))"
109332,"POLYGON ((-28.54953212647926 38.51377366427905, -28.42421932130348 38.47561727566345, -28.348344992690198 38.562917229723936, -28.499407004408948 38.59056250053407, -28.54953212647926 38.51377366427905))"
