id,zonepolygon
87766,"POLYGON ((-73.64739990443923 4.168898325591921, -73.59984970302321 4.153489528940875, -73.59710312099196 4.132601568787082, -73.60826111049391 4.108802320825293, -73.64036178798415 4.111713058414046, -73.66199112148024 4.136710719263018, -73.64739990443923 4.168898325591921))"
