id,zonepolygon
60743,"POLYGON ((-72.07251684189657 -45.55963196572506, -72.08384649277548 -45.589972137270486, -72.02822820664267 -45.59892085819014, -72.02256338120321 -45.57050824852997, -72.07251684189657 -45.55963196572506))"
