id,zonepolygon
19330,"POLYGON ((135.23105118025705 34.615778088296835, 135.31825515974924 34.649676892222914, 135.29628250349924 34.7134820143095, 135.25302383650705 34.803177596630725, 135.12050125349924 34.78062184442077, 134.99278518904612 34.74677665036611, 135.0470301841633 34.616343181869105, 135.23105118025705 34.615778088296835))"
