id,zonepolygon
19333,"POLYGON ((-37.096249600044246 -10.983835685081534, -37.08491994916534 -10.994283536030526, -37.07146537893533 -11.004394007134097, -37.0532692729783 -11.001023888631815, -37.03541648977517 -10.97743198073677, -37.04125297659158 -10.960579464007413, -37.04468620413064 -10.943051828226334, -37.04331291311502 -10.927208649948344, -37.04880607717752 -10.896194023999076, -37.04468620413064 -10.881833478789906, -37.05429924124002 -10.881833478789906, -37.072838669950954 -10.898690468653097, -37.086571580107204 -10.910489793489434, -37.096249600044246 -10.983835685081534))"
