id,zonepolygon
30636,"POLYGON ((34.80938889068931 38.67159171836264, 34.6797845510897 38.67829255262771, 34.6629617361483 38.5881809135657, 34.82741333526939 38.58469217560847, 34.82741333526939 38.59784114943877, 34.82123352569908 38.616352967948224, 34.80938889068931 38.67159171836264))"
30634,"POLYGON ((34.87666584883265 38.640882707922685, 34.87700917158656 38.58333912448621, 34.97004963789515 38.58333912448621, 34.96884800825648 38.69529868515091, 34.87838246260218 38.69449480924565, 34.876322526078745 38.63913964114692, 34.87666584883265 38.640882707922685))"
30635,"POLYGON ((34.87772442033894 38.68084987367291, 34.80931736162312 38.67166989974215, 34.82133365800984 38.61482167761483, 34.827513467580154 38.5976510892548, 34.876951944142654 38.59248569448691, 34.87660862138875 38.639497199489995, 34.87772442033894 38.68084987367291))"
