id,zonepolygon
87763,"POLYGON ((-73.53075784164591 5.637449825877975, -73.52702420669718 5.639969579433704, -73.52187436538858 5.635912343758356, -73.52796834427042 5.6307873739612235, -73.53075784164591 5.637449825877975))"
87762,"POLYGON ((-72.41472464068976 5.348240280785357, -72.40013342364874 5.359520504837392, -72.38622885211554 5.351316726164117, -72.35747557147589 5.343711041393459, -72.41378050311651 5.319611507062183, -72.41472464068976 5.348240280785357))"
