id,zonepolygon
29246,"POLYGON ((-5.976851087363226 54.63552536480784, -5.8705926950292415 54.635326657471055, -5.870077710898382 54.569202618141986, -5.979597669394476 54.568705038096645, -5.976851087363226 54.63552536480784))"
