id,zonepolygon
19433,"POLYGON ((-62.652386884613406 17.227069323997377, -62.635542611999874 17.231906092442404, -62.62736723892248 17.23977581787602, -62.621530752106075 17.237193601183744, -62.63089702598608 17.229702919128705, -62.635564069672 17.22760219452394, -62.639469365997684 17.22440494831532, -62.64215157501257 17.226351995861947, -62.64998362533606 17.22370810526149, -62.652386884613406 17.227069323997377))"
19432,"POLYGON ((-62.772518432229624 17.37120650102317, -62.73668411979066 17.342738482534713, -62.717543876260386 17.352938323966658, -62.742563521951304 17.380749465507634, -62.772518432229624 17.37120650102317))"
19429,"POLYGON ((-62.75659816291351 17.289774057299667, -62.73574130561371 17.331974665630437, -62.70439437353742 17.335467929610974, -62.696497458233125 17.32031089330693, -62.687018039610045 17.30878377975135, -62.7079553631803 17.28421434462193, -62.75659816291351 17.289774057299667))"
83631,"POLYGON ((-62.84962888527724 17.35698750445765, -62.844564874657124 17.358707865727574, -62.84267659951064 17.353137113589415, -62.84791227150771 17.35186728610423, -62.84962888527724 17.35698750445765))"
19431,"POLYGON ((-62.70800680996649 17.28423815340129, -62.68702120663397 17.308741005959675, -62.68079848171942 17.30456182048984, -62.67951102139227 17.28647140802618, -62.668481777923034 17.276529159611133, -62.6733741271662 17.27017728764006, -62.70800680996649 17.28423815340129))"
83632,"POLYGON ((-62.70443186296692 17.285370376279563, -62.70261332525482 17.284740351587875, -62.70393297209015 17.28340858498246, -62.705831976072695 17.284525220711625, -62.70443186296692 17.28582112432956, -62.70443186296692 17.285370376279563))"
19430,"POLYGON ((-62.654818065051245 17.24422942833656, -62.65298343408506 17.247918157683348, -62.64179325807493 17.247651751922714, -62.641610867861914 17.251125243002473, -62.65362716424863 17.251084258238237, -62.65819764841001 17.2525187195712, -62.66049361932676 17.2456741894467, -62.654818065051245 17.24422942833656))"
19434,"POLYGON ((-62.82837972682795 17.385417130897416, -62.83719883006893 17.393669340463052, -62.850438213766424 17.408405339350125, -62.82172677225287 17.41730503242749, -62.809410068456486 17.41869724804503, -62.80094210891207 17.408596938350847, -62.82837972682795 17.385417130897416))"
