id,zonepolygon
88481,"POLYGON ((123.84818885803985 9.57829431219742, 123.84355400086211 9.57135424219915, 123.76510475159454 9.530557309967667, 123.7326607513504 9.550025335434784, 123.70776985169219 9.5854035051114, 123.72321937561797 9.604868389729026, 123.80767677307891 9.639902360760667, 123.84818885803985 9.57829431219742))"
