id,zonepolygon
29241,"POLYGON((121.55139083081573 30.80117452971286,121.73197859937042 30.83714521294811,121.89608687573761 30.832428513922142,122.00183028394073 30.87781711853872,121.98054794521695 31.011112863189055,121.83978561611539 31.219801629503646,121.65103302506435 31.361308961373275,121.50683746842373 31.422267317574427,121.44572601822841 31.449802817270122,121.3077102711581 31.38300060386827,121.27955780533779 31.21461271588926,121.3296829274081 31.060042238175956,121.55139083081573 30.80117452971286))"
