id,zonepolygon
30142,"POLYGON ((15.605414157319832 78.2271209161731, 15.72980428259449 78.21823711603365, 15.646505599427986 78.19256267917935, 15.52702928106861 78.20611359945406, 15.605414157319832 78.2271209161731))"
