id,zonepolygon
20837,"POLYGON((-0.5346501162109463 38.28359657706435,-0.5380833437500088 38.27605039509699,-0.5916416933593838 38.284674539030505,-0.582371979003915 38.295722726211686,-0.5346501162109463 38.28359657706435))"
