id,zonepolygon
27124,"POLYGON ((-68.27628410725337 12.171354235860564, -68.27214277653438 12.176367293441338, -68.26791561512691 12.181506103605416, -68.24853933720333 12.207093798744845, -68.22907722859127 12.23251125810094, -68.19534576801998 12.22152249118408, -68.1886509743188 12.123331807203343, -68.21371353535396 12.101082524445468, -68.24220932392818 12.09494555036141, -68.23800362019283 12.089511325805448, -68.21628845600826 12.084727438301568, -68.23499954609615 12.005822947882491, -68.30143249897701 12.06908093147442, -68.29044617085201 12.165383909169895, -68.27628410725337 12.17148008783634, -68.27628410725337 12.171354235860564))"
27796,"POLYGON ((-68.23835817177344 12.09558889155872, -68.23754814465094 12.089457036820201, -68.23493030865241 12.090086489461713, -68.23533264000464 12.095651835446263, -68.23835817177344 12.09558889155872))"
27795,"POLYGON ((-68.32670515844318 12.205095478174728, -68.31232851812335 12.20157204678316, -68.28679388830157 12.167006380540837, -68.27634400197955 12.171474162288115, -68.26889818975421 12.180262677960101, -68.23349303075763 12.226885181815849, -68.3017284280965 12.258444560855443, -68.30421751806232 12.230722835929202, -68.32670515844318 12.205095478174728))"
32385,"POLYGON ((-68.3018324547835 12.258328623677798, -68.30423571406084 12.23064882786291, -68.3267233544417 12.205147298944127, -68.37822176752763 12.218905008014438, -68.36483218012529 12.249832515637657, -68.34234453974443 12.276671620738671, -68.3018324547835 12.258328623677798))"
