id,zonepolygon
21330,"POLYGON ((113.57397005530015 22.11625574917617, 113.59662935705796 22.121503669574253, 113.60624239416734 22.143447401150528, 113.59559938879624 22.188596201880188, 113.58778879614488 22.21450251946, 113.57482836218492 22.2179987114301, 113.56530115576402 22.21895220320843, 113.55770513983384 22.213012638451932, 113.55072066755906 22.215624886037197, 113.55062410803453 22.21656846161018, 113.5491609630169 22.21653866458389, 113.54415059657708 22.21670751431597, 113.54343176456109 22.21585333123194, 113.54128599734918 22.212704727737574, 113.53922808262791 22.213194927142872, 113.53717016790665 22.21342687842309, 113.53523897741591 22.213293636392173, 113.53337215994155 22.212266458977254, 113.53502440069474 22.207657635727365, 113.53279280279435 22.201697726093915, 113.52721380804337 22.18548549192206, 113.53904399512953 22.157387624349212, 113.54951533912367 22.146576268899633, 113.55004040293076 22.126134382598458, 113.54937307638062 22.119174715452544, 113.5489535824171 22.113925516660306, 113.54956405671525 22.112333981191007, 113.55415172111985 22.108631595629745, 113.5686528300435 22.108666588525264, 113.57688829870835 22.113870266233285, 113.57397005530015 22.11625574917617))"
101790,"POLYGON ((113.53045991722738 22.180618040890018, 113.52792791191732 22.185386704518287, 113.53513768974935 22.200009597003234, 113.53715471092855 22.207161544204965, 113.543720758597 22.20708208012691, 113.56191686455404 22.193612268876347, 113.5567241079012 22.183081870637672, 113.5353093511263 22.177200399081602, 113.53045991722738 22.180618040890018))"
