id,zonepolygon
28268,"POLYGON((-16.326715211735436 33.10782794309195,-16.306287507878015 33.10775604749284,-16.28869221674032 33.097258658773306,-16.284572343693444 33.07136932979497,-16.293842058048913 33.054393301206204,-16.378423434335136 33.018632230162716,-16.399623614388847 33.033456487705116,-16.40031025989666 33.05360196577723,-16.381770831185722 33.082373225840854,-16.326715211735436 33.10782794309195))"
