id,zonepolygon
165118,"POLYGON((1.312536264465356 47.591222115610805,1.3274708042602779 47.56759948298991,1.3458385715942622 47.57142151383381,1.3563099155884029 47.593074420360004,1.3396587620239497 47.611246682793954,1.318201089904809 47.60164047701528,1.312536264465356 47.591222115610805))"
