id,zonepolygon
161306,"POLYGON((4.70299998386678 49.755444272706036,4.705574904521077 49.74410320897395,4.715831671794026 49.737141976637886,4.7239426718550614 49.73312009246593,4.731452857096761 49.73933306981668,4.736817275126546 49.7493442745833,4.726517592509358 49.762486043604156,4.718063269694417 49.762236549512345,4.714887534220784 49.76509179405322,4.705274497111409 49.76578478921231,4.70299998386678 49.755444272706036))"
