id,zonepolygon
163239,"POLYGON((0.6711980791984029 47.39386317896504,0.6760045977530904 47.38735518546685,0.6773778887687154 47.38096262390114,0.6935140582023092 47.379916494568015,0.7295629473624654 47.3843333438835,0.7262155505118795 47.39043496112667,0.726301381200356 47.39653587205636,0.6861326189933248 47.39769787024882,0.6711980791984029 47.39386317896504))"
