id,zonepolygon
91810,"POLYGON((-1.39331850808472 43.68338461640178,-1.3871386985144074 43.70274731863202,-1.3212207297644074 43.7010098955725,-1.3085177878698762 43.68909478108221,-1.34662661355347 43.66252548424278,-1.39331850808472 43.68338461640178))"
91808,"POLYGON((-1.402108236092241 43.83518004826814,-1.3550730188070848 43.82527319579083,-1.3272638757406785 43.85251308319775,-1.3931818444906785 43.86909855673629,-1.402108236092241 43.83518004826814))"
91809,"POLYGON((-1.4531992838075825 43.65322290351088,-1.4604090616396137 43.62514661950587,-1.4243601724794575 43.62315842070009,-1.3690852091005512 43.670608710875975,-1.3903712198427387 43.678306531298226,-1.4274500772646137 43.67483021854293,-1.4286517069032856 43.66390335306658,-1.4392947122743793 43.65521010774124,-1.4411829874208637 43.65446491386094,-1.4465044901064106 43.65533430582222,-1.4531992838075825 43.65322290351088))"
