id,zonepolygon
165125,"POLYGON((1.8592603488160941 50.972832293802554,1.827502994079766 50.962237947231834,1.830850390930352 50.9539121226082,1.8384034915162895 50.946450051318266,1.8378026766969535 50.93882452370977,1.854968814392266 50.93639058140269,1.8780572695924613 50.93601195670481,1.894193439026055 50.934172878607235,1.9589097781373832 50.938337745440165,1.9635446353151176 50.9698596343162,1.9021756930543754 50.970508230795204,1.8894727511598441 50.9806143556555,1.8592603488160941 50.972832293802554))"
