id,zonepolygon
165123,"POLYGON((6.011016671875011 47.230906218226565,6.019213502624523 47.23224670880034,6.028011148193371 47.230585661109494,6.035220926025402 47.233062642984194,6.03702337048341 47.236267977089945,6.043031518676769 47.242153631163674,6.025736634948742 47.25849600361204,5.998059598672203 47.24611483029621,6.004496900307945 47.23591726231688,6.011016671875011 47.230906218226565))"
