id,zonepolygon
163227,"POLYGON((-2.7837969207763558 48.50859200260739,-2.760794296264637 48.50506634331462,-2.756502761840809 48.51484660096811,-2.764742507934559 48.51814416924383,-2.7796770477294808 48.517120808955504,-2.7837969207763558 48.50859200260739))"
