id,zonepolygon
31829,"POLYGON((6.579093123808519 51.16356280719059,6.580992127791063 51.16363008759777,6.580906297102587 51.16145688083935,6.579018021956102 51.16148379424265,6.579093123808519 51.16356280719059))"
92475,"POLYGON((4.911335967968764 52.3803845382521,4.9126234282959125 52.37561656721765,4.9326219787109515 52.37352059289124,4.929446243237319 52.377240878903,4.911335967968764 52.3803845382521))"
65739,"POLYGON((5.474354849133567 51.43996374994618,5.476897583279685 51.43991024869971,5.476876125607566 51.43865295136601,5.474322662625388 51.43870645408528,5.474354849133567 51.43996374994618))"
92471,"POLYGON((5.483683133328254 51.43884217349963,5.485818171704109 51.43822689027266,5.485313916409309 51.437457774583514,5.483168149197395 51.438153323245125,5.483683133328254 51.43884217349963))"
31826,"POLYGON((5.473410266666523 51.441049046983366,5.473614114551655 51.44037360519801,5.475598949222675 51.44046388759916,5.47549166086208 51.44124967133205,5.473410266666523 51.441049046983366))"
32520,"POLYGON((4.758259617289102 52.31880620462713,4.7421234478555085 52.2975000873738,4.729935490091837 52.288365755068746,4.734913670023477 52.28511053779664,4.771820866068399 52.2975000873738,4.7723358501992585 52.28595061676385,4.780403934916055 52.28574059851536,4.784008823832071 52.29508544705493,4.786583744486368 52.29729012387642,4.791733585794962 52.29624029145816,4.797570072611368 52.30274885130088,4.811131321390665 52.30799699311885,4.811817966898477 52.31292967921522,4.788987003763712 52.32520653194067,4.77628406186918 52.324472115173435,4.758259617289102 52.31880620462713))"
150277,"POLYGON((4.478837053288283 51.9216090585274,4.482838909138502 51.92209208904787,4.483976165760817 51.919882016483385,4.478579561222853 51.91970335316948,4.478837053288283 51.9216090585274))"
