id,zonepolygon
161302,"POLYGON((6.2258667159414705 46.199132874244036,6.227583329711002 46.195271214479156,6.2286132979727205 46.19298379572035,6.234921853575748 46.18965647120237,6.2359518218374665 46.187042003482894,6.238011758360904 46.182644663694084,6.241316239867252 46.18309035604227,6.243891160521549 46.18760650135763,6.240758340392154 46.19455826300107,6.237024705443424 46.20293485870862,6.2258667159414705 46.199132874244036))"
