id,zonepolygon
164934,"POLYGON((-4.139883561881956 47.996746398536914,-4.125337118047483 47.98065555754031,-4.079675191777952 47.9801959277135,-4.073495382207639 47.98605590147517,-4.073667043584592 47.99926712661309,-4.079331869024045 48.014656809312854,-4.108514303106077 48.018216455000214,-4.139883561881956 47.996746398536914))"
164936,"POLYGON((-4.187796228420528 47.97550084527895,-4.177067392360958 47.96515715176813,-4.15329229165295 47.974351648308506,-4.160158746731075 47.9761328927106,-4.187710397732052 47.97716713545541,-4.187796228420528 47.97550084527895))"
