id,zonepolygon
161322,"POLYGON((1.3404906419295903 44.0239041615893,1.3562405732650396 44.01899749283569,1.3655961183089849 44.01523235217227,1.3769257691878911 44.021435448194744,1.3641799119491216 44.03093943076683,1.3518632081527349 44.03291409307603,1.3404906419295903 44.0239041615893))"
