id,zonepolygon
161145,"POLYGON((5.030156009257971 47.32231114763836,5.033589236797034 47.30913120302507,5.052300326884924 47.30496996389082,5.064700991925588 47.3150656817673,5.06511363554754 47.32799876935013,5.065070720203302 47.3289295784273,5.061766238696954 47.3345722572902,5.048805804736993 47.338585754677645,5.04189643431463 47.33951637716786,5.0329700427130675 47.336433627344135,5.026747317798517 47.334804932135135,5.030156009257971 47.32231114763836))"
