id,zonepolygon
66340,"POLYGON((-0.44372489004385507 51.4978911430677,-0.18468787222158944 51.499280388531325,-0.18425871877920663 51.48998232383925,-0.1836579039598707 51.482606648039216,-0.27343680410635507 51.33773810698501,-0.47943045645010507 51.3398828918539,-0.49316336660635507 51.49447128151723,-0.44372489004385507 51.4978911430677))"
66341,"POLYGON((-0.2512924576666098 51.65705743720781,-0.5060379410650473 51.6557795024688,-0.49831317910215667 51.496715594600566,-0.18434452065489104 51.49949411484416,-0.18623279580137542 51.5359197992686,-0.2506058121587973 51.657696391064256,-0.2512924576666098 51.65705743720781))"
66338,"POLYGON((-0.0489037440064255 51.48108084121875,-0.014571468615800498 51.341033244042485,0.171509464001387 51.34360678882926,0.17219613046395743 51.50173818061829,0.06233284921395743 51.502806744531036,-0.05199362783682382 51.50387528338814,-0.050620347298577784 51.49162444416463,-0.05044869116031414 51.486780520301664,-0.049590389514238 51.48193608179432,-0.0489037440064255 51.48108084121875))"
66337,"POLYGON((-0.18451626847022062 51.534759812810584,-0.24974759171240812 51.65781742397983,0.055809659264154377 51.65781742397983,-0.055083590247564373 51.53561404637392,-0.18451626847022062 51.534759812810584))"
66336,"POLYGON((-0.1856905376232154 51.53452800140015,-0.18337310903434823 51.480491600970325,-0.05007804983024666 51.48150721049001,-0.05488456838493416 51.53543562865116,-0.1856905376232154 51.53452800140015))"
66342,"POLYGON((0.056603091293911945 51.65797393148658,-0.054633480971713055 51.53598453070855,-0.051886898940463055 51.50522227212278,-0.049369184775311936 51.50417178555953,0.17247362986581471 51.50203469669496,0.16876747955161253 51.63803602024309,0.16361763824301878 51.656782788367586,0.056603091293911945 51.65797393148658))"
66339,"POLYGON((-0.184172909045488 51.48102777296137,-0.2725785181763474 51.3377628750485,-0.015258114123612998 51.34119448081508,-0.05010537364509737 51.48134849043005,-0.18400124766853487 51.48038633125813,-0.184172909045488 51.48102777296137))"
