id,zonepolygon
161464,"POLYGON((4.983992863034059 51.69516344507748,5.0408127788055435 51.69069427770419,5.057807255123903 51.66866121945437,5.062270450924684 51.62775990561192,4.997039127682497 51.62626801461141,4.983992863034059 51.69516344507748))"
