id,zonepolygon
164667,"POLYGON((1.2321831684233864 45.831954951005024,1.259606073391648 45.82157801870835,1.2793900470854958 45.84077531738601,1.2562157611968239 45.850520943560745,1.2321831684233864 45.831954951005024))"
