id,zonepolygon
163233,"POLYGON((1.476476640272768 49.097916085470615,1.4713267989641743 49.09280169349298,1.4727859206682758 49.08678739369119,1.4977626510149555 49.07683690581272,1.5026550002581196 49.0828524108162,1.492183656263979 49.090890686544775,1.48591801600519 49.095218449876555,1.476476640272768 49.097916085470615))"
