id,zonepolygon
160635,"POLYGON((-1.217472606958827 46.17408573137961,-1.2399602473396865 46.15975999770689,-1.220047527613124 46.14025673938645,-1.1805654109139052 46.13805624294998,-1.1399674952644911 46.123483169065096,-1.1116433680672255 46.129431828215615,-1.1017728388924208 46.13621251606702,-1.1125016749519911 46.153636243245366,-1.120569759668788 46.16124624309979,-1.1203122676033583 46.171708274471605,-1.1312127650398818 46.17913748606433,-1.1432290614266005 46.18210888967732,-1.2113786280769911 46.181455194660614,-1.2120652735848036 46.175512156192404,-1.217472606958827 46.17408573137961))"
