id,zonepolygon
163225,"POLYGON((-0.4844153657367789 46.31817910495713,-0.45755036024361484 46.311420856390825,-0.4503405824115836 46.32262486595689,-0.4654038682392203 46.33338211271103,-0.4816687837055289 46.331100449269876,-0.4844153657367789 46.31817910495713))"
