id,zonepolygon
89471,"POLYGON((7.11646255991059 46.929442402677424,7.118157716008002 46.92955962984208,7.1198743297775335 46.9290980463975,7.119359345646674 46.92761802186159,7.115743727894599 46.92727365385252,7.114177317829902 46.928636458975035,7.11646255991059 46.929442402677424))"
89575,"POLYGON((7.1531682892715365 46.79478788011642,7.157095043269339 46.7946630131847,7.157352535334769 46.79258430346968,7.152234880534354 46.792789974441014,7.1531682892715365 46.79478788011642))"
