id,zonepolygon
161303,"POLYGON((1.1355710163979271 49.02546142202561,1.1399483815102318 49.01848206303573,1.1444544926552513 49.00685700665695,1.1490893498329857 49.00330983886357,1.1600756779579857 49.00542127870235,1.167285455790017 49.00970018887318,1.1614060536293724 49.01693408872004,1.1592602864174584 49.0219437222927,1.1561274662880638 49.02903515030337,1.1562562123207787 49.0326648950044,1.153552545633767 49.03252421215838,1.1355710163979271 49.02546142202561))"
