id,zonepolygon
165119,"POLYGON((4.6181390617079465 43.67705261032313,4.6291253898329465 43.66463602342231,4.6401117179579465 43.662028213812675,4.648694786805603 43.667988755037285,4.645433220643493 43.68077708548086,4.643716606873962 43.69467975000783,4.6292970512099 43.6955485595482,4.606122765321228 43.68723229474989,4.605092797059509 43.67941147143366,4.6181390617079465 43.67705261032313))"
