id,zonepolygon
23192,"POLYGON((-8.710770440136715 42.24206036976683,-8.715233635937496 42.240789528411035,-8.715662789379879 42.2435853456067,-8.717808556591793 42.24307702442218,-8.71789438728027 42.24193328678309,-8.722700905834957 42.24301348398615,-8.7251041651123 42.24371242526292,-8.73085482124023 42.242441617182315,-8.736176323925777 42.239582205414564,-8.739008736645504 42.23481623117979,-8.737635445629879 42.23214712838661,-8.741411995922848 42.227698372896654,-8.74261362556152 42.22604589814358,-8.74209864143066 42.224266261573646,-8.739266228710934 42.22356710491024,-8.724431991577148 42.22089028771468,-8.716435265576168 42.22172383659452,-8.711199593579098 42.224202702196905,-8.708710503613277 42.22445693931994,-8.70390398505859 42.22490185182174,-8.699784112011715 42.228143262555,-8.699269127880855 42.23335459363175,-8.70065689086914 42.23976560034316,-8.704776763916016 42.241926050476884,-8.710770440136715 42.24206036976683))"
