id,zonepolygon
163240,"POLYGON((0.4779301798095448 44.851511689783564,0.48943149206540415 44.845791642394246,0.49260722753903696 44.84883429150906,0.49561130163571665 44.857961274540706,0.48076259252927134 44.86075992619534,0.4690037882079823 44.85832632377539,0.4779301798095448 44.851511689783564))"
