id,zonepolygon
161301,"POLYGON((-0.5715913971961384 47.45691603277228,-0.5585451325477009 47.4499514986905,-0.5294485291541462 47.455697305890695,-0.5174322327674274 47.460978251705555,-0.5170030793250446 47.4675931936283,-0.5195779999793415 47.47101638932185,-0.5380315980018024 47.471712605228646,-0.5537386139930134 47.47734001188051,-0.5664415558875446 47.466606807730194,-0.5729646882117634 47.460397953930574,-0.5715913971961384 47.45691603277228))"
