id,zonepolygon
115075,"POLYGON((9.68481447053223 45.66815125161111,9.68507196259766 45.67300938848877,9.697174089672854 45.67756725693524,9.701808946850589 45.68002595286551,9.710134523632815 45.67804701096629,9.71476938081055 45.675108452966384,9.712881105664065 45.67073031505541,9.730905550244143 45.66731153089217,9.729103105786136 45.66215297011026,9.716056841137698 45.66305275330823,9.710821169140628 45.66257287073557,9.684642809155276 45.66719156976113,9.68481447053223 45.66815125161111))"
115077,"POLYGON((8.70281421134468 45.6321296602429,8.717233767008743 45.65661173159406,8.744356264567337 45.65925131585552,8.741609682536087 45.6486922322308,8.739893068766555 45.63621074845549,8.747446169352493 45.61220007947764,8.74504291007515 45.602112531890285,8.710710634684524 45.602112531890285,8.70281421134468 45.6321296602429))"
115074,"POLYGON((9.258156957436107 45.46177352319831,9.280730428505443 45.46291731834335,9.286996068764232 45.45798077326091,9.286910238075755 45.45129768833146,9.280902089882396 45.4485881039522,9.28330534915974 45.43136414729991,9.280902089882396 45.42799100876469,9.280987920570873 45.425159826187084,9.276868047523998 45.424798388403275,9.274207296181224 45.43046064781584,9.272147359657787 45.44118124250207,9.266482534218333 45.44340942504621,9.263392629433177 45.448527889487536,9.256526174355052 45.4600276858696,9.258156957436107 45.46177352319831))"
27822,"POLYGON((9.149905672517047 45.50172247704489,9.22991041167184 45.49641325315231,9.22875137292482 45.437302980921736,9.141692508802034 45.43808007733233,9.131967058625445 45.48932863021928,9.140635958161578 45.49474375320256,9.149905672517047 45.50172247704489))"
