id,zonepolygon
32248,"POLYGON((-9.09076773963774 38.7808029666898,-9.167242883070358 38.79271179725001,-9.214649586304077 38.755306031891266,-9.228268502577194 38.69115537531764,-9.127331612928756 38.70348105519625,-9.101582406385788 38.728795624324135,-9.090424416883835 38.76427449660294,-9.09076773963774 38.7808029666898))"
