id,zonepolygon
161317,"POLYGON((1.3605697644232384 48.73779107357622,1.366921235370504 48.72847854804479,1.3836582196234337 48.73603626145541,1.3803966534613243 48.739885446565346,1.3729293835638634 48.74149862031909,1.3605697644232384 48.73779107357622))"
