id,zonepolygon
161304,"POLYGON((1.8938372407107318 47.90259892071355,1.8949959550051654 47.897851629167754,1.920273092761513 47.89865726082584,1.9183848176150287 47.904440177231294,1.9015620026736224 47.90737454443897,1.8938372407107318 47.90259892071355))"
163236,"POLYGON((1.886275452640982 47.86678441414242,1.8850309076580718 47.86001831225739,1.8999225321087554 47.855382302874084,1.9112092676434234 47.86093970573246,1.9085914316448882 47.8659494961455,1.886275452640982 47.86770568735871,1.886275452640982 47.86678441414242))"
