id,zonepolygon
165117,"POLYGON((2.2828325094042556 51.009567783025105,2.2999128164110916 50.98828538019877,2.326863652592732 51.00017015897775,2.350467091923787 50.98925788551832,2.3903783620653885 50.99692915752626,2.3901208699999588 51.01286190168252,2.412436849003865 51.02128514088272,2.402394658452107 51.02857324750035,2.388318425541951 51.03499662835987,2.370553544622238 51.049498826833386,2.342916062932785 51.05840093497525,2.264037660222824 51.04523599951838,2.2725348983820037 51.018732921227794,2.2828325094042556 51.009567783025105))"
