id,zonepolygon
32578,"POLYGON ((29.00138957270108 37.857824137642886, 29.00482280024014 37.97185442592144, 29.143525192818267 37.97077183465261, 29.178544113716704 37.82474670574457, 29.00138957270108 37.857824137642886))"
26332,"POLYGON ((29.058530657202937 37.72743499883279, 28.99947914353106 37.784980050531644, 29.001800474943593 37.857743541330656, 29.178268370451406 37.82466607327888, 29.176208433927968 37.7514091112788, 29.058530657202937 37.72743499883279))"
