id,zonepolygon
62299,"POLYGON((4.708392108911168 52.37271120584871,4.767786945336949 52.33077005904819,4.783322299951207 52.32772777855212,4.798857654565465 52.32678357999379,4.819628681176793 52.31062417085395,4.775340045922887 52.28290859692096,4.766413654321324 52.28742405848684,4.752509082788121 52.28464132844564,4.742638553613316 52.27852395845017,4.7272319450317735 52.287699696760065,4.730021442407262 52.29414389331499,4.718348468774449 52.30537634047537,4.701182331079137 52.33370723479369,4.708392108911168 52.37271120584871))"
